{"type":"FeatureCollection","features":[{"type":"Feature","geometry":{"type":"Point","coordinates":[12.665815305511149,48.228014495187224]},"properties":{"id":"111","land-id":"09171","name":"Alt\u00f6tting","population":13050,"population_man":6310,"population_woman":6740,"area":23.07}},{"type":"Feature","geometry":{"type":"Point","coordinates":[12.815405311891347,48.164945119666775]},"properties":{"id":"112","land-id":"09171","name":"Burghausen","population":19562,"population_man":9685,"population_woman":9877,"area":19.85}},{"type":"Feature","geometry":{"type":"Point","coordinates":[12.72288625148805,48.150266610322355]},"properties":{"id":"113","land-id":"09171","name":"Burgkirchen a.d.Alz","population":10867,"population_man":5479,"population_woman":5388,"area":46.2}},{"type":"Feature","geometry":{"type":"Point","coordinates":[12.762564184707788,48.20723871795912]},"properties":{"id":"114","land-id":"09171","name":"Emmerting","population":4247,"population_man":2142,"population_woman":2105,"area":14.02}},{"type":"Feature","geometry":{"type":"Point","coordinates":[12.78458169211172,48.30448308923653]},"properties":{"id":"115","land-id":"09171","name":"Erlbach","population":1168,"population_man":580,"population_woman":588,"area":28.07}},{"type":"Feature","geometry":{"type":"Point","coordinates":[12.599849597114478,48.08882231019667]},"properties":{"id":"116","land-id":"09171","name":"Feichten a.d.Alz","population":1359,"population_man":693,"population_woman":666,"area":17.89}},{"type":"Feature","geometry":{"type":"Point","coordinates":[12.586974124988004,48.13518678755853]},"properties":{"id":"117","land-id":"09171","name":"Garching a.d.Alz","population":8471,"population_man":4183,"population_woman":4288,"area":25.92}},{"type":"Feature","geometry":{"type":"Point","coordinates":[12.869489704899685,48.21954753093379]},"properties":{"id":"118","land-id":"09171","name":"Haiming","population":2567,"population_man":1279,"population_woman":1288,"area":28.65}},{"type":"Feature","geometry":{"type":"Point","coordinates":[12.682941584703286,48.11886212847687]},"properties":{"id":"119","land-id":"09171","name":"Halsbach","population":1072,"population_man":554,"population_woman":518,"area":22.0}},{"type":"Feature","geometry":{"type":"Point","coordinates":[12.686793954839896,48.18778379859345]},"properties":{"id":"121","land-id":"09171","name":"Kastl","population":2819,"population_man":1412,"population_woman":1407,"area":27.63}},{"type":"Feature","geometry":{"type":"Point","coordinates":[12.644191283710228,48.098418433816605]},"properties":{"id":"122","land-id":"09171","name":"Kirchweidach","population":2899,"population_man":1475,"population_woman":1424,"area":20.14}},{"type":"Feature","geometry":{"type":"Point","coordinates":[12.833726538535437,48.25533014304002]},"properties":{"id":"123","land-id":"09171","name":"Marktl","population":2814,"population_man":1416,"population_woman":1398,"area":28.01}},{"type":"Feature","geometry":{"type":"Point","coordinates":[12.790932334067927,48.184782154625694]},"properties":{"id":"124","land-id":"09171","name":"Mehring","population":2375,"population_man":1210,"population_woman":1165,"area":23.35}},{"type":"Feature","geometry":{"type":"Point","coordinates":[12.745665469023491,48.24236625605262]},"properties":{"id":"125","land-id":"09171","name":"Neu\u00f6tting","population":9015,"population_man":4413,"population_woman":4602,"area":36.68}},{"type":"Feature","geometry":{"type":"Point","coordinates":[12.769142978318433,48.27121845889484]},"properties":{"id":"126","land-id":"09171","name":"Perach","population":1323,"population_man":637,"population_woman":686,"area":14.18}},{"type":"Feature","geometry":{"type":"Point","coordinates":[12.62881372030877,48.31691061987235]},"properties":{"id":"127","land-id":"09171","name":"Pleiskirchen","population":2459,"population_man":1251,"population_woman":1208,"area":52.53}},{"type":"Feature","geometry":{"type":"Point","coordinates":[12.71425877284662,48.294645364935555]},"properties":{"id":"129","land-id":"09171","name":"Reischach","population":2706,"population_man":1335,"population_woman":1371,"area":28.43}},{"type":"Feature","geometry":{"type":"Point","coordinates":[12.875214336352883,48.25092724255747]},"properties":{"id":"130","land-id":"09171","name":"Stammham","population":983,"population_man":492,"population_woman":491,"area":5.65}},{"type":"Feature","geometry":{"type":"Point","coordinates":[12.611801743530503,48.229770128673664]},"properties":{"id":"131","land-id":"09171","name":"Teising","population":1717,"population_man":866,"population_woman":851,"area":5.38}},{"type":"Feature","geometry":{"type":"Point","coordinates":[12.59324790375286,48.257937630490375]},"properties":{"id":"132","land-id":"09171","name":"T\u00f6ging a.Inn","population":9425,"population_man":4637,"population_woman":4788,"area":13.67}},{"type":"Feature","geometry":{"type":"Point","coordinates":[12.614406037512053,48.206202835981294]},"properties":{"id":"133","land-id":"09171","name":"T\u00fc\u00dfling","population":3232,"population_man":1594,"population_woman":1638,"area":19.6}},{"type":"Feature","geometry":{"type":"Point","coordinates":[12.664743825879404,48.06534163750812]},"properties":{"id":"134","land-id":"09171","name":"Tyrlaching","population":1073,"population_man":539,"population_woman":534,"area":20.54}},{"type":"Feature","geometry":{"type":"Point","coordinates":[12.621548398470095,48.167700887029184]},"properties":{"id":"135","land-id":"09171","name":"Unterneukirchen","population":3453,"population_man":1740,"population_woman":1713,"area":23.22}},{"type":"Feature","geometry":{"type":"Point","coordinates":[12.655798926672915,48.269795211395326]},"properties":{"id":"137","land-id":"09171","name":"Winh\u00f6ring","population":4835,"population_man":2373,"population_woman":2462,"area":24.53}},{"type":"Feature","geometry":{"type":"Point","coordinates":[12.92722723252377,47.819713210729475]},"properties":{"id":"111","land-id":"09172","name":"Ainring","population":9667,"population_man":4753,"population_woman":4914,"area":32.9}},{"type":"Feature","geometry":{"type":"Point","coordinates":[12.8462576727328,47.796832950411215]},"properties":{"id":"112","land-id":"09172","name":"Anger","population":4250,"population_man":2144,"population_woman":2106,"area":45.97}},{"type":"Feature","geometry":{"type":"Point","coordinates":[12.861190528063343,47.730157944729406]},"properties":{"id":"114","land-id":"09172","name":"Bad Reichenhall","population":18464,"population_man":8807,"population_woman":9657,"area":41.96}},{"type":"Feature","geometry":{"type":"Point","coordinates":[12.902207327902042,47.71004911259048]},"properties":{"id":"115","land-id":"09172","name":"Bayerisch Gmain","population":2981,"population_man":1448,"population_woman":1533,"area":12.32}},{"type":"Feature","geometry":{"type":"Point","coordinates":[13.031367032361626,47.64314166780071]},"properties":{"id":"116","land-id":"09172","name":"Berchtesgaden","population":7745,"population_man":3818,"population_woman":3927,"area":35.65}},{"type":"Feature","geometry":{"type":"Point","coordinates":[12.944109803761307,47.66215720220849]},"properties":{"id":"117","land-id":"09172","name":"Bischofswiesen","population":7096,"population_man":3400,"population_woman":3696,"area":62.03}},{"type":"Feature","geometry":{"type":"Point","coordinates":[12.97504560920809,47.84519890728039]},"properties":{"id":"118","land-id":"09172","name":"Freilassing","population":17579,"population_man":8548,"population_woman":9031,"area":14.79}},{"type":"Feature","geometry":{"type":"Point","coordinates":[12.90052922431851,47.92545652074098]},"properties":{"id":"122","land-id":"09172","name":"Laufen","population":7237,"population_man":3689,"population_woman":3548,"area":35.18}},{"type":"Feature","geometry":{"type":"Point","coordinates":[13.044162538337359,47.68309902125021]},"properties":{"id":"124","land-id":"09172","name":"Marktschellenberg","population":1726,"population_man":868,"population_woman":858,"area":17.61}},{"type":"Feature","geometry":{"type":"Point","coordinates":[12.89782031916446,47.77070932088832]},"properties":{"id":"128","land-id":"09172","name":"Piding","population":5249,"population_man":2532,"population_woman":2717,"area":17.63}},{"type":"Feature","geometry":{"type":"Point","coordinates":[12.871510215772233,47.58400446281156]},"properties":{"id":"129","land-id":"09172","name":"Ramsau b.Berchtesgaden","population":1684,"population_man":831,"population_woman":853,"area":129.13}},{"type":"Feature","geometry":{"type":"Point","coordinates":[12.92800219359952,47.87963705184462]},"properties":{"id":"130","land-id":"09172","name":"Saaldorf-Surheim","population":5545,"population_man":2756,"population_woman":2789,"area":39.18}},{"type":"Feature","geometry":{"type":"Point","coordinates":[12.796941399955779,47.68831736749687]},"properties":{"id":"131","land-id":"09172","name":"Schneizlreuth","population":1381,"population_man":695,"population_woman":686,"area":107.35}},{"type":"Feature","geometry":{"type":"Point","coordinates":[12.987296074389336,47.54347628283919]},"properties":{"id":"132","land-id":"09172","name":"Sch\u00f6nau a.K\u00f6nigssee","population":5398,"population_man":2625,"population_woman":2773,"area":131.57}},{"type":"Feature","geometry":{"type":"Point","coordinates":[12.807402907847433,47.84978828916088]},"properties":{"id":"134","land-id":"09172","name":"Teisendorf","population":9283,"population_man":4601,"population_woman":4682,"area":86.67}},{"type":"Feature","geometry":{"type":"Point","coordinates":[11.450698836593128,47.754665319716096]},"properties":{"id":"111","land-id":"09173","name":"Bad Heilbrunn","population":3857,"population_man":1912,"population_woman":1945,"area":40.3}},{"type":"Feature","geometry":{"type":"Point","coordinates":[11.571920580818308,47.78298763619729]},"properties":{"id":"112","land-id":"09173","name":"Bad T\u00f6lz","population":19751,"population_man":9640,"population_woman":10111,"area":30.79}},{"type":"Feature","geometry":{"type":"Point","coordinates":[11.422255275718904,47.68960107003697]},"properties":{"id":"113","land-id":"09173","name":"Benediktbeuern","population":3679,"population_man":1758,"population_woman":1921,"area":37.85}},{"type":"Feature","geometry":{"type":"Point","coordinates":[11.432706844719684,47.719232397304644]},"properties":{"id":"115","land-id":"09173","name":"Bichl","population":2335,"population_man":1157,"population_woman":1178,"area":13.92}},{"type":"Feature","geometry":{"type":"Point","coordinates":[11.57542020369527,47.86909191973282]},"properties":{"id":"118","land-id":"09173","name":"Dietramszell","population":5590,"population_man":2842,"population_woman":2748,"area":96.79}},{"type":"Feature","geometry":{"type":"Point","coordinates":[11.513798597570966,47.92773375253024]},"properties":{"id":"120","land-id":"09173","name":"Egling","population":5343,"population_man":2729,"population_woman":2614,"area":74.28}},{"type":"Feature","geometry":{"type":"Point","coordinates":[11.40143790730372,47.83456924397005]},"properties":{"id":"123","land-id":"09173","name":"Eurasburg","population":4334,"population_man":2191,"population_woman":2143,"area":40.9}},{"type":"Feature","geometry":{"type":"Point","coordinates":[11.6097606396759,47.7168575248287]},"properties":{"id":"124","land-id":"09173","name":"Gai\u00dfach","population":3171,"population_man":1583,"population_woman":1588,"area":38.35}},{"type":"Feature","geometry":{"type":"Point","coordinates":[11.4537373182874,47.87102409797549]},"properties":{"id":"126","land-id":"09173","name":"Geretsried","population":26084,"population_man":12991,"population_woman":13093,"area":24.59}},{"type":"Feature","geometry":{"type":"Point","coordinates":[11.608540896827307,47.75593604809661]},"properties":{"id":"127","land-id":"09173","name":"Greiling","population":1458,"population_man":720,"population_woman":738,"area":7.67}},{"type":"Feature","geometry":{"type":"Point","coordinates":[11.423554493322866,47.94711226427987]},"properties":{"id":"130","land-id":"09173","name":"Icking","population":3702,"population_man":1806,"population_woman":1896,"area":16.99}},{"type":"Feature","geometry":{"type":"Point","coordinates":[11.429207117994984,47.595934797989244]},"properties":{"id":"131","land-id":"09173","name":"Jachenau","population":824,"population_man":415,"population_woman":409,"area":128.67}},{"type":"Feature","geometry":{"type":"Point","coordinates":[11.353049712199429,47.62805304406266]},"properties":{"id":"133","land-id":"09173","name":"Kochel a.See","population":4117,"population_man":2015,"population_woman":2102,"area":80.11}},{"type":"Feature","geometry":{"type":"Point","coordinates":[11.466877418798289,47.81261199722089]},"properties":{"id":"134","land-id":"09173","name":"K\u00f6nigsdorf","population":3155,"population_man":1567,"population_woman":1588,"area":45.7}},{"type":"Feature","geometry":{"type":"Point","coordinates":[11.534393693127605,47.59633735805474]},"properties":{"id":"135","land-id":"09173","name":"Lenggries","population":10073,"population_man":4891,"population_woman":5182,"area":243.0}},{"type":"Feature","geometry":{"type":"Point","coordinates":[11.362731853662652,47.874310611065454]},"properties":{"id":"137","land-id":"09173","name":"M\u00fcnsing","population":4381,"population_man":2177,"population_woman":2204,"area":52.19}},{"type":"Feature","geometry":{"type":"Point","coordinates":[11.632263997040887,47.76372168494055]},"properties":{"id":"140","land-id":"09173","name":"Reichersbeuern","population":2369,"population_man":1173,"population_woman":1196,"area":15.36}},{"type":"Feature","geometry":{"type":"Point","coordinates":[11.629492485157886,47.80858941492906]},"properties":{"id":"141","land-id":"09173","name":"Sachsenkam","population":1342,"population_man":680,"population_woman":662,"area":15.93}},{"type":"Feature","geometry":{"type":"Point","coordinates":[11.307165911648802,47.64564559127919]},"properties":{"id":"142","land-id":"09173","name":"Schlehdorf","population":1337,"population_man":640,"population_woman":697,"area":25.41}},{"type":"Feature","geometry":{"type":"Point","coordinates":[11.515527182078435,47.74069772117219]},"properties":{"id":"145","land-id":"09173","name":"Wackersberg","population":3686,"population_man":1842,"population_woman":1844,"area":64.92}},{"type":"Feature","geometry":{"type":"Point","coordinates":[11.427153506592777,47.90921099970277]},"properties":{"id":"147","land-id":"09173","name":"Wolfratshausen","population":19494,"population_man":9529,"population_woman":9965,"area":9.09}},{"type":"Feature","geometry":{"type":"Point","coordinates":[11.237863685159581,48.38968276429141]},"properties":{"id":"111","land-id":"09174","name":"Altom\u00fcnster","population":7758,"population_man":3888,"population_woman":3870,"area":75.69}},{"type":"Feature","geometry":{"type":"Point","coordinates":[11.359969538423648,48.25551417071082]},"properties":{"id":"113","land-id":"09174","name":"Bergkirchen","population":7462,"population_man":3860,"population_woman":3602,"area":60.04}},{"type":"Feature","geometry":{"type":"Point","coordinates":[11.43987395201555,48.26806848336261]},"properties":{"id":"115","land-id":"09174","name":"Dachau","population":46364,"population_man":22859,"population_woman":23505,"area":34.96}},{"type":"Feature","geometry":{"type":"Point","coordinates":[11.283275659893317,48.33272667024057]},"properties":{"id":"118","land-id":"09174","name":"Erdweg","population":6181,"population_man":3165,"population_woman":3016,"area":36.1}},{"type":"Feature","geometry":{"type":"Point","coordinates":[11.541886711295067,48.31601939473385]},"properties":{"id":"121","land-id":"09174","name":"Haimhausen","population":5635,"population_man":2861,"population_woman":2774,"area":26.89}},{"type":"Feature","geometry":{"type":"Point","coordinates":[11.480487303298508,48.2970469168807]},"properties":{"id":"122","land-id":"09174","name":"Hebertshausen","population":5961,"population_man":3041,"population_woman":2920,"area":29.63}},{"type":"Feature","geometry":{"type":"Point","coordinates":[11.462746831540246,48.22964324700311]},"properties":{"id":"126","land-id":"09174","name":"Karlsfeld","population":21442,"population_man":10711,"population_woman":10731,"area":15.55}},{"type":"Feature","geometry":{"type":"Point","coordinates":[11.359766821670648,48.369782417800195]},"properties":{"id":"131","land-id":"09174","name":"Markt Indersdorf","population":10086,"population_man":5061,"population_woman":5025,"area":68.34}},{"type":"Feature","geometry":{"type":"Point","coordinates":[11.208007905008618,48.317810385917724]},"properties":{"id":"135","land-id":"09174","name":"Odelzhausen","population":5643,"population_man":2839,"population_woman":2804,"area":30.37}},{"type":"Feature","geometry":{"type":"Point","coordinates":[11.476817893993395,48.4076248704026]},"properties":{"id":"136","land-id":"09174","name":"Petershausen","population":6383,"population_man":3165,"population_woman":3218,"area":32.8}},{"type":"Feature","geometry":{"type":"Point","coordinates":[11.144914109926704,48.29907527027679]},"properties":{"id":"137","land-id":"09174","name":"Pfaffenhofen a.d.Glonn","population":2289,"population_man":1152,"population_woman":1137,"area":20.91}},{"type":"Feature","geometry":{"type":"Point","coordinates":[11.458289296206297,48.3317640257054]},"properties":{"id":"141","land-id":"09174","name":"R\u00f6hrmoos","population":6448,"population_man":3263,"population_woman":3185,"area":31.75}},{"type":"Feature","geometry":{"type":"Point","coordinates":[11.342645076797224,48.30766767003549]},"properties":{"id":"143","land-id":"09174","name":"Schwabhausen","population":6302,"population_man":3195,"population_woman":3107,"area":30.28}},{"type":"Feature","geometry":{"type":"Point","coordinates":[11.256574835171046,48.28756148584982]},"properties":{"id":"146","land-id":"09174","name":"Sulzemoos","population":2864,"population_man":1426,"population_woman":1438,"area":19.03}},{"type":"Feature","geometry":{"type":"Point","coordinates":[11.327037870461476,48.43207814505197]},"properties":{"id":"147","land-id":"09174","name":"Hilgertshausen-Tandern","population":3365,"population_man":1713,"population_woman":1652,"area":28.68}},{"type":"Feature","geometry":{"type":"Point","coordinates":[11.466255025323859,48.36535919382131]},"properties":{"id":"150","land-id":"09174","name":"Vierkirchen","population":4614,"population_man":2312,"population_woman":2302,"area":19.37}},{"type":"Feature","geometry":{"type":"Point","coordinates":[11.415024809837732,48.386966816715784]},"properties":{"id":"151","land-id":"09174","name":"Weichs","population":3566,"population_man":1716,"population_woman":1850,"area":18.85}},{"type":"Feature","geometry":{"type":"Point","coordinates":[11.854342792880363,48.158140222903846]},"properties":{"id":"111","land-id":"09175","name":"Anzing","population":4351,"population_man":2255,"population_woman":2096,"area":16.21}},{"type":"Feature","geometry":{"type":"Point","coordinates":[11.993184180680966,47.99137595252014]},"properties":{"id":"112","land-id":"09175","name":"A\u00dfling","population":4545,"population_man":2235,"population_woman":2310,"area":31.31}},{"type":"Feature","geometry":{"type":"Point","coordinates":[11.91324758252467,48.07614320899845]},"properties":{"id":"113","land-id":"09175","name":"Baiern","population":1479,"population_man":746,"population_woman":733,"area":19.97}},{"type":"Feature","geometry":{"type":"Point","coordinates":[11.91746503605894,48.02382729044997]},"properties":{"id":"114","land-id":"09175","name":"Bruck","population":1341,"population_man":677,"population_woman":664,"area":21.63}},{"type":"Feature","geometry":{"type":"Point","coordinates":[11.980533851147129,48.081630757077]},"properties":{"id":"115","land-id":"09175","name":"Ebersberg","population":12240,"population_man":6033,"population_woman":6207,"area":40.83}},{"type":"Feature","geometry":{"type":"Point","coordinates":[11.80249046529887,47.99483209500703]},"properties":{"id":"116","land-id":"09175","name":"Egmating","population":2299,"population_man":1174,"population_woman":1125,"area":19.25}},{"type":"Feature","geometry":{"type":"Point","coordinates":[11.905567772532155,48.1747683077456]},"properties":{"id":"118","land-id":"09175","name":"Forstinning","population":3730,"population_man":1888,"population_woman":1842,"area":12.33}},{"type":"Feature","geometry":{"type":"Point","coordinates":[12.046791477722584,48.03374545089473]},"properties":{"id":"119","land-id":"09175","name":"Frauenneuharting","population":1557,"population_man":763,"population_woman":794,"area":22.67}},{"type":"Feature","geometry":{"type":"Point","coordinates":[11.864609852638672,47.98632617365871]},"properties":{"id":"121","land-id":"09175","name":"Glonn","population":4999,"population_man":2503,"population_woman":2496,"area":30.17}},{"type":"Feature","geometry":{"type":"Point","coordinates":[11.97469287623484,48.03657591414757]},"properties":{"id":"122","land-id":"09175","name":"Grafing b.M\u00fcnchen","population":13953,"population_man":6818,"population_woman":7135,"area":29.59}},{"type":"Feature","geometry":{"type":"Point","coordinates":[11.998690179857086,48.15014418590451]},"properties":{"id":"123","land-id":"09175","name":"Hohenlinden","population":3298,"population_man":1713,"population_woman":1585,"area":17.3}},{"type":"Feature","geometry":{"type":"Point","coordinates":[11.878792923081672,48.06734445711717]},"properties":{"id":"124","land-id":"09175","name":"Kirchseeon","population":10373,"population_man":5254,"population_woman":5119,"area":17.93}},{"type":"Feature","geometry":{"type":"Point","coordinates":[11.862195985960657,48.19100341972629]},"properties":{"id":"127","land-id":"09175","name":"Markt Schwaben","population":13588,"population_man":6836,"population_woman":6752,"area":10.83}},{"type":"Feature","geometry":{"type":"Point","coordinates":[11.872992836690747,48.03770380896456]},"properties":{"id":"128","land-id":"09175","name":"Moosach","population":1435,"population_man":717,"population_woman":718,"area":18.17}},{"type":"Feature","geometry":{"type":"Point","coordinates":[11.813982143629048,48.032218525946725]},"properties":{"id":"131","land-id":"09175","name":"Oberpframmern","population":2448,"population_man":1259,"population_woman":1189,"area":18.51}},{"type":"Feature","geometry":{"type":"Point","coordinates":[11.793155696079486,48.12710941483947]},"properties":{"id":"132","land-id":"09175","name":"Vaterstetten","population":24404,"population_man":12020,"population_woman":12384,"area":34.14}},{"type":"Feature","geometry":{"type":"Point","coordinates":[11.795361023333763,48.19823657680372]},"properties":{"id":"133","land-id":"09175","name":"Pliening","population":5837,"population_man":2925,"population_woman":2912,"area":22.82}},{"type":"Feature","geometry":{"type":"Point","coordinates":[11.802583298960954,48.16826821342379]},"properties":{"id":"135","land-id":"09175","name":"Poing","population":16588,"population_man":8290,"population_woman":8298,"area":12.9}},{"type":"Feature","geometry":{"type":"Point","coordinates":[12.06231382092541,47.99339998534674]},"properties":{"id":"136","land-id":"09175","name":"Emmering","population":1442,"population_man":736,"population_woman":706,"area":17.3}},{"type":"Feature","geometry":{"type":"Point","coordinates":[12.043047613096947,48.098854265582744]},"properties":{"id":"137","land-id":"09175","name":"Steinh\u00f6ring","population":3846,"population_man":1885,"population_woman":1961,"area":36.32}},{"type":"Feature","geometry":{"type":"Point","coordinates":[11.819662526984159,48.082473481875176]},"properties":{"id":"139","land-id":"09175","name":"Zorneding","population":9468,"population_man":4710,"population_woman":4758,"area":23.87}},{"type":"Feature","geometry":{"type":"Point","coordinates":[11.203770099450674,48.84423850873205]},"properties":{"id":"111","land-id":"09176","name":"Adelschlag","population":3025,"population_man":1520,"population_woman":1505,"area":51.87}},{"type":"Feature","geometry":{"type":"Point","coordinates":[11.617833927888494,48.90841576677414]},"properties":{"id":"112","land-id":"09176","name":"Altmannstein","population":7180,"population_man":3672,"population_woman":3508,"area":114.15}},{"type":"Feature","geometry":{"type":"Point","coordinates":[11.49593383691475,49.01304622667974]},"properties":{"id":"114","land-id":"09176","name":"Beilngries","population":10133,"population_man":5205,"population_woman":4928,"area":100.02}},{"type":"Feature","geometry":{"type":"Point","coordinates":[11.370094723507508,48.86991310171138]},"properties":{"id":"116","land-id":"09176","name":"B\u00f6hmfeld","population":1701,"population_man":875,"population_woman":826,"area":16.27}},{"type":"Feature","geometry":{"type":"Point","coordinates":[11.286436731224878,48.81432854846206]},"properties":{"id":"118","land-id":"09176","name":"Buxheim","population":3733,"population_man":1875,"population_woman":1858,"area":22.49}},{"type":"Feature","geometry":{"type":"Point","coordinates":[11.469378063118661,48.927594525587644]},"properties":{"id":"120","land-id":"09176","name":"Denkendorf","population":5037,"population_man":2571,"population_woman":2466,"area":47.78}},{"type":"Feature","geometry":{"type":"Point","coordinates":[11.090900221385327,48.870671425224934]},"properties":{"id":"121","land-id":"09176","name":"Dollnstein","population":2910,"population_man":1475,"population_woman":1435,"area":40.55}},{"type":"Feature","geometry":{"type":"Point","coordinates":[11.224681842301843,48.78719174636778]},"properties":{"id":"122","land-id":"09176","name":"Egweil","population":1241,"population_man":607,"population_woman":634,"area":9.4}},{"type":"Feature","geometry":{"type":"Point","coordinates":[11.195405954523562,48.889216018572085]},"properties":{"id":"123","land-id":"09176","name":"Eichst\u00e4tt","population":13802,"population_man":6712,"population_woman":7090,"area":47.8}},{"type":"Feature","geometry":{"type":"Point","coordinates":[11.315008288943039,48.82628985408055]},"properties":{"id":"124","land-id":"09176","name":"Eitensheim","population":2992,"population_man":1516,"population_woman":1476,"area":15.7}},{"type":"Feature","geometry":{"type":"Point","coordinates":[11.36400972905655,48.813647759944125]},"properties":{"id":"126","land-id":"09176","name":"Gaimersheim","population":12527,"population_man":6303,"population_woman":6224,"area":28.21}},{"type":"Feature","geometry":{"type":"Point","coordinates":[11.543377734429031,48.780465669199124]},"properties":{"id":"129","land-id":"09176","name":"Gro\u00dfmehring","population":7478,"population_man":3839,"population_woman":3639,"area":47.47}},{"type":"Feature","geometry":{"type":"Point","coordinates":[11.46048771247952,48.827910123331414]},"properties":{"id":"131","land-id":"09176","name":"Hepberg","population":3025,"population_man":1506,"population_woman":1519,"area":4.17}},{"type":"Feature","geometry":{"type":"Point","coordinates":[11.315882075989384,48.87463969424668]},"properties":{"id":"132","land-id":"09176","name":"Hitzhofen","population":3002,"population_man":1534,"population_woman":1468,"area":33.69}},{"type":"Feature","geometry":{"type":"Point","coordinates":[11.377494780456754,48.99903885470107]},"properties":{"id":"137","land-id":"09176","name":"Kinding","population":2527,"population_man":1266,"population_woman":1261,"area":51.66}},{"type":"Feature","geometry":{"type":"Point","coordinates":[11.38266278153991,48.93891855392054]},"properties":{"id":"138","land-id":"09176","name":"Kipfenberg","population":5774,"population_man":2957,"population_woman":2817,"area":81.38}},{"type":"Feature","geometry":{"type":"Point","coordinates":[11.521659670086411,48.84043626734559]},"properties":{"id":"139","land-id":"09176","name":"K\u00f6sching","population":9716,"population_man":4958,"population_woman":4758,"area":55.64}},{"type":"Feature","geometry":{"type":"Point","coordinates":[11.454890312543382,48.80931637348443]},"properties":{"id":"143","land-id":"09176","name":"Lenting","population":4926,"population_man":2473,"population_woman":2453,"area":8.48}},{"type":"Feature","geometry":{"type":"Point","coordinates":[11.636568515283532,48.85403696678155]},"properties":{"id":"147","land-id":"09176","name":"Mindelstetten","population":1820,"population_man":938,"population_woman":882,"area":22.73}},{"type":"Feature","geometry":{"type":"Point","coordinates":[11.011683773775534,48.856333258035185]},"properties":{"id":"148","land-id":"09176","name":"M\u00f6rnsheim","population":1568,"population_man":796,"population_woman":772,"area":33.48}},{"type":"Feature","geometry":{"type":"Point","coordinates":[11.221668291591302,48.80544712035653]},"properties":{"id":"149","land-id":"09176","name":"Nassenfels","population":2360,"population_man":1216,"population_woman":1144,"area":18.49}},{"type":"Feature","geometry":{"type":"Point","coordinates":[11.597326269198724,48.836221148886644]},"properties":{"id":"150","land-id":"09176","name":"Oberdolling","population":1357,"population_man":670,"population_woman":687,"area":19.31}},{"type":"Feature","geometry":{"type":"Point","coordinates":[11.687631094347402,48.81969045914055]},"properties":{"id":"153","land-id":"09176","name":"Pf\u00f6rring","population":4156,"population_man":2131,"population_woman":2025,"area":43.4}},{"type":"Feature","geometry":{"type":"Point","coordinates":[11.211442978177457,48.944524075201464]},"properties":{"id":"155","land-id":"09176","name":"Pollenfeld","population":3033,"population_man":1536,"population_woman":1497,"area":45.67}},{"type":"Feature","geometry":{"type":"Point","coordinates":[11.106807576421124,48.92575477607597]},"properties":{"id":"160","land-id":"09176","name":"Schernfeld","population":3267,"population_man":1667,"population_woman":1600,"area":52.32}},{"type":"Feature","geometry":{"type":"Point","coordinates":[11.462956622240371,48.86703940299689]},"properties":{"id":"161","land-id":"09176","name":"Stammham","population":4122,"population_man":2091,"population_woman":2031,"area":39.16}},{"type":"Feature","geometry":{"type":"Point","coordinates":[11.217567232633842,49.000871716628346]},"properties":{"id":"164","land-id":"09176","name":"Titting","population":2719,"population_man":1463,"population_woman":1256,"area":71.07}},{"type":"Feature","geometry":{"type":"Point","coordinates":[11.303471503089302,48.92038229073347]},"properties":{"id":"165","land-id":"09176","name":"Walting","population":2330,"population_man":1199,"population_woman":1131,"area":39.78}},{"type":"Feature","geometry":{"type":"Point","coordinates":[11.099659803976152,48.81896070522126]},"properties":{"id":"166","land-id":"09176","name":"Wellheim","population":2773,"population_man":1382,"population_woman":1391,"area":33.73}},{"type":"Feature","geometry":{"type":"Point","coordinates":[11.411146233222812,48.83382917753185]},"properties":{"id":"167","land-id":"09176","name":"Wettstetten","population":5018,"population_man":2551,"population_woman":2467,"area":12.41}},{"type":"Feature","geometry":{"type":"Point","coordinates":[11.921078413083219,48.39188226123373]},"properties":{"id":"112","land-id":"09177","name":"Berglern","population":2959,"population_man":1512,"population_woman":1447,"area":19.91}},{"type":"Feature","geometry":{"type":"Point","coordinates":[11.996275696593134,48.30785604294809]},"properties":{"id":"113","land-id":"09177","name":"Bockhorn","population":4065,"population_man":2025,"population_woman":2040,"area":47.24}},{"type":"Feature","geometry":{"type":"Point","coordinates":[12.00033196360815,48.216677641658094]},"properties":{"id":"114","land-id":"09177","name":"Buch a.Buchrain","population":1639,"population_man":854,"population_woman":785,"area":22.79}},{"type":"Feature","geometry":{"type":"Point","coordinates":[12.165745292650335,48.280202152875084]},"properties":{"id":"115","land-id":"09177","name":"Dorfen","population":14788,"population_man":7396,"population_woman":7392,"area":99.51}},{"type":"Feature","geometry":{"type":"Point","coordinates":[11.870719076832527,48.37843429433527]},"properties":{"id":"116","land-id":"09177","name":"Eitting","population":3026,"population_man":1575,"population_woman":1451,"area":35.67}},{"type":"Feature","geometry":{"type":"Point","coordinates":[11.914185049759308,48.3063897667072]},"properties":{"id":"117","land-id":"09177","name":"Erding","population":36941,"population_man":17868,"population_woman":19073,"area":54.54}},{"type":"Feature","geometry":{"type":"Point","coordinates":[11.795794147522466,48.231211242737906]},"properties":{"id":"118","land-id":"09177","name":"Finsing","population":4793,"population_man":2411,"population_woman":2382,"area":23.14}},{"type":"Feature","geometry":{"type":"Point","coordinates":[11.973822720588494,48.179966283744896]},"properties":{"id":"119","land-id":"09177","name":"Forstern","population":3719,"population_man":1901,"population_woman":1818,"area":15.41}},{"type":"Feature","geometry":{"type":"Point","coordinates":[12.00179746826607,48.36042744386234]},"properties":{"id":"120","land-id":"09177","name":"Fraunberg","population":3841,"population_man":1904,"population_woman":1937,"area":42.36}},{"type":"Feature","geometry":{"type":"Point","coordinates":[12.132261798288164,48.39727899872423]},"properties":{"id":"121","land-id":"09177","name":"Hohenpolding","population":1642,"population_man":860,"population_woman":782,"area":27.45}},{"type":"Feature","geometry":{"type":"Point","coordinates":[12.075082450919956,48.343044740630624]},"properties":{"id":"122","land-id":"09177","name":"Inning a.Holz","population":1576,"population_man":788,"population_woman":788,"area":11.89}},{"type":"Feature","geometry":{"type":"Point","coordinates":[12.05857751794968,48.19110748854694]},"properties":{"id":"123","land-id":"09177","name":"Isen","population":5586,"population_man":2848,"population_woman":2738,"area":43.82}},{"type":"Feature","geometry":{"type":"Point","coordinates":[12.062362447183911,48.40879855358757]},"properties":{"id":"124","land-id":"09177","name":"Kirchberg","population":1161,"population_man":595,"population_woman":566,"area":17.1}},{"type":"Feature","geometry":{"type":"Point","coordinates":[11.96769258045455,48.426187271000906]},"properties":{"id":"126","land-id":"09177","name":"Langenpreising","population":2884,"population_man":1504,"population_woman":1380,"area":27.44}},{"type":"Feature","geometry":{"type":"Point","coordinates":[12.046722129290298,48.260573279070506]},"properties":{"id":"127","land-id":"09177","name":"Lengdorf","population":2713,"population_man":1376,"population_woman":1337,"area":33.89}},{"type":"Feature","geometry":{"type":"Point","coordinates":[11.807934969637659,48.27744908209045]},"properties":{"id":"130","land-id":"09177","name":"Moosinning","population":6119,"population_man":3123,"population_woman":2996,"area":40.01}},{"type":"Feature","geometry":{"type":"Point","coordinates":[11.833685813553831,48.24388958755088]},"properties":{"id":"131","land-id":"09177","name":"Neuching","population":2789,"population_man":1436,"population_woman":1353,"area":19.68}},{"type":"Feature","geometry":{"type":"Point","coordinates":[11.8240026911773,48.33266038048026]},"properties":{"id":"133","land-id":"09177","name":"Oberding","population":6297,"population_man":3248,"population_woman":3049,"area":64.71}},{"type":"Feature","geometry":{"type":"Point","coordinates":[11.884922989744476,48.21249098481276]},"properties":{"id":"134","land-id":"09177","name":"Ottenhofen","population":1926,"population_man":975,"population_woman":951,"area":10.26}},{"type":"Feature","geometry":{"type":"Point","coordinates":[11.941217166977562,48.20708452874583]},"properties":{"id":"135","land-id":"09177","name":"Pastetten","population":2843,"population_man":1490,"population_woman":1353,"area":22.09}},{"type":"Feature","geometry":{"type":"Point","coordinates":[12.146990606044758,48.21961752773088]},"properties":{"id":"137","land-id":"09177","name":"Sankt Wolfgang","population":4592,"population_man":2406,"population_woman":2186,"area":46.35}},{"type":"Feature","geometry":{"type":"Point","coordinates":[12.083507445178226,48.37649301457719]},"properties":{"id":"138","land-id":"09177","name":"Steinkirchen","population":1347,"population_man":699,"population_woman":648,"area":18.08}},{"type":"Feature","geometry":{"type":"Point","coordinates":[12.146668061488137,48.339123071886796]},"properties":{"id":"139","land-id":"09177","name":"Taufkirchen (Vils)","population":10605,"population_man":5319,"population_woman":5286,"area":70.21}},{"type":"Feature","geometry":{"type":"Point","coordinates":[11.976692173565148,48.25877446586034]},"properties":{"id":"142","land-id":"09177","name":"Walpertskirchen","population":2157,"population_man":1116,"population_woman":1041,"area":18.46}},{"type":"Feature","geometry":{"type":"Point","coordinates":[11.984463376583212,48.39474835845505]},"properties":{"id":"143","land-id":"09177","name":"Wartenberg","population":5576,"population_man":2832,"population_woman":2744,"area":17.92}},{"type":"Feature","geometry":{"type":"Point","coordinates":[11.913742577320669,48.24146313591506]},"properties":{"id":"144","land-id":"09177","name":"W\u00f6rth","population":4333,"population_man":2192,"population_woman":2141,"area":21.04}},{"type":"Feature","geometry":{"type":"Point","coordinates":[11.590388394540636,48.433959309439096]},"properties":{"id":"113","land-id":"09178","name":"Allershausen","population":5884,"population_man":3086,"population_woman":2798,"area":26.51}},{"type":"Feature","geometry":{"type":"Point","coordinates":[11.75318940392386,48.505140293391456]},"properties":{"id":"115","land-id":"09178","name":"Attenkirchen","population":2753,"population_man":1391,"population_woman":1362,"area":16.13}},{"type":"Feature","geometry":{"type":"Point","coordinates":[11.717082633340318,48.550131195244994]},"properties":{"id":"116","land-id":"09178","name":"Au i.d.Hallertau","population":6287,"population_man":3208,"population_woman":3079,"area":55.0}},{"type":"Feature","geometry":{"type":"Point","coordinates":[11.625433072739039,48.29699678911215]},"properties":{"id":"120","land-id":"09178","name":"Eching","population":14555,"population_man":7504,"population_woman":7051,"area":37.28}},{"type":"Feature","geometry":{"type":"Point","coordinates":[11.783356019981793,48.58743671267852]},"properties":{"id":"122","land-id":"09178","name":"Rudelzhausen","population":3527,"population_man":1822,"population_woman":1705,"area":40.86}},{"type":"Feature","geometry":{"type":"Point","coordinates":[11.563019790429179,48.363116621624386]},"properties":{"id":"123","land-id":"09178","name":"Fahrenzhausen","population":5043,"population_man":2620,"population_woman":2423,"area":37.63}},{"type":"Feature","geometry":{"type":"Point","coordinates":[11.726640391429884,48.3920192826634]},"properties":{"id":"124","land-id":"09178","name":"Freising","population":48651,"population_man":24422,"population_woman":24229,"area":88.64}},{"type":"Feature","geometry":{"type":"Point","coordinates":[11.936753799958312,48.55547510161838]},"properties":{"id":"125","land-id":"09178","name":"Gammelsdorf","population":1575,"population_man":807,"population_woman":768,"area":21.64}},{"type":"Feature","geometry":{"type":"Point","coordinates":[11.835345401137328,48.47019474933076]},"properties":{"id":"129","land-id":"09178","name":"Haag a.d.Amper","population":2724,"population_man":1379,"population_woman":1345,"area":21.71}},{"type":"Feature","geometry":{"type":"Point","coordinates":[11.73270080707775,48.31406141305271]},"properties":{"id":"130","land-id":"09178","name":"Hallbergmoos","population":11982,"population_man":6390,"population_woman":5592,"area":35.07}},{"type":"Feature","geometry":{"type":"Point","coordinates":[11.870675887560543,48.557313035204984]},"properties":{"id":"132","land-id":"09178","name":"H\u00f6rgertshausen","population":1998,"population_man":999,"population_woman":999,"area":21.43}},{"type":"Feature","geometry":{"type":"Point","coordinates":[11.533503896542475,48.425817570704375]},"properties":{"id":"133","land-id":"09178","name":"Hohenkammer","population":2685,"population_man":1399,"population_woman":1286,"area":25.74}},{"type":"Feature","geometry":{"type":"Point","coordinates":[11.662218821736186,48.45910711234524]},"properties":{"id":"136","land-id":"09178","name":"Kirchdorf a.d.Amper","population":3361,"population_man":1736,"population_woman":1625,"area":32.95}},{"type":"Feature","geometry":{"type":"Point","coordinates":[11.626915527058097,48.40485506169042]},"properties":{"id":"137","land-id":"09178","name":"Kranzberg","population":4255,"population_man":2157,"population_woman":2098,"area":39.54}},{"type":"Feature","geometry":{"type":"Point","coordinates":[11.85477580762083,48.43439333161681]},"properties":{"id":"138","land-id":"09178","name":"Langenbach","population":4026,"population_man":2028,"population_woman":1998,"area":26.92}},{"type":"Feature","geometry":{"type":"Point","coordinates":[11.806410161321251,48.405429994758386]},"properties":{"id":"140","land-id":"09178","name":"Marzling","population":3296,"population_man":1689,"population_woman":1607,"area":20.5}},{"type":"Feature","geometry":{"type":"Point","coordinates":[11.902197623605241,48.52419975368271]},"properties":{"id":"142","land-id":"09178","name":"Mauern","population":3127,"population_man":1580,"population_woman":1547,"area":24.19}},{"type":"Feature","geometry":{"type":"Point","coordinates":[11.939345643130324,48.461894955232026]},"properties":{"id":"143","land-id":"09178","name":"Moosburg a.d.Isar","population":19970,"population_man":10097,"population_woman":9873,"area":43.94}},{"type":"Feature","geometry":{"type":"Point","coordinates":[11.81124874401852,48.53079282631738]},"properties":{"id":"144","land-id":"09178","name":"Nandlstadt","population":5621,"population_man":2842,"population_woman":2779,"area":34.35}},{"type":"Feature","geometry":{"type":"Point","coordinates":[11.655273114802636,48.33478106612973]},"properties":{"id":"145","land-id":"09178","name":"Neufahrn b.Freising","population":21122,"population_man":11043,"population_woman":10079,"area":45.52}},{"type":"Feature","geometry":{"type":"Point","coordinates":[11.566910841344107,48.470693092734905]},"properties":{"id":"150","land-id":"09178","name":"Paunzhausen","population":1598,"population_man":812,"population_woman":786,"area":12.73}},{"type":"Feature","geometry":{"type":"Point","coordinates":[11.918456144094128,48.49747614918099]},"properties":{"id":"155","land-id":"09178","name":"Wang","population":2445,"population_man":1264,"population_woman":1181,"area":31.12}},{"type":"Feature","geometry":{"type":"Point","coordinates":[11.707023471089222,48.49208052338278]},"properties":{"id":"156","land-id":"09178","name":"Wolfersdorf","population":2613,"population_man":1349,"population_woman":1264,"area":26.05}},{"type":"Feature","geometry":{"type":"Point","coordinates":[11.76800759771774,48.468503860449886]},"properties":{"id":"157","land-id":"09178","name":"Zolling","population":4993,"population_man":2530,"population_woman":2463,"area":34.52}},{"type":"Feature","geometry":{"type":"Point","coordinates":[11.104563207104935,48.19252808183247]},"properties":{"id":"111","land-id":"09179","name":"Adelshofen","population":1869,"population_man":949,"population_woman":920,"area":13.29}},{"type":"Feature","geometry":{"type":"Point","coordinates":[11.279005755238648,48.14308411949265]},"properties":{"id":"113","land-id":"09179","name":"Alling","population":4096,"population_man":2110,"population_woman":1986,"area":21.04}},{"type":"Feature","geometry":{"type":"Point","coordinates":[11.070433838643162,48.22591991181421]},"properties":{"id":"114","land-id":"09179","name":"Althegnenberg","population":2033,"population_man":1033,"population_woman":1000,"area":16.07}},{"type":"Feature","geometry":{"type":"Point","coordinates":[11.185129975360557,48.26071648782062]},"properties":{"id":"117","land-id":"09179","name":"Egenhofen","population":3442,"population_man":1727,"population_woman":1715,"area":33.43}},{"type":"Feature","geometry":{"type":"Point","coordinates":[11.314961923925873,48.16524549464101]},"properties":{"id":"118","land-id":"09179","name":"Eichenau","population":11573,"population_man":5600,"population_woman":5973,"area":6.93}},{"type":"Feature","geometry":{"type":"Point","coordinates":[11.294649492591503,48.1815517446544]},"properties":{"id":"119","land-id":"09179","name":"Emmering","population":6715,"population_man":3349,"population_woman":3366,"area":10.91}},{"type":"Feature","geometry":{"type":"Point","coordinates":[11.229448265545594,48.17793352626157]},"properties":{"id":"121","land-id":"09179","name":"F\u00fcrstenfeldbruck","population":36809,"population_man":17949,"population_woman":18860,"area":32.64}},{"type":"Feature","geometry":{"type":"Point","coordinates":[11.360341934979402,48.12898965720481]},"properties":{"id":"123","land-id":"09179","name":"Germering","population":40735,"population_man":20031,"population_woman":20704,"area":21.6}},{"type":"Feature","geometry":{"type":"Point","coordinates":[11.166981806258224,48.12297844044038]},"properties":{"id":"125","land-id":"09179","name":"Grafrath","population":3855,"population_man":1838,"population_woman":2017,"area":14.4}},{"type":"Feature","geometry":{"type":"Point","coordinates":[11.37533596698634,48.19357549916266]},"properties":{"id":"126","land-id":"09179","name":"Gr\u00f6benzell","population":19221,"population_man":9350,"population_woman":9871,"area":6.39}},{"type":"Feature","geometry":{"type":"Point","coordinates":[11.113619621972262,48.22324141404785]},"properties":{"id":"128","land-id":"09179","name":"Hattenhofen","population":1534,"population_man":761,"population_woman":773,"area":7.18}},{"type":"Feature","geometry":{"type":"Point","coordinates":[11.133516517075405,48.16313341300675]},"properties":{"id":"130","land-id":"09179","name":"Jesenwang","population":1667,"population_man":799,"population_woman":868,"area":15.31}},{"type":"Feature","geometry":{"type":"Point","coordinates":[11.127768185566648,48.122425163650384]},"properties":{"id":"131","land-id":"09179","name":"Kottgeisering","population":1571,"population_man":760,"population_woman":811,"area":8.26}},{"type":"Feature","geometry":{"type":"Point","coordinates":[11.17311451623966,48.16007350986825]},"properties":{"id":"132","land-id":"09179","name":"Landsberied","population":1568,"population_man":799,"population_woman":769,"area":10.48}},{"type":"Feature","geometry":{"type":"Point","coordinates":[11.25454348038052,48.230323667340436]},"properties":{"id":"134","land-id":"09179","name":"Maisach","population":13920,"population_man":6818,"population_woman":7102,"area":53.36}},{"type":"Feature","geometry":{"type":"Point","coordinates":[11.161118524702994,48.207558016868816]},"properties":{"id":"136","land-id":"09179","name":"Mammendorf","population":4985,"population_man":2442,"population_woman":2543,"area":21.2}},{"type":"Feature","geometry":{"type":"Point","coordinates":[11.099328679113245,48.25476996845308]},"properties":{"id":"137","land-id":"09179","name":"Mittelstetten","population":1660,"population_man":832,"population_woman":828,"area":18.62}},{"type":"Feature","geometry":{"type":"Point","coordinates":[11.064262293772519,48.16158160108439]},"properties":{"id":"138","land-id":"09179","name":"Moorenweis","population":4109,"population_man":2069,"population_woman":2040,"area":45.36}},{"type":"Feature","geometry":{"type":"Point","coordinates":[11.14665523672782,48.24051820136239]},"properties":{"id":"140","land-id":"09179","name":"Oberschweinbach","population":1680,"population_man":834,"population_woman":846,"area":7.27}},{"type":"Feature","geometry":{"type":"Point","coordinates":[11.34741044884176,48.209416413553555]},"properties":{"id":"142","land-id":"09179","name":"Olching","population":27297,"population_man":13227,"population_woman":14070,"area":29.86}},{"type":"Feature","geometry":{"type":"Point","coordinates":[11.346239596149315,48.16106890154832]},"properties":{"id":"145","land-id":"09179","name":"Puchheim","population":20859,"population_man":10132,"population_woman":10727,"area":12.22}},{"type":"Feature","geometry":{"type":"Point","coordinates":[11.205078948347841,48.13426601341246]},"properties":{"id":"147","land-id":"09179","name":"Sch\u00f6ngeising","population":1944,"population_man":979,"population_woman":965,"area":12.93}},{"type":"Feature","geometry":{"type":"Point","coordinates":[11.093807467145805,48.10838788499315]},"properties":{"id":"149","land-id":"09179","name":"T\u00fcrkenfeld","population":3590,"population_man":1798,"population_woman":1792,"area":15.93}},{"type":"Feature","geometry":{"type":"Point","coordinates":[11.073914686361922,47.66444530593734]},"properties":{"id":"112","land-id":"09180","name":"Bad Kohlgrub","population":2898,"population_man":1437,"population_woman":1461,"area":32.63}},{"type":"Feature","geometry":{"type":"Point","coordinates":[11.004809055876462,47.695978093705385]},"properties":{"id":"113","land-id":"09180","name":"Bad Bayersoien","population":1267,"population_man":626,"population_woman":641,"area":17.65}},{"type":"Feature","geometry":{"type":"Point","coordinates":[11.197589031097015,47.58576176777869]},"properties":{"id":"114","land-id":"09180","name":"Eschenlohe","population":1565,"population_man":761,"population_woman":804,"area":55.05}},{"type":"Feature","geometry":{"type":"Point","coordinates":[11.044262429140984,47.57252109356537]},"properties":{"id":"115","land-id":"09180","name":"Ettal","population":690,"population_man":356,"population_woman":334,"area":14.69}},{"type":"Feature","geometry":{"type":"Point","coordinates":[11.107618055886526,47.53463985442499]},"properties":{"id":"116","land-id":"09180","name":"Farchant","population":3559,"population_man":1716,"population_woman":1843,"area":25.75}},{"type":"Feature","geometry":{"type":"Point","coordinates":[11.071828190352338,47.4742215785088]},"properties":{"id":"117","land-id":"09180","name":"Garmisch-Partenkirchen","population":28519,"population_man":13594,"population_woman":14925,"area":205.76}},{"type":"Feature","geometry":{"type":"Point","coordinates":[11.006825614323667,47.45463137500026]},"properties":{"id":"118","land-id":"09180","name":"Grainau","population":3576,"population_man":1717,"population_woman":1859,"area":49.28}},{"type":"Feature","geometry":{"type":"Point","coordinates":[11.303831925587899,47.68566066806339]},"properties":{"id":"119","land-id":"09180","name":"Gro\u00dfweil","population":1630,"population_man":819,"population_woman":811,"area":22.05}},{"type":"Feature","geometry":{"type":"Point","coordinates":[11.223537467636266,47.49554197954889]},"properties":{"id":"122","land-id":"09180","name":"Kr\u00fcn","population":1991,"population_man":966,"population_woman":1025,"area":36.32}},{"type":"Feature","geometry":{"type":"Point","coordinates":[11.295486743052685,47.46372673056587]},"properties":{"id":"123","land-id":"09180","name":"Mittenwald","population":7398,"population_man":3587,"population_woman":3811,"area":132.8}},{"type":"Feature","geometry":{"type":"Point","coordinates":[11.181423635208747,47.66341670237416]},"properties":{"id":"124","land-id":"09180","name":"Murnau a.Staffelsee","population":11955,"population_man":5570,"population_woman":6385,"area":38.15}},{"type":"Feature","geometry":{"type":"Point","coordinates":[11.071172779302024,47.59623526612364]},"properties":{"id":"125","land-id":"09180","name":"Oberammergau","population":5188,"population_man":2515,"population_woman":2673,"area":30.03}},{"type":"Feature","geometry":{"type":"Point","coordinates":[11.144064725067894,47.55996635842434]},"properties":{"id":"126","land-id":"09180","name":"Oberau","population":3106,"population_man":1519,"population_woman":1587,"area":17.87}},{"type":"Feature","geometry":{"type":"Point","coordinates":[11.239455345542112,47.63173993568652]},"properties":{"id":"127","land-id":"09180","name":"Ohlstadt","population":3332,"population_man":1582,"population_woman":1750,"area":41.14}},{"type":"Feature","geometry":{"type":"Point","coordinates":[11.25436492214409,47.697266054659266]},"properties":{"id":"128","land-id":"09180","name":"Riegsee","population":1265,"population_man":615,"population_woman":650,"area":20.39}},{"type":"Feature","geometry":{"type":"Point","coordinates":[10.989721424897837,47.63377850983737]},"properties":{"id":"129","land-id":"09180","name":"Saulgrub","population":1635,"population_man":817,"population_woman":818,"area":35.52}},{"type":"Feature","geometry":{"type":"Point","coordinates":[11.123427570277386,47.62294801404252]},"properties":{"id":"131","land-id":"09180","name":"Schwaigen","population":622,"population_man":314,"population_woman":308,"area":23.53}},{"type":"Feature","geometry":{"type":"Point","coordinates":[11.16795132708472,47.69106128897356]},"properties":{"id":"132","land-id":"09180","name":"Seehausen a.Staffelsee","population":2436,"population_man":1189,"population_woman":1247,"area":15.75}},{"type":"Feature","geometry":{"type":"Point","coordinates":[11.205648012208576,47.7155445179617]},"properties":{"id":"133","land-id":"09180","name":"Spatzenhausen","population":738,"population_man":390,"population_woman":348,"area":7.73}},{"type":"Feature","geometry":{"type":"Point","coordinates":[11.107777679191795,47.70867720103355]},"properties":{"id":"134","land-id":"09180","name":"Uffing a.Staffelsee","population":3084,"population_man":1457,"population_woman":1627,"area":42.6}},{"type":"Feature","geometry":{"type":"Point","coordinates":[11.020706203997813,47.614634722466555]},"properties":{"id":"135","land-id":"09180","name":"Unterammergau","population":1707,"population_man":855,"population_woman":852,"area":30.03}},{"type":"Feature","geometry":{"type":"Point","coordinates":[11.275939601058424,47.54170271342085]},"properties":{"id":"136","land-id":"09180","name":"Wallgau","population":1523,"population_man":749,"population_woman":774,"area":33.92}},{"type":"Feature","geometry":{"type":"Point","coordinates":[10.947850225686205,47.88864919261065]},"properties":{"id":"111","land-id":"09181","name":"Apfeldorf","population":1224,"population_man":604,"population_woman":620,"area":12.29}},{"type":"Feature","geometry":{"type":"Point","coordinates":[10.84017056353301,47.8884784875956]},"properties":{"id":"113","land-id":"09181","name":"Denklingen","population":2857,"population_man":1414,"population_woman":1443,"area":56.58}},{"type":"Feature","geometry":{"type":"Point","coordinates":[11.049815400966057,47.95315031378771]},"properties":{"id":"114","land-id":"09181","name":"Die\u00dfen am Ammersee","population":10683,"population_man":5080,"population_woman":5603,"area":82.7}},{"type":"Feature","geometry":{"type":"Point","coordinates":[11.116293790155831,48.08308607861149]},"properties":{"id":"115","land-id":"09181","name":"Eching am Ammersee","population":1631,"population_man":797,"population_woman":834,"area":6.26}},{"type":"Feature","geometry":{"type":"Point","coordinates":[10.989320093279883,48.18555526916062]},"properties":{"id":"116","land-id":"09181","name":"Egling a.d.Paar","population":2450,"population_man":1243,"population_woman":1207,"area":20.83}},{"type":"Feature","geometry":{"type":"Point","coordinates":[11.037948351355093,48.09020244011861]},"properties":{"id":"118","land-id":"09181","name":"Eresing","population":2060,"population_man":1077,"population_woman":983,"area":14.27}},{"type":"Feature","geometry":{"type":"Point","coordinates":[11.013209364872365,48.02118755695002]},"properties":{"id":"120","land-id":"09181","name":"Finning","population":1909,"population_man":936,"population_woman":973,"area":23.4}},{"type":"Feature","geometry":{"type":"Point","coordinates":[10.822723510618196,47.93315855318416]},"properties":{"id":"121","land-id":"09181","name":"Fuchstal","population":4128,"population_man":2058,"population_woman":2070,"area":39.79}},{"type":"Feature","geometry":{"type":"Point","coordinates":[11.006669761770162,48.135348229321565]},"properties":{"id":"122","land-id":"09181","name":"Geltendorf","population":5851,"population_man":2958,"population_woman":2893,"area":34.8}},{"type":"Feature","geometry":{"type":"Point","coordinates":[11.0799657102255,48.07723635868016]},"properties":{"id":"123","land-id":"09181","name":"Greifenberg","population":2172,"population_man":1097,"population_woman":1075,"area":8.23}},{"type":"Feature","geometry":{"type":"Point","coordinates":[10.967546975993205,48.002423656328695]},"properties":{"id":"124","land-id":"09181","name":"Hofstetten","population":1856,"population_man":933,"population_woman":923,"area":16.94}},{"type":"Feature","geometry":{"type":"Point","coordinates":[10.82659905330045,48.1201030133603]},"properties":{"id":"126","land-id":"09181","name":"Hurlach","population":1936,"population_man":992,"population_woman":944,"area":17.16}},{"type":"Feature","geometry":{"type":"Point","coordinates":[10.806622355024261,48.06617118221149]},"properties":{"id":"127","land-id":"09181","name":"Igling","population":2517,"population_man":1261,"population_woman":1256,"area":26.34}},{"type":"Feature","geometry":{"type":"Point","coordinates":[10.872104611810595,48.09889729258344]},"properties":{"id":"128","land-id":"09181","name":"Kaufering","population":10074,"population_man":4963,"population_woman":5111,"area":17.65}},{"type":"Feature","geometry":{"type":"Point","coordinates":[10.904940120210924,47.87863905869511]},"properties":{"id":"129","land-id":"09181","name":"Kinsau","population":1047,"population_man":524,"population_woman":523,"area":11.44}},{"type":"Feature","geometry":{"type":"Point","coordinates":[10.861040150538058,48.034836503784206]},"properties":{"id":"130","land-id":"09181","name":"Landsberg am Lech","population":28665,"population_man":14267,"population_woman":14398,"area":57.88}},{"type":"Feature","geometry":{"type":"Point","coordinates":[10.827050655994597,48.14539401562458]},"properties":{"id":"131","land-id":"09181","name":"Obermeitingen","population":1748,"population_man":895,"population_woman":853,"area":10.0}},{"type":"Feature","geometry":{"type":"Point","coordinates":[10.939715738917151,48.07847108790845]},"properties":{"id":"132","land-id":"09181","name":"Penzing","population":4310,"population_man":2207,"population_woman":2103,"area":33.83}},{"type":"Feature","geometry":{"type":"Point","coordinates":[10.916823782286702,47.95851909782157]},"properties":{"id":"133","land-id":"09181","name":"Vilgertshofen","population":2733,"population_man":1364,"population_woman":1369,"area":27.1}},{"type":"Feature","geometry":{"type":"Point","coordinates":[10.925543745361937,48.200444499483126]},"properties":{"id":"134","land-id":"09181","name":"Prittriching","population":2603,"population_man":1307,"population_woman":1296,"area":25.37}},{"type":"Feature","geometry":{"type":"Point","coordinates":[10.937082435970758,47.93043391673979]},"properties":{"id":"135","land-id":"09181","name":"Reichling","population":1739,"population_man":868,"population_woman":871,"area":23.35}},{"type":"Feature","geometry":{"type":"Point","coordinates":[10.982394042121811,47.90890699462112]},"properties":{"id":"137","land-id":"09181","name":"Rott","population":1762,"population_man":869,"population_woman":893,"area":19.68}},{"type":"Feature","geometry":{"type":"Point","coordinates":[10.889425548496488,48.160208986164626]},"properties":{"id":"138","land-id":"09181","name":"Scheuring","population":1955,"population_man":979,"population_woman":976,"area":21.22}},{"type":"Feature","geometry":{"type":"Point","coordinates":[11.086445047957183,48.05288905413846]},"properties":{"id":"139","land-id":"09181","name":"Schondorf am Ammersee","population":3805,"population_man":1845,"population_woman":1960,"area":6.59}},{"type":"Feature","geometry":{"type":"Point","coordinates":[10.939528611234799,48.0436048645897]},"properties":{"id":"140","land-id":"09181","name":"Schwifting","population":1040,"population_man":518,"population_woman":522,"area":11.48}},{"type":"Feature","geometry":{"type":"Point","coordinates":[10.91732632299431,48.00652178547365]},"properties":{"id":"141","land-id":"09181","name":"P\u00fcrgen","population":3651,"population_man":1833,"population_woman":1818,"area":22.0}},{"type":"Feature","geometry":{"type":"Point","coordinates":[10.963189742611492,47.97317712849286]},"properties":{"id":"142","land-id":"09181","name":"Thaining","population":1102,"population_man":529,"population_woman":573,"area":8.66}},{"type":"Feature","geometry":{"type":"Point","coordinates":[10.843809743936687,47.979012477781346]},"properties":{"id":"143","land-id":"09181","name":"Unterdie\u00dfen","population":1501,"population_man":753,"population_woman":748,"area":12.74}},{"type":"Feature","geometry":{"type":"Point","coordinates":[11.069548949029478,48.0193514257092]},"properties":{"id":"144","land-id":"09181","name":"Utting am Ammersee","population":4626,"population_man":2268,"population_woman":2358,"area":18.98}},{"type":"Feature","geometry":{"type":"Point","coordinates":[10.947367459597272,48.12344341784578]},"properties":{"id":"145","land-id":"09181","name":"Weil","population":3948,"population_man":1998,"population_woman":1950,"area":44.43}},{"type":"Feature","geometry":{"type":"Point","coordinates":[11.025024142013901,48.05981604947071]},"properties":{"id":"146","land-id":"09181","name":"Windach","population":3802,"population_man":1892,"population_woman":1910,"area":24.8}},{"type":"Feature","geometry":{"type":"Point","coordinates":[11.694734097244412,47.70059900211272]},"properties":{"id":"111","land-id":"09182","name":"Bad Wiessee","population":4854,"population_man":2287,"population_woman":2567,"area":32.85}},{"type":"Feature","geometry":{"type":"Point","coordinates":[11.985433380590328,47.65737732007975]},"properties":{"id":"112","land-id":"09182","name":"Bayrischzell","population":1504,"population_man":753,"population_woman":751,"area":79.46}},{"type":"Feature","geometry":{"type":"Point","coordinates":[11.947953847158324,47.736779557898295]},"properties":{"id":"114","land-id":"09182","name":"Fischbachau","population":5614,"population_man":2783,"population_woman":2831,"area":75.86}},{"type":"Feature","geometry":{"type":"Point","coordinates":[11.744834920039867,47.752944720236506]},"properties":{"id":"116","land-id":"09182","name":"Gmund a.Tegernsee","population":5766,"population_man":2770,"population_woman":2996,"area":34.45}},{"type":"Feature","geometry":{"type":"Point","coordinates":[11.827881269207728,47.75319493204743]},"properties":{"id":"119","land-id":"09182","name":"Hausham","population":8108,"population_man":4044,"population_woman":4064,"area":22.28}},{"type":"Feature","geometry":{"type":"Point","coordinates":[11.679312010126226,47.864227282701194]},"properties":{"id":"120","land-id":"09182","name":"Holzkirchen","population":16198,"population_man":8084,"population_woman":8114,"area":48.31}},{"type":"Feature","geometry":{"type":"Point","coordinates":[11.897014976827924,47.82043955728249]},"properties":{"id":"123","land-id":"09182","name":"Irschenberg","population":3162,"population_man":1596,"population_woman":1566,"area":53.99}},{"type":"Feature","geometry":{"type":"Point","coordinates":[11.730234615470529,47.62574249230852]},"properties":{"id":"124","land-id":"09182","name":"Kreuth","population":3399,"population_man":1610,"population_woman":1789,"area":122.21}},{"type":"Feature","geometry":{"type":"Point","coordinates":[11.8352893602833,47.7875622203369]},"properties":{"id":"125","land-id":"09182","name":"Miesbach","population":11597,"population_man":5668,"population_woman":5929,"area":32.45}},{"type":"Feature","geometry":{"type":"Point","coordinates":[11.674141923536228,47.9143687832273]},"properties":{"id":"127","land-id":"09182","name":"Otterfing","population":4608,"population_man":2367,"population_woman":2241,"area":21.14}},{"type":"Feature","geometry":{"type":"Point","coordinates":[11.825379518896366,47.65187698994383]},"properties":{"id":"129","land-id":"09182","name":"Rottach-Egern","population":5473,"population_man":2476,"population_woman":2997,"area":59.15}},{"type":"Feature","geometry":{"type":"Point","coordinates":[11.87502816469228,47.68694941516794]},"properties":{"id":"131","land-id":"09182","name":"Schliersee","population":6574,"population_man":3229,"population_woman":3345,"area":79.14}},{"type":"Feature","geometry":{"type":"Point","coordinates":[11.76400539123926,47.714596724198294]},"properties":{"id":"132","land-id":"09182","name":"Tegernsee","population":3769,"population_man":1873,"population_woman":1896,"area":22.7}},{"type":"Feature","geometry":{"type":"Point","coordinates":[11.763027800757891,47.885865332909404]},"properties":{"id":"133","land-id":"09182","name":"Valley","population":3378,"population_man":1715,"population_woman":1663,"area":42.18}},{"type":"Feature","geometry":{"type":"Point","coordinates":[11.675645283161268,47.7714101728606]},"properties":{"id":"134","land-id":"09182","name":"Waakirchen","population":5399,"population_man":2632,"population_woman":2767,"area":42.4}},{"type":"Feature","geometry":{"type":"Point","coordinates":[11.737906946656757,47.817567674935944]},"properties":{"id":"136","land-id":"09182","name":"Warngau","population":3792,"population_man":1909,"population_woman":1883,"area":51.32}},{"type":"Feature","geometry":{"type":"Point","coordinates":[11.814945774930719,47.858068127084884]},"properties":{"id":"137","land-id":"09182","name":"Weyarn","population":3779,"population_man":1899,"population_woman":1880,"area":46.68}},{"type":"Feature","geometry":{"type":"Point","coordinates":[12.38727400356042,48.26367595365877]},"properties":{"id":"112","land-id":"09183","name":"Ampfing","population":7161,"population_man":3614,"population_woman":3547,"area":31.1}},{"type":"Feature","geometry":{"type":"Point","coordinates":[12.355491612356891,48.1983660108886]},"properties":{"id":"113","land-id":"09183","name":"Aschau a.Inn","population":3274,"population_man":1645,"population_woman":1629,"area":20.77}},{"type":"Feature","geometry":{"type":"Point","coordinates":[12.30302194793911,48.30727698383644]},"properties":{"id":"114","land-id":"09183","name":"Buchbach","population":3368,"population_man":1782,"population_woman":1586,"area":28.77}},{"type":"Feature","geometry":{"type":"Point","coordinates":[12.453424452233204,48.39203815633579]},"properties":{"id":"115","land-id":"09183","name":"Egglkofen","population":1359,"population_man":701,"population_woman":658,"area":14.01}},{"type":"Feature","geometry":{"type":"Point","coordinates":[12.568258133511081,48.28022404177891]},"properties":{"id":"116","land-id":"09183","name":"Erharting","population":977,"population_man":483,"population_woman":494,"area":13.6}},{"type":"Feature","geometry":{"type":"Point","coordinates":[12.288777314393156,48.157330438420885]},"properties":{"id":"118","land-id":"09183","name":"Gars a.Inn","population":4014,"population_man":2029,"population_woman":1985,"area":43.63}},{"type":"Feature","geometry":{"type":"Point","coordinates":[12.162705991234587,48.16002417662152]},"properties":{"id":"119","land-id":"09183","name":"Haag i.OB","population":6521,"population_man":3329,"population_woman":3192,"area":20.41}},{"type":"Feature","geometry":{"type":"Point","coordinates":[12.363859253889348,48.24060778665612]},"properties":{"id":"120","land-id":"09183","name":"Heldenstein","population":2823,"population_man":1384,"population_woman":1439,"area":19.86}},{"type":"Feature","geometry":{"type":"Point","coordinates":[12.37362914349179,48.16119276457072]},"properties":{"id":"122","land-id":"09183","name":"Jettenbach","population":748,"population_man":385,"population_woman":363,"area":9.14}},{"type":"Feature","geometry":{"type":"Point","coordinates":[12.18091857934468,48.187798644069005]},"properties":{"id":"123","land-id":"09183","name":"Kirchdorf","population":1344,"population_man":676,"population_woman":668,"area":21.04}},{"type":"Feature","geometry":{"type":"Point","coordinates":[12.4467465182549,48.17927770582165]},"properties":{"id":"124","land-id":"09183","name":"Kraiburg a.Inn","population":4066,"population_man":2095,"population_woman":1971,"area":27.61}},{"type":"Feature","geometry":{"type":"Point","coordinates":[12.449716981106528,48.312215449674795]},"properties":{"id":"125","land-id":"09183","name":"Lohkirchen","population":827,"population_man":418,"population_woman":409,"area":14.84}},{"type":"Feature","geometry":{"type":"Point","coordinates":[12.091661313280833,48.14651622508686]},"properties":{"id":"126","land-id":"09183","name":"Maitenbeth","population":2012,"population_man":1015,"population_woman":997,"area":30.98}},{"type":"Feature","geometry":{"type":"Point","coordinates":[12.47360976948861,48.27232557539776]},"properties":{"id":"127","land-id":"09183","name":"Mettenheim","population":3701,"population_man":1908,"population_woman":1793,"area":27.18}},{"type":"Feature","geometry":{"type":"Point","coordinates":[12.518373304745078,48.249378967071024]},"properties":{"id":"128","land-id":"09183","name":"M\u00fchldorf a.Inn","population":22388,"population_man":11113,"population_woman":11275,"area":29.48}},{"type":"Feature","geometry":{"type":"Point","coordinates":[12.51090615919283,48.380144157783356]},"properties":{"id":"129","land-id":"09183","name":"Neumarkt-Sankt Veit","population":6285,"population_man":3150,"population_woman":3135,"area":61.0}},{"type":"Feature","geometry":{"type":"Point","coordinates":[12.51797159533104,48.310715104187025]},"properties":{"id":"130","land-id":"09183","name":"Niederbergkirchen","population":1220,"population_man":608,"population_woman":612,"area":24.74}},{"type":"Feature","geometry":{"type":"Point","coordinates":[12.564103978345381,48.34528395706543]},"properties":{"id":"131","land-id":"09183","name":"Niedertaufkirchen","population":1436,"population_man":794,"population_woman":642,"area":26.7}},{"type":"Feature","geometry":{"type":"Point","coordinates":[12.380958279557102,48.31357804693557]},"properties":{"id":"132","land-id":"09183","name":"Oberbergkirchen","population":1733,"population_man":883,"population_woman":850,"area":27.53}},{"type":"Feature","geometry":{"type":"Point","coordinates":[12.516453704851415,48.16901582952841]},"properties":{"id":"134","land-id":"09183","name":"Oberneukirchen","population":830,"population_man":440,"population_woman":390,"area":19.61}},{"type":"Feature","geometry":{"type":"Point","coordinates":[12.263273995653433,48.235558828584125]},"properties":{"id":"135","land-id":"09183","name":"Obertaufkirchen","population":2680,"population_man":1410,"population_woman":1270,"area":31.63}},{"type":"Feature","geometry":{"type":"Point","coordinates":[12.539184111057285,48.20789658834385]},"properties":{"id":"136","land-id":"09183","name":"Polling","population":3321,"population_man":1726,"population_woman":1595,"area":43.84}},{"type":"Feature","geometry":{"type":"Point","coordinates":[12.317432268880772,48.235953207098056]},"properties":{"id":"138","land-id":"09183","name":"Rattenkirchen","population":1068,"population_man":540,"population_woman":528,"area":19.88}},{"type":"Feature","geometry":{"type":"Point","coordinates":[12.163362015792154,48.119152413806525]},"properties":{"id":"139","land-id":"09183","name":"Rechtmehring","population":2086,"population_man":1053,"population_woman":1033,"area":24.42}},{"type":"Feature","geometry":{"type":"Point","coordinates":[12.256218034927482,48.1868401851044]},"properties":{"id":"140","land-id":"09183","name":"Reichertsheim","population":1708,"population_man":892,"population_woman":816,"area":31.34}},{"type":"Feature","geometry":{"type":"Point","coordinates":[12.424443979504943,48.344834841676175]},"properties":{"id":"143","land-id":"09183","name":"Sch\u00f6nberg","population":1113,"population_man":585,"population_woman":528,"area":25.39}},{"type":"Feature","geometry":{"type":"Point","coordinates":[12.268631030426103,48.27385478130585]},"properties":{"id":"144","land-id":"09183","name":"Schwindegg","population":3540,"population_man":1796,"population_woman":1744,"area":20.76}},{"type":"Feature","geometry":{"type":"Point","coordinates":[12.445737406357145,48.14118316572879]},"properties":{"id":"145","land-id":"09183","name":"Taufkirchen","population":1389,"population_man":725,"population_woman":664,"area":25.29}},{"type":"Feature","geometry":{"type":"Point","coordinates":[12.334613662234595,48.12924426352699]},"properties":{"id":"147","land-id":"09183","name":"Unterreit","population":1763,"population_man":899,"population_woman":864,"area":32.31}},{"type":"Feature","geometry":{"type":"Point","coordinates":[12.420696468828943,48.20186499538085]},"properties":{"id":"148","land-id":"09183","name":"Waldkraiburg","population":25692,"population_man":12892,"population_woman":12800,"area":21.59}},{"type":"Feature","geometry":{"type":"Point","coordinates":[12.42990682105984,48.28126901748612]},"properties":{"id":"151","land-id":"09183","name":"Zangberg","population":1173,"population_man":591,"population_woman":582,"area":9.86}},{"type":"Feature","geometry":{"type":"Point","coordinates":[11.715400657368983,48.1853352599827]},"properties":{"id":"112","land-id":"09184","name":"Aschheim","population":9138,"population_man":4592,"population_woman":4546,"area":28.01}},{"type":"Feature","geometry":{"type":"Point","coordinates":[11.480135607886336,48.014685384380925]},"properties":{"id":"113","land-id":"09184","name":"Baierbrunn","population":3391,"population_man":1657,"population_woman":1734,"area":7.17}},{"type":"Feature","geometry":{"type":"Point","coordinates":[11.691805682022196,47.990450697615124]},"properties":{"id":"114","land-id":"09184","name":"Brunnthal","population":5426,"population_man":2729,"population_woman":2697,"area":38.0}},{"type":"Feature","geometry":{"type":"Point","coordinates":[11.731314296580942,48.14577051966411]},"properties":{"id":"118","land-id":"09184","name":"Feldkirchen","population":7703,"population_man":3859,"population_woman":3844,"area":6.36}},{"type":"Feature","geometry":{"type":"Point","coordinates":[11.639544128097977,48.24809382777725]},"properties":{"id":"119","land-id":"09184","name":"Garching b.M\u00fcnchen","population":17745,"population_man":9197,"population_woman":8548,"area":28.08}},{"type":"Feature","geometry":{"type":"Point","coordinates":[11.436702280232701,48.12269249019678]},"properties":{"id":"120","land-id":"09184","name":"Gr\u00e4felfing","population":13616,"population_man":6635,"population_woman":6981,"area":9.56}},{"type":"Feature","geometry":{"type":"Point","coordinates":[11.760423744802704,48.07285858404902]},"properties":{"id":"121","land-id":"09184","name":"Grasbrunn","population":6583,"population_man":3283,"population_woman":3300,"area":26.36}},{"type":"Feature","geometry":{"type":"Point","coordinates":[11.535317798902238,48.045483422331976]},"properties":{"id":"122","land-id":"09184","name":"Gr\u00fcnwald","population":11186,"population_man":5280,"population_woman":5906,"area":7.63}},{"type":"Feature","geometry":{"type":"Point","coordinates":[11.732910062680249,48.118051622702886]},"properties":{"id":"123","land-id":"09184","name":"Haar","population":22566,"population_man":11143,"population_woman":11423,"area":12.88}},{"type":"Feature","geometry":{"type":"Point","coordinates":[11.738519915481254,48.02023909130754]},"properties":{"id":"127","land-id":"09184","name":"H\u00f6henkirchen-Siegertsbrunn","population":11076,"population_man":5466,"population_woman":5610,"area":23.72}},{"type":"Feature","geometry":{"type":"Point","coordinates":[11.71071826511279,48.050054783734815]},"properties":{"id":"129","land-id":"09184","name":"Hohenbrunn","population":9045,"population_man":4552,"population_woman":4493,"area":18.62}},{"type":"Feature","geometry":{"type":"Point","coordinates":[11.70472855556759,48.24055841013573]},"properties":{"id":"130","land-id":"09184","name":"Ismaning","population":17740,"population_man":8775,"population_woman":8965,"area":40.26}},{"type":"Feature","geometry":{"type":"Point","coordinates":[11.751034796523724,48.18229871391382]},"properties":{"id":"131","land-id":"09184","name":"Kirchheim b.M\u00fcnchen","population":12985,"population_man":6576,"population_woman":6409,"area":15.61}},{"type":"Feature","geometry":{"type":"Point","coordinates":[11.439280898363569,48.08058498008537]},"properties":{"id":"132","land-id":"09184","name":"Neuried","population":8812,"population_man":4303,"population_woman":4509,"area":9.56}},{"type":"Feature","geometry":{"type":"Point","coordinates":[11.580456935605078,48.00300489376028]},"properties":{"id":"134","land-id":"09184","name":"Oberhaching","population":13340,"population_man":6552,"population_woman":6788,"area":33.07}},{"type":"Feature","geometry":{"type":"Point","coordinates":[11.561121026462454,48.248046886732325]},"properties":{"id":"135","land-id":"09184","name":"Oberschlei\u00dfheim","population":11785,"population_man":5929,"population_woman":5856,"area":30.37}},{"type":"Feature","geometry":{"type":"Point","coordinates":[11.664234324586657,48.06391808732988]},"properties":{"id":"136","land-id":"09184","name":"Ottobrunn","population":22868,"population_man":11178,"population_woman":11690,"area":5.3}},{"type":"Feature","geometry":{"type":"Point","coordinates":[11.77353146702493,47.95701790615104]},"properties":{"id":"137","land-id":"09184","name":"Aying","population":5639,"population_man":2899,"population_woman":2740,"area":56.55}},{"type":"Feature","geometry":{"type":"Point","coordinates":[11.429767080264346,48.102651841778005]},"properties":{"id":"138","land-id":"09184","name":"Planegg","population":11001,"population_man":5312,"population_woman":5689,"area":10.72}},{"type":"Feature","geometry":{"type":"Point","coordinates":[11.51902776983802,48.056816784690724]},"properties":{"id":"139","land-id":"09184","name":"Pullach i.Isartal","population":8623,"population_man":4147,"population_woman":4476,"area":7.35}},{"type":"Feature","geometry":{"type":"Point","coordinates":[11.706600108108262,48.08279021865661]},"properties":{"id":"140","land-id":"09184","name":"Putzbrunn","population":6816,"population_man":3294,"population_woman":3522,"area":11.12}},{"type":"Feature","geometry":{"type":"Point","coordinates":[11.63560460558413,47.95946637843393]},"properties":{"id":"141","land-id":"09184","name":"Sauerlach","population":8090,"population_man":4032,"population_woman":4058,"area":56.92}},{"type":"Feature","geometry":{"type":"Point","coordinates":[11.444579625064478,47.9898122510866]},"properties":{"id":"142","land-id":"09184","name":"Sch\u00e4ftlarn","population":5756,"population_man":2775,"population_woman":2981,"area":16.7}},{"type":"Feature","geometry":{"type":"Point","coordinates":[11.516869526829511,47.98179051112418]},"properties":{"id":"144","land-id":"09184","name":"Stra\u00dflach-Dingharting","population":3274,"population_man":1628,"population_woman":1646,"area":28.27}},{"type":"Feature","geometry":{"type":"Point","coordinates":[11.63289711618612,48.03298420643593]},"properties":{"id":"145","land-id":"09184","name":"Taufkirchen","population":18042,"population_man":8695,"population_woman":9347,"area":21.97}},{"type":"Feature","geometry":{"type":"Point","coordinates":[11.64425066652164,48.07845158861072]},"properties":{"id":"146","land-id":"09184","name":"Neubiberg","population":14318,"population_man":7476,"population_woman":6842,"area":5.78}},{"type":"Feature","geometry":{"type":"Point","coordinates":[11.6618806280948,48.190746575461674]},"properties":{"id":"147","land-id":"09184","name":"Unterf\u00f6hring","population":11563,"population_man":5815,"population_woman":5748,"area":12.83}},{"type":"Feature","geometry":{"type":"Point","coordinates":[11.61963960867987,48.066613079919435]},"properties":{"id":"148","land-id":"09184","name":"Unterhaching","population":26573,"population_man":12822,"population_woman":13751,"area":10.31}},{"type":"Feature","geometry":{"type":"Point","coordinates":[11.559770924196416,48.276408949288694]},"properties":{"id":"149","land-id":"09184","name":"Unterschlei\u00dfheim","population":28486,"population_man":14144,"population_woman":14342,"area":14.99}},{"type":"Feature","geometry":{"type":"Point","coordinates":[11.294566746600216,48.52353544512301]},"properties":{"id":"113","land-id":"09185","name":"Aresing","population":3004,"population_man":1516,"population_woman":1488,"area":29.95}},{"type":"Feature","geometry":{"type":"Point","coordinates":[11.249957024041194,48.63673034197997]},"properties":{"id":"116","land-id":"09185","name":"Berg im Gau","population":1377,"population_man":711,"population_woman":666,"area":22.55}},{"type":"Feature","geometry":{"type":"Point","coordinates":[11.23259826248752,48.76397508810911]},"properties":{"id":"118","land-id":"09185","name":"Bergheim","population":1968,"population_man":1004,"population_woman":964,"area":28.88}},{"type":"Feature","geometry":{"type":"Point","coordinates":[11.331857743403624,48.6343236324535]},"properties":{"id":"123","land-id":"09185","name":"Brunnen","population":1817,"population_man":923,"population_woman":894,"area":32.17}},{"type":"Feature","geometry":{"type":"Point","coordinates":[11.038443178272095,48.69084440770993]},"properties":{"id":"125","land-id":"09185","name":"Burgheim","population":4665,"population_man":2368,"population_woman":2297,"area":49.75}},{"type":"Feature","geometry":{"type":"Point","coordinates":[11.097838611619993,48.63769228210256]},"properties":{"id":"127","land-id":"09185","name":"Ehekirchen","population":3704,"population_man":1886,"population_woman":1818,"area":62.72}},{"type":"Feature","geometry":{"type":"Point","coordinates":[11.249543201661316,48.50394654570611]},"properties":{"id":"131","land-id":"09185","name":"Gachenbach","population":2594,"population_man":1302,"population_woman":1292,"area":30.2}},{"type":"Feature","geometry":{"type":"Point","coordinates":[11.29069514190778,48.677132926953306]},"properties":{"id":"139","land-id":"09185","name":"Karlshuld","population":5944,"population_man":2985,"population_woman":2959,"area":29.17}},{"type":"Feature","geometry":{"type":"Point","coordinates":[11.399539915729456,48.668303328084924]},"properties":{"id":"140","land-id":"09185","name":"Karlskron","population":4917,"population_man":2479,"population_woman":2438,"area":38.51}},{"type":"Feature","geometry":{"type":"Point","coordinates":[11.210340901967765,48.60425350050006]},"properties":{"id":"143","land-id":"09185","name":"Langenmosen","population":1652,"population_man":839,"population_woman":813,"area":23.84}},{"type":"Feature","geometry":{"type":"Point","coordinates":[11.194897940596125,48.73636596291595]},"properties":{"id":"149","land-id":"09185","name":"Neuburg a.d.Donau","population":30209,"population_man":15163,"population_woman":15046,"area":81.27}},{"type":"Feature","geometry":{"type":"Point","coordinates":[11.109805760590422,48.70816548638044]},"properties":{"id":"150","land-id":"09185","name":"Oberhausen","population":3234,"population_man":1624,"population_woman":1610,"area":31.97}},{"type":"Feature","geometry":{"type":"Point","coordinates":[11.047839239205732,48.77316029110179]},"properties":{"id":"153","land-id":"09185","name":"Rennertshofen","population":4843,"population_man":2462,"population_woman":2381,"area":93.08}},{"type":"Feature","geometry":{"type":"Point","coordinates":[11.16429961908727,48.688605456977314]},"properties":{"id":"157","land-id":"09185","name":"Rohrenfels","population":1629,"population_man":847,"population_woman":782,"area":17.49}},{"type":"Feature","geometry":{"type":"Point","coordinates":[11.23370258894722,48.57181404376193]},"properties":{"id":"158","land-id":"09185","name":"Schrobenhausen","population":17891,"population_man":8929,"population_woman":8962,"area":75.16}},{"type":"Feature","geometry":{"type":"Point","coordinates":[11.195305098835508,48.65125192232771]},"properties":{"id":"163","land-id":"09185","name":"K\u00f6nigsmoos","population":4962,"population_man":2425,"population_woman":2537,"area":40.84}},{"type":"Feature","geometry":{"type":"Point","coordinates":[11.3359840544636,48.57801937578274]},"properties":{"id":"166","land-id":"09185","name":"Waidhofen","population":2267,"population_man":1131,"population_woman":1136,"area":27.31}},{"type":"Feature","geometry":{"type":"Point","coordinates":[11.328973447302985,48.70943856275599]},"properties":{"id":"168","land-id":"09185","name":"Weichering","population":2429,"population_man":1227,"population_woman":1202,"area":24.52}},{"type":"Feature","geometry":{"type":"Point","coordinates":[11.473223262519815,48.68047167028151]},"properties":{"id":"113","land-id":"09186","name":"Baar-Ebenhausen","population":5567,"population_man":2785,"population_woman":2782,"area":14.79}},{"type":"Feature","geometry":{"type":"Point","coordinates":[11.567794130042664,48.724240149710454]},"properties":{"id":"116","land-id":"09186","name":"Ernsgaden","population":1818,"population_man":956,"population_woman":862,"area":7.47}},{"type":"Feature","geometry":{"type":"Point","coordinates":[11.619938874900987,48.683861901460006]},"properties":{"id":"122","land-id":"09186","name":"Geisenfeld","population":11578,"population_man":6040,"population_woman":5538,"area":88.37}},{"type":"Feature","geometry":{"type":"Point","coordinates":[11.355709852752165,48.48947627064613]},"properties":{"id":"125","land-id":"09186","name":"Gerolsbach","population":3814,"population_man":1948,"population_woman":1866,"area":58.9}},{"type":"Feature","geometry":{"type":"Point","coordinates":[11.528547430555578,48.502182953330134]},"properties":{"id":"126","land-id":"09186","name":"Hettenshausen","population":2101,"population_man":1064,"population_woman":1037,"area":18.59}},{"type":"Feature","geometry":{"type":"Point","coordinates":[11.3973160568121,48.594075954197976]},"properties":{"id":"128","land-id":"09186","name":"Hohenwart","population":4911,"population_man":2574,"population_woman":2337,"area":52.26}},{"type":"Feature","geometry":{"type":"Point","coordinates":[11.499680065234337,48.48144995641105]},"properties":{"id":"130","land-id":"09186","name":"Ilmm\u00fcnster","population":2220,"population_man":1105,"population_woman":1115,"area":13.94}},{"type":"Feature","geometry":{"type":"Point","coordinates":[11.407538483197886,48.43843549411045]},"properties":{"id":"132","land-id":"09186","name":"Jetzendorf","population":3115,"population_man":1566,"population_woman":1549,"area":21.67}},{"type":"Feature","geometry":{"type":"Point","coordinates":[11.501836782048601,48.715841113604924]},"properties":{"id":"137","land-id":"09186","name":"Manching","population":12927,"population_man":6627,"population_woman":6300,"area":35.44}},{"type":"Feature","geometry":{"type":"Point","coordinates":[11.676091266323589,48.765182276664554]},"properties":{"id":"139","land-id":"09186","name":"M\u00fcnchsm\u00fcnster","population":3204,"population_man":1605,"population_woman":1599,"area":16.18}},{"type":"Feature","geometry":{"type":"Point","coordinates":[11.493396998613253,48.552090545216366]},"properties":{"id":"143","land-id":"09186","name":"Pfaffenhofen a.d.Ilm","population":26191,"population_man":12911,"population_woman":13280,"area":92.56}},{"type":"Feature","geometry":{"type":"Point","coordinates":[11.471551279384489,48.61364681025192]},"properties":{"id":"144","land-id":"09186","name":"P\u00f6rnbach","population":2212,"population_man":1150,"population_woman":1062,"area":22.69}},{"type":"Feature","geometry":{"type":"Point","coordinates":[11.478023142946391,48.4546219815504]},"properties":{"id":"146","land-id":"09186","name":"Reichertshausen","population":5160,"population_man":2638,"population_woman":2522,"area":23.64}},{"type":"Feature","geometry":{"type":"Point","coordinates":[11.500512894454308,48.65629871557069]},"properties":{"id":"147","land-id":"09186","name":"Reichertshofen","population":8118,"population_man":4142,"population_woman":3976,"area":36.87}},{"type":"Feature","geometry":{"type":"Point","coordinates":[11.544025013658214,48.61440762918859]},"properties":{"id":"149","land-id":"09186","name":"Rohrbach","population":5973,"population_man":2975,"population_woman":2998,"area":29.7}},{"type":"Feature","geometry":{"type":"Point","coordinates":[11.433327759660736,48.501299832141655]},"properties":{"id":"151","land-id":"09186","name":"Scheyern","population":4880,"population_man":2435,"population_woman":2445,"area":38.32}},{"type":"Feature","geometry":{"type":"Point","coordinates":[11.613842116246843,48.514693287510624]},"properties":{"id":"152","land-id":"09186","name":"Schweitenkirchen","population":5554,"population_man":2869,"population_woman":2685,"area":53.05}},{"type":"Feature","geometry":{"type":"Point","coordinates":[11.612500794051163,48.769504038769824]},"properties":{"id":"158","land-id":"09186","name":"Vohburg a.d.Donau","population":8947,"population_man":4557,"population_woman":4390,"area":45.11}},{"type":"Feature","geometry":{"type":"Point","coordinates":[11.63057366667978,48.602570855441066]},"properties":{"id":"162","land-id":"09186","name":"Wolnzach","population":11628,"population_man":5895,"population_woman":5733,"area":91.51}},{"type":"Feature","geometry":{"type":"Point","coordinates":[12.310374171514512,48.011513021328796]},"properties":{"id":"113","land-id":"09187","name":"Amerang","population":3722,"population_man":1866,"population_woman":1856,"area":39.8}},{"type":"Feature","geometry":{"type":"Point","coordinates":[12.309930469124845,47.74317737991832]},"properties":{"id":"114","land-id":"09187","name":"Aschau i.Chiemgau","population":5278,"population_man":2494,"population_woman":2784,"area":79.54}},{"type":"Feature","geometry":{"type":"Point","coordinates":[12.295462708072497,48.08815729250038]},"properties":{"id":"116","land-id":"09187","name":"Babensham","population":3128,"population_man":1578,"population_woman":1550,"area":54.34}},{"type":"Feature","geometry":{"type":"Point","coordinates":[12.003174293650622,47.86305579437187]},"properties":{"id":"117","land-id":"09187","name":"Bad Aibling","population":18358,"population_man":8689,"population_woman":9669,"area":41.48}},{"type":"Feature","geometry":{"type":"Point","coordinates":[12.374947523002314,47.81508517499097]},"properties":{"id":"118","land-id":"09187","name":"Bernau a.Chiemsee","population":6673,"population_man":3440,"population_woman":3233,"area":26.84}},{"type":"Feature","geometry":{"type":"Point","coordinates":[12.06990251677172,47.72894378267497]},"properties":{"id":"120","land-id":"09187","name":"Brannenburg","population":6622,"population_man":3244,"population_woman":3378,"area":33.73}},{"type":"Feature","geometry":{"type":"Point","coordinates":[12.384444398949489,47.893642438947914]},"properties":{"id":"121","land-id":"09187","name":"Breitbrunn a.Chiemsee","population":1460,"population_man":705,"population_woman":755,"area":8.06}},{"type":"Feature","geometry":{"type":"Point","coordinates":[11.933676737641811,47.88952559461196]},"properties":{"id":"122","land-id":"09187","name":"Bruckm\u00fchl","population":16728,"population_man":8403,"population_woman":8325,"area":50.27}},{"type":"Feature","geometry":{"type":"Point","coordinates":[12.451060318289844,47.87794767254253]},"properties":{"id":"123","land-id":"09187","name":"Chiemsee","population":193,"population_man":94,"population_woman":99,"area":76.76}},{"type":"Feature","geometry":{"type":"Point","coordinates":[12.14903296771696,48.05849263896268]},"properties":{"id":"124","land-id":"09187","name":"Edling","population":4332,"population_man":2165,"population_woman":2167,"area":20.06}},{"type":"Feature","geometry":{"type":"Point","coordinates":[12.385203269437053,47.93320845037802]},"properties":{"id":"125","land-id":"09187","name":"Eggst\u00e4tt","population":2835,"population_man":1373,"population_woman":1462,"area":24.34}},{"type":"Feature","geometry":{"type":"Point","coordinates":[12.246687819141544,48.03251088837501]},"properties":{"id":"126","land-id":"09187","name":"Eiselfing","population":3274,"population_man":1653,"population_woman":1621,"area":34.86}},{"type":"Feature","geometry":{"type":"Point","coordinates":[12.30131070296748,47.9040920238552]},"properties":{"id":"128","land-id":"09187","name":"Bad Endorf","population":8116,"population_man":3934,"population_woman":4182,"area":40.17}},{"type":"Feature","geometry":{"type":"Point","coordinates":[11.999535401736027,47.78711302361303]},"properties":{"id":"129","land-id":"09187","name":"Bad Feilnbach","population":8236,"population_man":4074,"population_woman":4162,"area":57.5}},{"type":"Feature","geometry":{"type":"Point","coordinates":[11.863169966220434,47.91160919197921]},"properties":{"id":"130","land-id":"09187","name":"Feldkirchen-Westerham","population":10575,"population_man":5359,"population_woman":5216,"area":53.28}},{"type":"Feature","geometry":{"type":"Point","coordinates":[12.104713560136789,47.704419048801626]},"properties":{"id":"131","land-id":"09187","name":"Flintsbach a.Inn","population":2952,"population_man":1435,"population_woman":1517,"area":31.31}},{"type":"Feature","geometry":{"type":"Point","coordinates":[12.282413449781707,47.79761750774032]},"properties":{"id":"132","land-id":"09187","name":"Frasdorf","population":2985,"population_man":1485,"population_woman":1500,"area":32.76}},{"type":"Feature","geometry":{"type":"Point","coordinates":[12.189799529289786,47.989989573287545]},"properties":{"id":"134","land-id":"09187","name":"Griesst\u00e4tt","population":2838,"population_man":1422,"population_woman":1416,"area":29.63}},{"type":"Feature","geometry":{"type":"Point","coordinates":[12.067978133151426,47.900317342705016]},"properties":{"id":"137","land-id":"09187","name":"Gro\u00dfkarolinenfeld","population":7376,"population_man":3675,"population_woman":3701,"area":29.12}},{"type":"Feature","geometry":{"type":"Point","coordinates":[12.416770775813081,47.90431676139817]},"properties":{"id":"138","land-id":"09187","name":"Gstadt a.Chiemsee","population":1158,"population_man":570,"population_woman":588,"area":10.68}},{"type":"Feature","geometry":{"type":"Point","coordinates":[12.267465111567168,47.952363264015375]},"properties":{"id":"139","land-id":"09187","name":"Halfing","population":2779,"population_man":1388,"population_woman":1391,"area":22.81}},{"type":"Feature","geometry":{"type":"Point","coordinates":[12.119738822172469,47.92623355108221]},"properties":{"id":"142","land-id":"09187","name":"Schechen","population":5373,"population_man":2686,"population_woman":2687,"area":31.39}},{"type":"Feature","geometry":{"type":"Point","coordinates":[12.320214527996898,47.9481494196699]},"properties":{"id":"145","land-id":"09187","name":"H\u00f6slwang","population":1213,"population_man":629,"population_woman":584,"area":16.2}},{"type":"Feature","geometry":{"type":"Point","coordinates":[12.12770084029437,47.6258579572523]},"properties":{"id":"148","land-id":"09187","name":"Kiefersfelden","population":6531,"population_man":3189,"population_woman":3342,"area":36.78}},{"type":"Feature","geometry":{"type":"Point","coordinates":[12.047480065268175,47.842993740189364]},"properties":{"id":"150","land-id":"09187","name":"Kolbermoor","population":19047,"population_man":9242,"population_woman":9805,"area":19.84}},{"type":"Feature","geometry":{"type":"Point","coordinates":[12.150792062249726,47.77914812255689]},"properties":{"id":"154","land-id":"09187","name":"Neubeuern","population":4106,"population_man":2006,"population_woman":2100,"area":15.31}},{"type":"Feature","geometry":{"type":"Point","coordinates":[12.176388302583153,47.728657082253065]},"properties":{"id":"156","land-id":"09187","name":"Nu\u00dfdorf a.Inn","population":2547,"population_man":1274,"population_woman":1273,"area":28.59}},{"type":"Feature","geometry":{"type":"Point","coordinates":[12.11359727609672,47.663128145879384]},"properties":{"id":"157","land-id":"09187","name":"Oberaudorf","population":4978,"population_man":2424,"population_woman":2554,"area":59.29}},{"type":"Feature","geometry":{"type":"Point","coordinates":[12.103616672166472,48.05301669402555]},"properties":{"id":"159","land-id":"09187","name":"Pfaffing","population":4108,"population_man":2082,"population_woman":2026,"area":35.37}},{"type":"Feature","geometry":{"type":"Point","coordinates":[12.333697871895893,47.846163514883926]},"properties":{"id":"162","land-id":"09187","name":"Prien a.Chiemsee","population":10918,"population_man":4954,"population_woman":5964,"area":20.56}},{"type":"Feature","geometry":{"type":"Point","coordinates":[12.191697677812146,47.887923785541034]},"properties":{"id":"163","land-id":"09187","name":"Prutting","population":2895,"population_man":1421,"population_woman":1474,"area":16.21}},{"type":"Feature","geometry":{"type":"Point","coordinates":[12.146895151803891,48.01500950383203]},"properties":{"id":"164","land-id":"09187","name":"Ramerberg","population":1393,"population_man":719,"population_woman":674,"area":8.11}},{"type":"Feature","geometry":{"type":"Point","coordinates":[12.084732610249961,47.786910619172126]},"properties":{"id":"165","land-id":"09187","name":"Raubling","population":11108,"population_man":5494,"population_woman":5614,"area":44.26}},{"type":"Feature","geometry":{"type":"Point","coordinates":[12.237545814958105,47.839525010928064]},"properties":{"id":"167","land-id":"09187","name":"Riedering","population":5533,"population_man":2735,"population_woman":2798,"area":38.09}},{"type":"Feature","geometry":{"type":"Point","coordinates":[12.328019892621192,47.87491161532264]},"properties":{"id":"168","land-id":"09187","name":"Rimsting","population":3777,"population_man":1772,"population_woman":2005,"area":19.96}},{"type":"Feature","geometry":{"type":"Point","coordinates":[12.187365699324651,47.80722267481396]},"properties":{"id":"169","land-id":"09187","name":"Rohrdorf","population":5846,"population_man":2906,"population_woman":2940,"area":28.66}},{"type":"Feature","geometry":{"type":"Point","coordinates":[12.126385024368386,47.988219757209535]},"properties":{"id":"170","land-id":"09187","name":"Rott a.Inn","population":4146,"population_man":2095,"population_woman":2051,"area":19.59}},{"type":"Feature","geometry":{"type":"Point","coordinates":[12.21502591004447,47.76133734750072]},"properties":{"id":"172","land-id":"09187","name":"Samerberg","population":2775,"population_man":1390,"population_woman":1385,"area":33.41}},{"type":"Feature","geometry":{"type":"Point","coordinates":[12.253896843993786,47.98692828277013]},"properties":{"id":"173","land-id":"09187","name":"Schonstett","population":1444,"population_man":723,"population_woman":721,"area":13.54}},{"type":"Feature","geometry":{"type":"Point","coordinates":[12.230619222537726,47.919418162347675]},"properties":{"id":"174","land-id":"09187","name":"S\u00f6chtenau","population":2655,"population_man":1316,"population_woman":1339,"area":25.59}},{"type":"Feature","geometry":{"type":"Point","coordinates":[12.214729483084609,48.10449339625268]},"properties":{"id":"176","land-id":"09187","name":"Soyen","population":2914,"population_man":1439,"population_woman":1475,"area":28.91}},{"type":"Feature","geometry":{"type":"Point","coordinates":[12.180869744561514,47.8626077126104]},"properties":{"id":"177","land-id":"09187","name":"Stephanskirchen","population":10168,"population_man":4967,"population_woman":5201,"area":26.59}},{"type":"Feature","geometry":{"type":"Point","coordinates":[12.003447873833041,47.94405588098738]},"properties":{"id":"179","land-id":"09187","name":"Tuntenhausen","population":7014,"population_man":3609,"population_woman":3405,"area":69.02}},{"type":"Feature","geometry":{"type":"Point","coordinates":[12.176438205805368,47.931498651175666]},"properties":{"id":"181","land-id":"09187","name":"Vogtareuth","population":3191,"population_man":1607,"population_woman":1584,"area":34.28}},{"type":"Feature","geometry":{"type":"Point","coordinates":[12.200453935950085,48.054206536806085]},"properties":{"id":"182","land-id":"09187","name":"Wasserburg a.Inn","population":12347,"population_man":6158,"population_woman":6189,"area":18.8}},{"type":"Feature","geometry":{"type":"Point","coordinates":[12.114350469676266,48.107269428458785]},"properties":{"id":"186","land-id":"09187","name":"Albaching","population":1732,"population_man":875,"population_woman":857,"area":18.14}},{"type":"Feature","geometry":{"type":"Point","coordinates":[11.379879470462999,47.95900902199142]},"properties":{"id":"113","land-id":"09188","name":"Berg","population":8061,"population_man":3950,"population_woman":4111,"area":36.64}},{"type":"Feature","geometry":{"type":"Point","coordinates":[11.207653949656276,47.968793952153376]},"properties":{"id":"117","land-id":"09188","name":"Andechs","population":3858,"population_man":1941,"population_woman":1917,"area":40.5}},{"type":"Feature","geometry":{"type":"Point","coordinates":[11.28486210133103,47.945629050807085]},"properties":{"id":"118","land-id":"09188","name":"Feldafing","population":4346,"population_man":2059,"population_woman":2287,"area":9.21}},{"type":"Feature","geometry":{"type":"Point","coordinates":[11.353923316709022,48.0603981130838]},"properties":{"id":"120","land-id":"09188","name":"Gauting","population":21884,"population_man":10663,"population_woman":11221,"area":55.5}},{"type":"Feature","geometry":{"type":"Point","coordinates":[11.27623024912343,48.111357825661365]},"properties":{"id":"121","land-id":"09188","name":"Gilching","population":19039,"population_man":9335,"population_woman":9704,"area":31.49}},{"type":"Feature","geometry":{"type":"Point","coordinates":[11.166081448128299,48.00794878611896]},"properties":{"id":"124","land-id":"09188","name":"Herrsching a.Ammersee","population":11098,"population_man":5259,"population_woman":5839,"area":20.89}},{"type":"Feature","geometry":{"type":"Point","coordinates":[11.156588823671608,48.072427579344584]},"properties":{"id":"126","land-id":"09188","name":"Inning a.Ammersee","population":4790,"population_man":2385,"population_woman":2405,"area":24.33}},{"type":"Feature","geometry":{"type":"Point","coordinates":[11.361946299732915,48.094411255603625]},"properties":{"id":"127","land-id":"09188","name":"Krailling","population":7835,"population_man":3781,"population_woman":4054,"area":16.02}},{"type":"Feature","geometry":{"type":"Point","coordinates":[11.223887440475893,48.036416666869584]},"properties":{"id":"132","land-id":"09188","name":"Seefeld","population":7662,"population_man":3755,"population_woman":3907,"area":34.88}},{"type":"Feature","geometry":{"type":"Point","coordinates":[11.28356526274748,47.972738196749646]},"properties":{"id":"137","land-id":"09188","name":"P\u00f6cking","population":5605,"population_man":2701,"population_woman":2904,"area":20.9}},{"type":"Feature","geometry":{"type":"Point","coordinates":[11.332677185838929,48.0103216246131]},"properties":{"id":"139","land-id":"09188","name":"Starnberg","population":24466,"population_man":11617,"population_woman":12849,"area":61.86}},{"type":"Feature","geometry":{"type":"Point","coordinates":[11.244960470798064,47.91037275200379]},"properties":{"id":"141","land-id":"09188","name":"Tutzing","population":9915,"population_man":4684,"population_woman":5231,"area":35.7}},{"type":"Feature","geometry":{"type":"Point","coordinates":[11.26260820762739,48.0737642447878]},"properties":{"id":"144","land-id":"09188","name":"We\u00dfling","population":5508,"population_man":2679,"population_woman":2829,"area":22.56}},{"type":"Feature","geometry":{"type":"Point","coordinates":[11.201916439982812,48.08035364041607]},"properties":{"id":"145","land-id":"09188","name":"W\u00f6rthsee","population":5198,"population_man":2512,"population_woman":2686,"area":20.46}},{"type":"Feature","geometry":{"type":"Point","coordinates":[12.505801806273492,48.00206834609433]},"properties":{"id":"111","land-id":"09189","name":"Altenmarkt a.d.Alz","population":4076,"population_man":2038,"population_woman":2038,"area":26.11}},{"type":"Feature","geometry":{"type":"Point","coordinates":[12.572746925383939,47.794006516731976]},"properties":{"id":"113","land-id":"09189","name":"Bergen","population":4569,"population_man":2215,"population_woman":2354,"area":36.92}},{"type":"Feature","geometry":{"type":"Point","coordinates":[12.53941413111622,47.91408911783177]},"properties":{"id":"114","land-id":"09189","name":"Chieming","population":4593,"population_man":2223,"population_woman":2370,"area":37.67}},{"type":"Feature","geometry":{"type":"Point","coordinates":[12.521966395920158,48.125840254798696]},"properties":{"id":"115","land-id":"09189","name":"Engelsberg","population":2413,"population_man":1239,"population_woman":1174,"area":34.13}},{"type":"Feature","geometry":{"type":"Point","coordinates":[12.822747728888283,47.994348141452505]},"properties":{"id":"118","land-id":"09189","name":"Fridolfing","population":4338,"population_man":2181,"population_woman":2157,"area":44.28}},{"type":"Feature","geometry":{"type":"Point","coordinates":[12.55045351625646,47.84545795672872]},"properties":{"id":"119","land-id":"09189","name":"Grabenst\u00e4tt","population":4306,"population_man":2136,"population_woman":2170,"area":37.74}},{"type":"Feature","geometry":{"type":"Point","coordinates":[12.425548728983873,47.785939422834]},"properties":{"id":"120","land-id":"09189","name":"Grassau","population":6762,"population_man":3280,"population_woman":3482,"area":35.7}},{"type":"Feature","geometry":{"type":"Point","coordinates":[12.768285163405208,47.7682135226838]},"properties":{"id":"124","land-id":"09189","name":"Inzell","population":4332,"population_man":2123,"population_woman":2209,"area":45.21}},{"type":"Feature","geometry":{"type":"Point","coordinates":[12.467506838372634,48.04023764544248]},"properties":{"id":"126","land-id":"09189","name":"Kienberg","population":1331,"population_man":682,"population_woman":649,"area":22.81}},{"type":"Feature","geometry":{"type":"Point","coordinates":[12.821680933683963,47.94934003412153]},"properties":{"id":"127","land-id":"09189","name":"Kirchansch\u00f6ring","population":3301,"population_man":1641,"population_woman":1660,"area":25.08}},{"type":"Feature","geometry":{"type":"Point","coordinates":[12.451270075677268,47.757750821041675]},"properties":{"id":"129","land-id":"09189","name":"Marquartstein","population":3025,"population_man":1425,"population_woman":1600,"area":13.36}},{"type":"Feature","geometry":{"type":"Point","coordinates":[12.594461093179893,47.91070675987638]},"properties":{"id":"130","land-id":"09189","name":"Nu\u00dfdorf","population":2352,"population_man":1170,"population_woman":1182,"area":16.13}},{"type":"Feature","geometry":{"type":"Point","coordinates":[12.400583309390285,48.01418639986526]},"properties":{"id":"133","land-id":"09189","name":"Obing","population":4352,"population_man":2168,"population_woman":2184,"area":43.82}},{"type":"Feature","geometry":{"type":"Point","coordinates":[12.649123466121358,48.0060417069887]},"properties":{"id":"134","land-id":"09189","name":"Palling","population":3539,"population_man":1762,"population_woman":1777,"area":53.82}},{"type":"Feature","geometry":{"type":"Point","coordinates":[12.822100812431804,47.90378799001296]},"properties":{"id":"135","land-id":"09189","name":"Petting","population":2272,"population_man":1177,"population_woman":1095,"area":29.8}},{"type":"Feature","geometry":{"type":"Point","coordinates":[12.376839406373294,47.97451571332063]},"properties":{"id":"137","land-id":"09189","name":"Pittenhart","population":1883,"population_man":940,"population_woman":943,"area":27.88}},{"type":"Feature","geometry":{"type":"Point","coordinates":[12.521013204158312,47.66764333965078]},"properties":{"id":"139","land-id":"09189","name":"Reit im Winkl","population":1893,"population_man":956,"population_woman":937,"area":71.86}},{"type":"Feature","geometry":{"type":"Point","coordinates":[12.62734236644592,47.730182040774935]},"properties":{"id":"140","land-id":"09189","name":"Ruhpolding","population":6197,"population_man":3009,"population_woman":3188,"area":147.78}},{"type":"Feature","geometry":{"type":"Point","coordinates":[12.383067712851332,47.72184843381973]},"properties":{"id":"141","land-id":"09189","name":"Schleching","population":1634,"population_man":803,"population_woman":831,"area":45.18}},{"type":"Feature","geometry":{"type":"Point","coordinates":[12.39390914781962,48.07869244107797]},"properties":{"id":"142","land-id":"09189","name":"Schnaitsee","population":3648,"population_man":1883,"population_woman":1765,"area":61.2}},{"type":"Feature","geometry":{"type":"Point","coordinates":[12.470372299675857,47.960788198679786]},"properties":{"id":"143","land-id":"09189","name":"Seeon-Seebruck","population":4438,"population_man":2163,"population_woman":2275,"area":47.81}},{"type":"Feature","geometry":{"type":"Point","coordinates":[12.677952924854413,47.8108193351142]},"properties":{"id":"145","land-id":"09189","name":"Siegsdorf","population":8046,"population_man":3984,"population_woman":4062,"area":57.04}},{"type":"Feature","geometry":{"type":"Point","coordinates":[12.508264486312003,47.77914266095757]},"properties":{"id":"146","land-id":"09189","name":"Staudach-Egerndach","population":1125,"population_man":575,"population_woman":550,"area":19.37}},{"type":"Feature","geometry":{"type":"Point","coordinates":[12.702224242955314,47.86985318818061]},"properties":{"id":"148","land-id":"09189","name":"Surberg","population":3291,"population_man":1657,"population_woman":1634,"area":23.72}},{"type":"Feature","geometry":{"type":"Point","coordinates":[12.508207340402269,48.082278791035435]},"properties":{"id":"149","land-id":"09189","name":"Tacherting","population":5641,"population_man":2822,"population_woman":2819,"area":50.14}},{"type":"Feature","geometry":{"type":"Point","coordinates":[12.718219400522708,47.98024214663759]},"properties":{"id":"150","land-id":"09189","name":"Taching a.See","population":2035,"population_man":1030,"population_woman":1005,"area":26.66}},{"type":"Feature","geometry":{"type":"Point","coordinates":[12.740154307910208,48.04670320457212]},"properties":{"id":"152","land-id":"09189","name":"Tittmoning","population":5879,"population_man":2997,"population_woman":2882,"area":72.04}},{"type":"Feature","geometry":{"type":"Point","coordinates":[12.592095864437638,47.95783475656912]},"properties":{"id":"154","land-id":"09189","name":"Traunreut","population":20285,"population_man":10025,"population_woman":10260,"area":45.07}},{"type":"Feature","geometry":{"type":"Point","coordinates":[12.643979717041631,47.879643347605274]},"properties":{"id":"155","land-id":"09189","name":"Traunstein","population":20824,"population_man":9839,"population_woman":10985,"area":48.54}},{"type":"Feature","geometry":{"type":"Point","coordinates":[12.56562283941918,48.031258440151674]},"properties":{"id":"157","land-id":"09189","name":"Trostberg","population":11269,"population_man":5524,"population_woman":5745,"area":51.69}},{"type":"Feature","geometry":{"type":"Point","coordinates":[12.477460225644249,47.82677119291839]},"properties":{"id":"159","land-id":"09189","name":"\u00dcbersee","population":5032,"population_man":2455,"population_woman":2577,"area":30.55}},{"type":"Feature","geometry":{"type":"Point","coordinates":[12.471570745704812,47.7202644384296]},"properties":{"id":"160","land-id":"09189","name":"Unterw\u00f6ssen","population":3421,"population_man":1620,"population_woman":1801,"area":40.48}},{"type":"Feature","geometry":{"type":"Point","coordinates":[12.597257948252572,47.8422154793617]},"properties":{"id":"161","land-id":"09189","name":"Vachendorf","population":1777,"population_man":822,"population_woman":955,"area":9.95}},{"type":"Feature","geometry":{"type":"Point","coordinates":[12.723076148570533,47.9357088348262]},"properties":{"id":"162","land-id":"09189","name":"Waging a.See","population":6828,"population_man":3391,"population_woman":3437,"area":48.81}},{"type":"Feature","geometry":{"type":"Point","coordinates":[12.717923719968578,47.90182095224739]},"properties":{"id":"165","land-id":"09189","name":"Wonneberg","population":1562,"population_man":785,"population_woman":777,"area":18.08}},{"type":"Feature","geometry":{"type":"Point","coordinates":[10.859443705420201,47.82274223432867]},"properties":{"id":"111","land-id":"09190","name":"Altenstadt","population":3299,"population_man":1627,"population_woman":1672,"area":18.67}},{"type":"Feature","geometry":{"type":"Point","coordinates":[11.299929086707653,47.75667239742582]},"properties":{"id":"113","land-id":"09190","name":"Antdorf","population":1347,"population_man":699,"population_woman":648,"area":22.35}},{"type":"Feature","geometry":{"type":"Point","coordinates":[10.767819654307269,47.72971268885521]},"properties":{"id":"114","land-id":"09190","name":"Bernbeuren","population":2444,"population_man":1234,"population_woman":1210,"area":41.61}},{"type":"Feature","geometry":{"type":"Point","coordinates":[11.27264246474077,47.86358617455003]},"properties":{"id":"115","land-id":"09190","name":"Bernried am Starnberger See","population":2447,"population_man":1144,"population_woman":1303,"area":13.8}},{"type":"Feature","geometry":{"type":"Point","coordinates":[11.015594175436785,47.750052132524225]},"properties":{"id":"117","land-id":"09190","name":"B\u00f6bing","population":1876,"population_man":964,"population_woman":912,"area":40.34}},{"type":"Feature","geometry":{"type":"Point","coordinates":[10.812187501580935,47.77451656303915]},"properties":{"id":"118","land-id":"09190","name":"Burggen","population":1709,"population_man":876,"population_woman":833,"area":24.86}},{"type":"Feature","geometry":{"type":"Point","coordinates":[11.221924595357287,47.7873630356171]},"properties":{"id":"120","land-id":"09190","name":"Eberfing","population":1493,"population_man":747,"population_woman":746,"area":25.98}},{"type":"Feature","geometry":{"type":"Point","coordinates":[11.157084309751777,47.73799743695764]},"properties":{"id":"121","land-id":"09190","name":"Eglfing","population":1181,"population_man":593,"population_woman":588,"area":16.19}},{"type":"Feature","geometry":{"type":"Point","coordinates":[11.287157960736621,47.727730904967665]},"properties":{"id":"126","land-id":"09190","name":"Habach","population":1129,"population_man":561,"population_woman":568,"area":12.16}},{"type":"Feature","geometry":{"type":"Point","coordinates":[10.896926425093593,47.85402555059494]},"properties":{"id":"129","land-id":"09190","name":"Hohenfurch","population":1698,"population_man":876,"population_woman":822,"area":12.46}},{"type":"Feature","geometry":{"type":"Point","coordinates":[11.006626191803363,47.80171511361203]},"properties":{"id":"130","land-id":"09190","name":"Hohenpei\u00dfenberg","population":3877,"population_man":1952,"population_woman":1925,"area":20.58}},{"type":"Feature","geometry":{"type":"Point","coordinates":[11.13118789556016,47.757188417695794]},"properties":{"id":"131","land-id":"09190","name":"Huglfing","population":2882,"population_man":1393,"population_woman":1489,"area":24.39}},{"type":"Feature","geometry":{"type":"Point","coordinates":[11.323027057184126,47.7868871205801]},"properties":{"id":"132","land-id":"09190","name":"Iffeldorf","population":2751,"population_man":1345,"population_woman":1406,"area":27.51}},{"type":"Feature","geometry":{"type":"Point","coordinates":[10.784693580071414,47.80787350429202]},"properties":{"id":"133","land-id":"09190","name":"Ingenried","population":1137,"population_man":594,"population_woman":543,"area":17.48}},{"type":"Feature","geometry":{"type":"Point","coordinates":[11.114775997474698,47.77490315219896]},"properties":{"id":"135","land-id":"09190","name":"Oberhausen","population":2119,"population_man":1023,"population_woman":1096,"area":14.88}},{"type":"Feature","geometry":{"type":"Point","coordinates":[11.231600902226722,47.746098363616596]},"properties":{"id":"136","land-id":"09190","name":"Obers\u00f6chering","population":1556,"population_man":786,"population_woman":770,"area":24.31}},{"type":"Feature","geometry":{"type":"Point","coordinates":[11.17247782060493,47.920446564024196]},"properties":{"id":"138","land-id":"09190","name":"P\u00e4hl","population":2544,"population_man":1257,"population_woman":1287,"area":32.26}},{"type":"Feature","geometry":{"type":"Point","coordinates":[11.067741197972287,47.79942754879318]},"properties":{"id":"139","land-id":"09190","name":"Pei\u00dfenberg","population":13035,"population_man":6368,"population_woman":6667,"area":32.62}},{"type":"Feature","geometry":{"type":"Point","coordinates":[10.935168912404086,47.80101163975607]},"properties":{"id":"140","land-id":"09190","name":"Peiting","population":11756,"population_man":5986,"population_woman":5770,"area":75.05}},{"type":"Feature","geometry":{"type":"Point","coordinates":[11.381259144135544,47.76104796620764]},"properties":{"id":"141","land-id":"09190","name":"Penzberg","population":16945,"population_man":8276,"population_woman":8669,"area":25.7}},{"type":"Feature","geometry":{"type":"Point","coordinates":[11.130525513144255,47.81162075712606]},"properties":{"id":"142","land-id":"09190","name":"Polling","population":3621,"population_man":1784,"population_woman":1837,"area":29.2}},{"type":"Feature","geometry":{"type":"Point","coordinates":[10.813037006372497,47.67575126048399]},"properties":{"id":"143","land-id":"09190","name":"Prem","population":955,"population_man":481,"population_woman":474,"area":16.01}},{"type":"Feature","geometry":{"type":"Point","coordinates":[11.105947112153281,47.90446323717893]},"properties":{"id":"144","land-id":"09190","name":"Raisting","population":2365,"population_man":1212,"population_woman":1153,"area":21.9}},{"type":"Feature","geometry":{"type":"Point","coordinates":[10.96394226693156,47.727885240286746]},"properties":{"id":"145","land-id":"09190","name":"Rottenbuch","population":1843,"population_man":935,"population_woman":908,"area":31.56}},{"type":"Feature","geometry":{"type":"Point","coordinates":[10.896508214494483,47.812710452247934]},"properties":{"id":"148","land-id":"09190","name":"Schongau","population":12623,"population_man":6182,"population_woman":6441,"area":21.34}},{"type":"Feature","geometry":{"type":"Point","coordinates":[10.828051942142192,47.82151245936873]},"properties":{"id":"149","land-id":"09190","name":"Schwabbruck","population":1001,"population_man":494,"population_woman":507,"area":7.32}},{"type":"Feature","geometry":{"type":"Point","coordinates":[10.810445909117682,47.83977666012783]},"properties":{"id":"151","land-id":"09190","name":"Schwabsoien","population":1490,"population_man":762,"population_woman":728,"area":16.95}},{"type":"Feature","geometry":{"type":"Point","coordinates":[11.262945666426603,47.824701737927015]},"properties":{"id":"152","land-id":"09190","name":"Seeshaupt","population":3147,"population_man":1493,"population_woman":1654,"area":30.07}},{"type":"Feature","geometry":{"type":"Point","coordinates":[11.343172388692311,47.7191651918208]},"properties":{"id":"153","land-id":"09190","name":"Sindelsdorf","population":1214,"population_man":621,"population_woman":593,"area":17.55}},{"type":"Feature","geometry":{"type":"Point","coordinates":[10.867365024098152,47.7081776126211]},"properties":{"id":"154","land-id":"09190","name":"Steingaden","population":2934,"population_man":1450,"population_woman":1484,"area":64.09}},{"type":"Feature","geometry":{"type":"Point","coordinates":[11.145537529067134,47.84422036072971]},"properties":{"id":"157","land-id":"09190","name":"Weilheim i.OB","population":23156,"population_man":11243,"population_woman":11913,"area":55.37}},{"type":"Feature","geometry":{"type":"Point","coordinates":[11.023766973326707,47.862835886905344]},"properties":{"id":"158","land-id":"09190","name":"Wessobrunn","population":2235,"population_man":1150,"population_woman":1085,"area":51.0}},{"type":"Feature","geometry":{"type":"Point","coordinates":[11.184947559488485,47.87069338889636]},"properties":{"id":"159","land-id":"09190","name":"Wielenbach","population":3392,"population_man":1689,"population_woman":1703,"area":33.07}},{"type":"Feature","geometry":{"type":"Point","coordinates":[10.943782502420799,47.66833232746599]},"properties":{"id":"160","land-id":"09190","name":"Wildsteig","population":1315,"population_man":658,"population_woman":657,"area":47.61}}]}