{"type":"FeatureCollection","features":[{"type":"Feature","geometry":{"type":"Point","coordinates":[12.665815305511149,48.228014495187224]},"properties":{"id":"111","land-id":"09171","name":"Alt\u00f6tting","population":13050,"area":23.07,"centroid_coordinates":[12.665815305511149,48.228014495187224]}},{"type":"Feature","geometry":{"type":"Point","coordinates":[12.815405311891347,48.164945119666775]},"properties":{"id":"112","land-id":"09171","name":"Burghausen","population":19562,"area":19.85,"centroid_coordinates":[12.815405311891347,48.164945119666775]}},{"type":"Feature","geometry":{"type":"Point","coordinates":[12.72288625148805,48.150266610322355]},"properties":{"id":"113","land-id":"09171","name":"Burgkirchen a.d.Alz","population":10867,"area":46.2,"centroid_coordinates":[12.72288625148805,48.150266610322355]}},{"type":"Feature","geometry":{"type":"Point","coordinates":[12.762564184707788,48.20723871795912]},"properties":{"id":"114","land-id":"09171","name":"Emmerting","population":4247,"area":14.02,"centroid_coordinates":[12.762564184707788,48.20723871795912]}},{"type":"Feature","geometry":{"type":"Point","coordinates":[12.78458169211172,48.30448308923653]},"properties":{"id":"115","land-id":"09171","name":"Erlbach","population":1168,"area":28.07,"centroid_coordinates":[12.78458169211172,48.30448308923653]}},{"type":"Feature","geometry":{"type":"Point","coordinates":[12.599849597114478,48.08882231019667]},"properties":{"id":"116","land-id":"09171","name":"Feichten a.d.Alz","population":1359,"area":17.89,"centroid_coordinates":[12.599849597114478,48.08882231019667]}},{"type":"Feature","geometry":{"type":"Point","coordinates":[12.586974124988004,48.13518678755853]},"properties":{"id":"117","land-id":"09171","name":"Garching a.d.Alz","population":8471,"area":25.92,"centroid_coordinates":[12.586974124988004,48.13518678755853]}},{"type":"Feature","geometry":{"type":"Point","coordinates":[12.869489704899685,48.21954753093379]},"properties":{"id":"118","land-id":"09171","name":"Haiming","population":2567,"area":28.65,"centroid_coordinates":[12.869489704899685,48.21954753093379]}},{"type":"Feature","geometry":{"type":"Point","coordinates":[12.682941584703286,48.11886212847687]},"properties":{"id":"119","land-id":"09171","name":"Halsbach","population":1072,"area":22.0,"centroid_coordinates":[12.682941584703286,48.11886212847687]}},{"type":"Feature","geometry":{"type":"Point","coordinates":[12.686793954839896,48.18778379859345]},"properties":{"id":"121","land-id":"09171","name":"Kastl","population":2819,"area":27.63,"centroid_coordinates":[12.686793954839896,48.18778379859345]}},{"type":"Feature","geometry":{"type":"Point","coordinates":[12.644191283710228,48.098418433816605]},"properties":{"id":"122","land-id":"09171","name":"Kirchweidach","population":2899,"area":20.14,"centroid_coordinates":[12.644191283710228,48.098418433816605]}},{"type":"Feature","geometry":{"type":"Point","coordinates":[12.833726538535437,48.25533014304002]},"properties":{"id":"123","land-id":"09171","name":"Marktl","population":2814,"area":28.01,"centroid_coordinates":[12.833726538535437,48.25533014304002]}},{"type":"Feature","geometry":{"type":"Point","coordinates":[12.790932334067927,48.184782154625694]},"properties":{"id":"124","land-id":"09171","name":"Mehring","population":2375,"area":23.35,"centroid_coordinates":[12.790932334067927,48.184782154625694]}},{"type":"Feature","geometry":{"type":"Point","coordinates":[12.745665469023491,48.24236625605262]},"properties":{"id":"125","land-id":"09171","name":"Neu\u00f6tting","population":9015,"area":36.68,"centroid_coordinates":[12.745665469023491,48.24236625605262]}},{"type":"Feature","geometry":{"type":"Point","coordinates":[12.769142978318433,48.27121845889484]},"properties":{"id":"126","land-id":"09171","name":"Perach","population":1323,"area":14.18,"centroid_coordinates":[12.769142978318433,48.27121845889484]}},{"type":"Feature","geometry":{"type":"Point","coordinates":[12.62881372030877,48.31691061987235]},"properties":{"id":"127","land-id":"09171","name":"Pleiskirchen","population":2459,"area":52.53,"centroid_coordinates":[12.62881372030877,48.31691061987235]}},{"type":"Feature","geometry":{"type":"Point","coordinates":[12.71425877284662,48.294645364935555]},"properties":{"id":"129","land-id":"09171","name":"Reischach","population":2706,"area":28.43,"centroid_coordinates":[12.71425877284662,48.294645364935555]}},{"type":"Feature","geometry":{"type":"Point","coordinates":[12.875214336352883,48.25092724255747]},"properties":{"id":"130","land-id":"09171","name":"Stammham","population":983,"area":5.65,"centroid_coordinates":[12.875214336352883,48.25092724255747]}},{"type":"Feature","geometry":{"type":"Point","coordinates":[12.611801743530503,48.229770128673664]},"properties":{"id":"131","land-id":"09171","name":"Teising","population":1717,"area":5.38,"centroid_coordinates":[12.611801743530503,48.229770128673664]}},{"type":"Feature","geometry":{"type":"Point","coordinates":[12.59324790375286,48.257937630490375]},"properties":{"id":"132","land-id":"09171","name":"T\u00f6ging a.Inn","population":9425,"area":13.67,"centroid_coordinates":[12.59324790375286,48.257937630490375]}},{"type":"Feature","geometry":{"type":"Point","coordinates":[12.614406037512053,48.206202835981294]},"properties":{"id":"133","land-id":"09171","name":"T\u00fc\u00dfling","population":3232,"area":19.6,"centroid_coordinates":[12.614406037512053,48.206202835981294]}},{"type":"Feature","geometry":{"type":"Point","coordinates":[12.664743825879404,48.06534163750812]},"properties":{"id":"134","land-id":"09171","name":"Tyrlaching","population":1073,"area":20.54,"centroid_coordinates":[12.664743825879404,48.06534163750812]}},{"type":"Feature","geometry":{"type":"Point","coordinates":[12.621548398470095,48.167700887029184]},"properties":{"id":"135","land-id":"09171","name":"Unterneukirchen","population":3453,"area":23.22,"centroid_coordinates":[12.621548398470095,48.167700887029184]}},{"type":"Feature","geometry":{"type":"Point","coordinates":[12.655798926672915,48.269795211395326]},"properties":{"id":"137","land-id":"09171","name":"Winh\u00f6ring","population":4835,"area":24.53,"centroid_coordinates":[12.655798926672915,48.269795211395326]}},{"type":"Feature","geometry":{"type":"Point","coordinates":[12.92722723252377,47.819713210729475]},"properties":{"id":"111","land-id":"09172","name":"Ainring","population":9667,"area":32.9,"centroid_coordinates":[12.92722723252377,47.819713210729475]}},{"type":"Feature","geometry":{"type":"Point","coordinates":[12.8462576727328,47.796832950411215]},"properties":{"id":"112","land-id":"09172","name":"Anger","population":4250,"area":45.97,"centroid_coordinates":[12.8462576727328,47.796832950411215]}},{"type":"Feature","geometry":{"type":"Point","coordinates":[12.861190528063343,47.730157944729406]},"properties":{"id":"114","land-id":"09172","name":"Bad Reichenhall","population":18464,"area":41.96,"centroid_coordinates":[12.861190528063343,47.730157944729406]}},{"type":"Feature","geometry":{"type":"Point","coordinates":[12.902207327902042,47.71004911259048]},"properties":{"id":"115","land-id":"09172","name":"Bayerisch Gmain","population":2981,"area":12.32,"centroid_coordinates":[12.902207327902042,47.71004911259048]}},{"type":"Feature","geometry":{"type":"Point","coordinates":[13.031367032361626,47.64314166780071]},"properties":{"id":"116","land-id":"09172","name":"Berchtesgaden","population":7745,"area":35.65,"centroid_coordinates":[13.031367032361626,47.64314166780071]}},{"type":"Feature","geometry":{"type":"Point","coordinates":[12.944109803761307,47.66215720220849]},"properties":{"id":"117","land-id":"09172","name":"Bischofswiesen","population":7096,"area":62.03,"centroid_coordinates":[12.944109803761307,47.66215720220849]}},{"type":"Feature","geometry":{"type":"Point","coordinates":[12.97504560920809,47.84519890728039]},"properties":{"id":"118","land-id":"09172","name":"Freilassing","population":17579,"area":14.79,"centroid_coordinates":[12.97504560920809,47.84519890728039]}},{"type":"Feature","geometry":{"type":"Point","coordinates":[12.90052922431851,47.92545652074098]},"properties":{"id":"122","land-id":"09172","name":"Laufen","population":7237,"area":35.18,"centroid_coordinates":[12.90052922431851,47.92545652074098]}},{"type":"Feature","geometry":{"type":"Point","coordinates":[13.044162538337359,47.68309902125021]},"properties":{"id":"124","land-id":"09172","name":"Marktschellenberg","population":1726,"area":17.61,"centroid_coordinates":[13.044162538337359,47.68309902125021]}},{"type":"Feature","geometry":{"type":"Point","coordinates":[12.89782031916446,47.77070932088832]},"properties":{"id":"128","land-id":"09172","name":"Piding","population":5249,"area":17.63,"centroid_coordinates":[12.89782031916446,47.77070932088832]}},{"type":"Feature","geometry":{"type":"Point","coordinates":[12.871510215772233,47.58400446281156]},"properties":{"id":"129","land-id":"09172","name":"Ramsau b.Berchtesgaden","population":1684,"area":129.13,"centroid_coordinates":[12.871510215772233,47.58400446281156]}},{"type":"Feature","geometry":{"type":"Point","coordinates":[12.92800219359952,47.87963705184462]},"properties":{"id":"130","land-id":"09172","name":"Saaldorf-Surheim","population":5545,"area":39.18,"centroid_coordinates":[12.92800219359952,47.87963705184462]}},{"type":"Feature","geometry":{"type":"Point","coordinates":[12.796941399955779,47.68831736749687]},"properties":{"id":"131","land-id":"09172","name":"Schneizlreuth","population":1381,"area":107.35,"centroid_coordinates":[12.796941399955779,47.68831736749687]}},{"type":"Feature","geometry":{"type":"Point","coordinates":[12.987296074389336,47.54347628283919]},"properties":{"id":"132","land-id":"09172","name":"Sch\u00f6nau a.K\u00f6nigssee","population":5398,"area":131.57,"centroid_coordinates":[12.987296074389336,47.54347628283919]}},{"type":"Feature","geometry":{"type":"Point","coordinates":[12.807402907847433,47.84978828916088]},"properties":{"id":"134","land-id":"09172","name":"Teisendorf","population":9283,"area":86.67,"centroid_coordinates":[12.807402907847433,47.84978828916088]}},{"type":"Feature","geometry":{"type":"Point","coordinates":[11.450698836593128,47.754665319716096]},"properties":{"id":"111","land-id":"09173","name":"Bad Heilbrunn","population":3857,"area":40.3,"centroid_coordinates":[11.450698836593128,47.754665319716096]}},{"type":"Feature","geometry":{"type":"Point","coordinates":[11.571920580818308,47.78298763619729]},"properties":{"id":"112","land-id":"09173","name":"Bad T\u00f6lz","population":19751,"area":30.79,"centroid_coordinates":[11.571920580818308,47.78298763619729]}},{"type":"Feature","geometry":{"type":"Point","coordinates":[11.422255275718904,47.68960107003697]},"properties":{"id":"113","land-id":"09173","name":"Benediktbeuern","population":3679,"area":37.85,"centroid_coordinates":[11.422255275718904,47.68960107003697]}},{"type":"Feature","geometry":{"type":"Point","coordinates":[11.432706844719684,47.719232397304644]},"properties":{"id":"115","land-id":"09173","name":"Bichl","population":2335,"area":13.92,"centroid_coordinates":[11.432706844719684,47.719232397304644]}},{"type":"Feature","geometry":{"type":"Point","coordinates":[11.57542020369527,47.86909191973282]},"properties":{"id":"118","land-id":"09173","name":"Dietramszell","population":5590,"area":96.79,"centroid_coordinates":[11.57542020369527,47.86909191973282]}},{"type":"Feature","geometry":{"type":"Point","coordinates":[11.513798597570966,47.92773375253024]},"properties":{"id":"120","land-id":"09173","name":"Egling","population":5343,"area":74.28,"centroid_coordinates":[11.513798597570966,47.92773375253024]}},{"type":"Feature","geometry":{"type":"Point","coordinates":[11.40143790730372,47.83456924397005]},"properties":{"id":"123","land-id":"09173","name":"Eurasburg","population":4334,"area":40.9,"centroid_coordinates":[11.40143790730372,47.83456924397005]}},{"type":"Feature","geometry":{"type":"Point","coordinates":[11.6097606396759,47.7168575248287]},"properties":{"id":"124","land-id":"09173","name":"Gai\u00dfach","population":3171,"area":38.35,"centroid_coordinates":[11.6097606396759,47.7168575248287]}},{"type":"Feature","geometry":{"type":"Point","coordinates":[11.4537373182874,47.87102409797549]},"properties":{"id":"126","land-id":"09173","name":"Geretsried","population":26084,"area":24.59,"centroid_coordinates":[11.4537373182874,47.87102409797549]}},{"type":"Feature","geometry":{"type":"Point","coordinates":[11.608540896827307,47.75593604809661]},"properties":{"id":"127","land-id":"09173","name":"Greiling","population":1458,"area":7.67,"centroid_coordinates":[11.608540896827307,47.75593604809661]}},{"type":"Feature","geometry":{"type":"Point","coordinates":[11.423554493322866,47.94711226427987]},"properties":{"id":"130","land-id":"09173","name":"Icking","population":3702,"area":16.99,"centroid_coordinates":[11.423554493322866,47.94711226427987]}},{"type":"Feature","geometry":{"type":"Point","coordinates":[11.429207117994984,47.595934797989244]},"properties":{"id":"131","land-id":"09173","name":"Jachenau","population":824,"area":128.67,"centroid_coordinates":[11.429207117994984,47.595934797989244]}},{"type":"Feature","geometry":{"type":"Point","coordinates":[11.353049712199429,47.62805304406266]},"properties":{"id":"133","land-id":"09173","name":"Kochel a.See","population":4117,"area":80.11,"centroid_coordinates":[11.353049712199429,47.62805304406266]}},{"type":"Feature","geometry":{"type":"Point","coordinates":[11.466877418798289,47.81261199722089]},"properties":{"id":"134","land-id":"09173","name":"K\u00f6nigsdorf","population":3155,"area":45.7,"centroid_coordinates":[11.466877418798289,47.81261199722089]}},{"type":"Feature","geometry":{"type":"Point","coordinates":[11.534393693127605,47.59633735805474]},"properties":{"id":"135","land-id":"09173","name":"Lenggries","population":10073,"area":243.0,"centroid_coordinates":[11.534393693127605,47.59633735805474]}},{"type":"Feature","geometry":{"type":"Point","coordinates":[11.362731853662652,47.874310611065454]},"properties":{"id":"137","land-id":"09173","name":"M\u00fcnsing","population":4381,"area":52.19,"centroid_coordinates":[11.362731853662652,47.874310611065454]}},{"type":"Feature","geometry":{"type":"Point","coordinates":[11.632263997040887,47.76372168494055]},"properties":{"id":"140","land-id":"09173","name":"Reichersbeuern","population":2369,"area":15.36,"centroid_coordinates":[11.632263997040887,47.76372168494055]}},{"type":"Feature","geometry":{"type":"Point","coordinates":[11.629492485157886,47.80858941492906]},"properties":{"id":"141","land-id":"09173","name":"Sachsenkam","population":1342,"area":15.93,"centroid_coordinates":[11.629492485157886,47.80858941492906]}},{"type":"Feature","geometry":{"type":"Point","coordinates":[11.307165911648802,47.64564559127919]},"properties":{"id":"142","land-id":"09173","name":"Schlehdorf","population":1337,"area":25.41,"centroid_coordinates":[11.307165911648802,47.64564559127919]}},{"type":"Feature","geometry":{"type":"Point","coordinates":[11.515527182078435,47.74069772117219]},"properties":{"id":"145","land-id":"09173","name":"Wackersberg","population":3686,"area":64.92,"centroid_coordinates":[11.515527182078435,47.74069772117219]}},{"type":"Feature","geometry":{"type":"Point","coordinates":[11.427153506592777,47.90921099970277]},"properties":{"id":"147","land-id":"09173","name":"Wolfratshausen","population":19494,"area":9.09,"centroid_coordinates":[11.427153506592777,47.90921099970277]}},{"type":"Feature","geometry":{"type":"Point","coordinates":[11.237863685159581,48.38968276429141]},"properties":{"id":"111","land-id":"09174","name":"Altom\u00fcnster","population":7758,"area":75.69,"centroid_coordinates":[11.237863685159581,48.38968276429141]}},{"type":"Feature","geometry":{"type":"Point","coordinates":[11.359969538423648,48.25551417071082]},"properties":{"id":"113","land-id":"09174","name":"Bergkirchen","population":7462,"area":60.04,"centroid_coordinates":[11.359969538423648,48.25551417071082]}},{"type":"Feature","geometry":{"type":"Point","coordinates":[11.43987395201555,48.26806848336261]},"properties":{"id":"115","land-id":"09174","name":"Dachau","population":46364,"area":34.96,"centroid_coordinates":[11.43987395201555,48.26806848336261]}},{"type":"Feature","geometry":{"type":"Point","coordinates":[11.283275659893317,48.33272667024057]},"properties":{"id":"118","land-id":"09174","name":"Erdweg","population":6181,"area":36.1,"centroid_coordinates":[11.283275659893317,48.33272667024057]}},{"type":"Feature","geometry":{"type":"Point","coordinates":[11.541886711295067,48.31601939473385]},"properties":{"id":"121","land-id":"09174","name":"Haimhausen","population":5635,"area":26.89,"centroid_coordinates":[11.541886711295067,48.31601939473385]}},{"type":"Feature","geometry":{"type":"Point","coordinates":[11.480487303298508,48.2970469168807]},"properties":{"id":"122","land-id":"09174","name":"Hebertshausen","population":5961,"area":29.63,"centroid_coordinates":[11.480487303298508,48.2970469168807]}},{"type":"Feature","geometry":{"type":"Point","coordinates":[11.462746831540246,48.22964324700311]},"properties":{"id":"126","land-id":"09174","name":"Karlsfeld","population":21442,"area":15.55,"centroid_coordinates":[11.462746831540246,48.22964324700311]}},{"type":"Feature","geometry":{"type":"Point","coordinates":[11.359766821670648,48.369782417800195]},"properties":{"id":"131","land-id":"09174","name":"Markt Indersdorf","population":10086,"area":68.34,"centroid_coordinates":[11.359766821670648,48.369782417800195]}},{"type":"Feature","geometry":{"type":"Point","coordinates":[11.208007905008618,48.317810385917724]},"properties":{"id":"135","land-id":"09174","name":"Odelzhausen","population":5643,"area":30.37,"centroid_coordinates":[11.208007905008618,48.317810385917724]}},{"type":"Feature","geometry":{"type":"Point","coordinates":[11.476817893993395,48.4076248704026]},"properties":{"id":"136","land-id":"09174","name":"Petershausen","population":6383,"area":32.8,"centroid_coordinates":[11.476817893993395,48.4076248704026]}},{"type":"Feature","geometry":{"type":"Point","coordinates":[11.144914109926704,48.29907527027679]},"properties":{"id":"137","land-id":"09174","name":"Pfaffenhofen a.d.Glonn","population":2289,"area":20.91,"centroid_coordinates":[11.144914109926704,48.29907527027679]}},{"type":"Feature","geometry":{"type":"Point","coordinates":[11.458289296206297,48.3317640257054]},"properties":{"id":"141","land-id":"09174","name":"R\u00f6hrmoos","population":6448,"area":31.75,"centroid_coordinates":[11.458289296206297,48.3317640257054]}},{"type":"Feature","geometry":{"type":"Point","coordinates":[11.342645076797224,48.30766767003549]},"properties":{"id":"143","land-id":"09174","name":"Schwabhausen","population":6302,"area":30.28,"centroid_coordinates":[11.342645076797224,48.30766767003549]}},{"type":"Feature","geometry":{"type":"Point","coordinates":[11.256574835171046,48.28756148584982]},"properties":{"id":"146","land-id":"09174","name":"Sulzemoos","population":2864,"area":19.03,"centroid_coordinates":[11.256574835171046,48.28756148584982]}},{"type":"Feature","geometry":{"type":"Point","coordinates":[11.327037870461476,48.43207814505197]},"properties":{"id":"147","land-id":"09174","name":"Hilgertshausen-Tandern","population":3365,"area":28.68,"centroid_coordinates":[11.327037870461476,48.43207814505197]}},{"type":"Feature","geometry":{"type":"Point","coordinates":[11.466255025323859,48.36535919382131]},"properties":{"id":"150","land-id":"09174","name":"Vierkirchen","population":4614,"area":19.37,"centroid_coordinates":[11.466255025323859,48.36535919382131]}},{"type":"Feature","geometry":{"type":"Point","coordinates":[11.415024809837732,48.386966816715784]},"properties":{"id":"151","land-id":"09174","name":"Weichs","population":3566,"area":18.85,"centroid_coordinates":[11.415024809837732,48.386966816715784]}},{"type":"Feature","geometry":{"type":"Point","coordinates":[11.854342792880363,48.158140222903846]},"properties":{"id":"111","land-id":"09175","name":"Anzing","population":4351,"area":16.21,"centroid_coordinates":[11.854342792880363,48.158140222903846]}},{"type":"Feature","geometry":{"type":"Point","coordinates":[11.993184180680966,47.99137595252014]},"properties":{"id":"112","land-id":"09175","name":"A\u00dfling","population":4545,"area":31.31,"centroid_coordinates":[11.993184180680966,47.99137595252014]}},{"type":"Feature","geometry":{"type":"Point","coordinates":[11.91324758252467,48.07614320899845]},"properties":{"id":"113","land-id":"09175","name":"Baiern","population":1479,"area":549.56,"centroid_coordinates":[11.91324758252467,48.07614320899845]}},{"type":"Feature","geometry":{"type":"Point","coordinates":[11.91746503605894,48.02382729044997]},"properties":{"id":"114","land-id":"09175","name":"Bruck","population":1341,"area":21.63,"centroid_coordinates":[11.91746503605894,48.02382729044997]}},{"type":"Feature","geometry":{"type":"Point","coordinates":[11.980533851147129,48.081630757077]},"properties":{"id":"115","land-id":"09175","name":"Ebersberg","population":12240,"area":40.83,"centroid_coordinates":[11.980533851147129,48.081630757077]}},{"type":"Feature","geometry":{"type":"Point","coordinates":[11.80249046529887,47.99483209500703]},"properties":{"id":"116","land-id":"09175","name":"Egmating","population":2299,"area":19.25,"centroid_coordinates":[11.80249046529887,47.99483209500703]}},{"type":"Feature","geometry":{"type":"Point","coordinates":[11.905567772532155,48.1747683077456]},"properties":{"id":"118","land-id":"09175","name":"Forstinning","population":3730,"area":12.33,"centroid_coordinates":[11.905567772532155,48.1747683077456]}},{"type":"Feature","geometry":{"type":"Point","coordinates":[12.046791477722584,48.03374545089473]},"properties":{"id":"119","land-id":"09175","name":"Frauenneuharting","population":1557,"area":22.67,"centroid_coordinates":[12.046791477722584,48.03374545089473]}},{"type":"Feature","geometry":{"type":"Point","coordinates":[11.864609852638672,47.98632617365871]},"properties":{"id":"121","land-id":"09175","name":"Glonn","population":4999,"area":30.17,"centroid_coordinates":[11.864609852638672,47.98632617365871]}},{"type":"Feature","geometry":{"type":"Point","coordinates":[11.97469287623484,48.03657591414757]},"properties":{"id":"122","land-id":"09175","name":"Grafing b.M\u00fcnchen","population":13953,"area":29.59,"centroid_coordinates":[11.97469287623484,48.03657591414757]}},{"type":"Feature","geometry":{"type":"Point","coordinates":[11.998690179857086,48.15014418590451]},"properties":{"id":"123","land-id":"09175","name":"Hohenlinden","population":3298,"area":17.3,"centroid_coordinates":[11.998690179857086,48.15014418590451]}},{"type":"Feature","geometry":{"type":"Point","coordinates":[11.878792923081672,48.06734445711717]},"properties":{"id":"124","land-id":"09175","name":"Kirchseeon","population":10373,"area":17.93,"centroid_coordinates":[11.878792923081672,48.06734445711717]}},{"type":"Feature","geometry":{"type":"Point","coordinates":[11.862195985960657,48.19100341972629]},"properties":{"id":"127","land-id":"09175","name":"Markt Schwaben","population":13588,"area":10.83,"centroid_coordinates":[11.862195985960657,48.19100341972629]}},{"type":"Feature","geometry":{"type":"Point","coordinates":[11.872992836690747,48.03770380896456]},"properties":{"id":"128","land-id":"09175","name":"Moosach","population":1435,"area":18.17,"centroid_coordinates":[11.872992836690747,48.03770380896456]}},{"type":"Feature","geometry":{"type":"Point","coordinates":[11.813982143629048,48.032218525946725]},"properties":{"id":"131","land-id":"09175","name":"Oberpframmern","population":2448,"area":18.51,"centroid_coordinates":[11.813982143629048,48.032218525946725]}},{"type":"Feature","geometry":{"type":"Point","coordinates":[11.793155696079486,48.12710941483947]},"properties":{"id":"132","land-id":"09175","name":"Vaterstetten","population":24404,"area":34.14,"centroid_coordinates":[11.793155696079486,48.12710941483947]}},{"type":"Feature","geometry":{"type":"Point","coordinates":[11.795361023333763,48.19823657680372]},"properties":{"id":"133","land-id":"09175","name":"Pliening","population":5837,"area":22.82,"centroid_coordinates":[11.795361023333763,48.19823657680372]}},{"type":"Feature","geometry":{"type":"Point","coordinates":[11.802583298960954,48.16826821342379]},"properties":{"id":"135","land-id":"09175","name":"Poing","population":16588,"area":12.9,"centroid_coordinates":[11.802583298960954,48.16826821342379]}},{"type":"Feature","geometry":{"type":"Point","coordinates":[12.06231382092541,47.99339998534674]},"properties":{"id":"136","land-id":"09175","name":"Emmering","population":1442,"area":17.3,"centroid_coordinates":[12.06231382092541,47.99339998534674]}},{"type":"Feature","geometry":{"type":"Point","coordinates":[12.043047613096947,48.098854265582744]},"properties":{"id":"137","land-id":"09175","name":"Steinh\u00f6ring","population":3846,"area":36.32,"centroid_coordinates":[12.043047613096947,48.098854265582744]}},{"type":"Feature","geometry":{"type":"Point","coordinates":[11.819662526984159,48.082473481875176]},"properties":{"id":"139","land-id":"09175","name":"Zorneding","population":9468,"area":23.87,"centroid_coordinates":[11.819662526984159,48.082473481875176]}},{"type":"Feature","geometry":{"type":"Point","coordinates":[11.203770099450674,48.84423850873205]},"properties":{"id":"111","land-id":"09176","name":"Adelschlag","population":3025,"area":51.87,"centroid_coordinates":[11.203770099450674,48.84423850873205]}},{"type":"Feature","geometry":{"type":"Point","coordinates":[11.617833927888494,48.90841576677414]},"properties":{"id":"112","land-id":"09176","name":"Altmannstein","population":7180,"area":114.15,"centroid_coordinates":[11.617833927888494,48.90841576677414]}},{"type":"Feature","geometry":{"type":"Point","coordinates":[11.49593383691475,49.01304622667974]},"properties":{"id":"114","land-id":"09176","name":"Beilngries","population":10133,"area":100.02,"centroid_coordinates":[11.49593383691475,49.01304622667974]}},{"type":"Feature","geometry":{"type":"Point","coordinates":[11.370094723507508,48.86991310171138]},"properties":{"id":"116","land-id":"09176","name":"B\u00f6hmfeld","population":1701,"area":16.27,"centroid_coordinates":[11.370094723507508,48.86991310171138]}},{"type":"Feature","geometry":{"type":"Point","coordinates":[11.286436731224878,48.81432854846206]},"properties":{"id":"118","land-id":"09176","name":"Buxheim","population":3733,"area":22.49,"centroid_coordinates":[11.286436731224878,48.81432854846206]}},{"type":"Feature","geometry":{"type":"Point","coordinates":[11.469378063118661,48.927594525587644]},"properties":{"id":"120","land-id":"09176","name":"Denkendorf","population":5037,"area":47.78,"centroid_coordinates":[11.469378063118661,48.927594525587644]}},{"type":"Feature","geometry":{"type":"Point","coordinates":[11.090900221385327,48.870671425224934]},"properties":{"id":"121","land-id":"09176","name":"Dollnstein","population":2910,"area":40.55,"centroid_coordinates":[11.090900221385327,48.870671425224934]}},{"type":"Feature","geometry":{"type":"Point","coordinates":[11.224681842301843,48.78719174636778]},"properties":{"id":"122","land-id":"09176","name":"Egweil","population":1241,"area":9.4,"centroid_coordinates":[11.224681842301843,48.78719174636778]}},{"type":"Feature","geometry":{"type":"Point","coordinates":[11.195405954523562,48.889216018572085]},"properties":{"id":"123","land-id":"09176","name":"Eichst\u00e4tt","population":13802,"area":47.8,"centroid_coordinates":[11.195405954523562,48.889216018572085]}},{"type":"Feature","geometry":{"type":"Point","coordinates":[11.315008288943039,48.82628985408055]},"properties":{"id":"124","land-id":"09176","name":"Eitensheim","population":2992,"area":15.7,"centroid_coordinates":[11.315008288943039,48.82628985408055]}},{"type":"Feature","geometry":{"type":"Point","coordinates":[11.36400972905655,48.813647759944125]},"properties":{"id":"126","land-id":"09176","name":"Gaimersheim","population":12527,"area":28.21,"centroid_coordinates":[11.36400972905655,48.813647759944125]}},{"type":"Feature","geometry":{"type":"Point","coordinates":[11.543377734429031,48.780465669199124]},"properties":{"id":"129","land-id":"09176","name":"Gro\u00dfmehring","population":7478,"area":47.47,"centroid_coordinates":[11.543377734429031,48.780465669199124]}},{"type":"Feature","geometry":{"type":"Point","coordinates":[11.46048771247952,48.827910123331414]},"properties":{"id":"131","land-id":"09176","name":"Hepberg","population":3025,"area":4.17,"centroid_coordinates":[11.46048771247952,48.827910123331414]}},{"type":"Feature","geometry":{"type":"Point","coordinates":[11.315882075989384,48.87463969424668]},"properties":{"id":"132","land-id":"09176","name":"Hitzhofen","population":3002,"area":33.69,"centroid_coordinates":[11.315882075989384,48.87463969424668]}},{"type":"Feature","geometry":{"type":"Point","coordinates":[11.377494780456754,48.99903885470107]},"properties":{"id":"137","land-id":"09176","name":"Kinding","population":2527,"area":51.66,"centroid_coordinates":[11.377494780456754,48.99903885470107]}},{"type":"Feature","geometry":{"type":"Point","coordinates":[11.38266278153991,48.93891855392054]},"properties":{"id":"138","land-id":"09176","name":"Kipfenberg","population":5774,"area":81.38,"centroid_coordinates":[11.38266278153991,48.93891855392054]}},{"type":"Feature","geometry":{"type":"Point","coordinates":[11.521659670086411,48.84043626734559]},"properties":{"id":"139","land-id":"09176","name":"K\u00f6sching","population":9716,"area":55.64,"centroid_coordinates":[11.521659670086411,48.84043626734559]}},{"type":"Feature","geometry":{"type":"Point","coordinates":[11.454890312543382,48.80931637348443]},"properties":{"id":"143","land-id":"09176","name":"Lenting","population":4926,"area":8.48,"centroid_coordinates":[11.454890312543382,48.80931637348443]}},{"type":"Feature","geometry":{"type":"Point","coordinates":[11.636568515283532,48.85403696678155]},"properties":{"id":"147","land-id":"09176","name":"Mindelstetten","population":1820,"area":22.73,"centroid_coordinates":[11.636568515283532,48.85403696678155]}},{"type":"Feature","geometry":{"type":"Point","coordinates":[11.011683773775534,48.856333258035185]},"properties":{"id":"148","land-id":"09176","name":"M\u00f6rnsheim","population":1568,"area":33.48,"centroid_coordinates":[11.011683773775534,48.856333258035185]}},{"type":"Feature","geometry":{"type":"Point","coordinates":[11.221668291591302,48.80544712035653]},"properties":{"id":"149","land-id":"09176","name":"Nassenfels","population":2360,"area":18.49,"centroid_coordinates":[11.221668291591302,48.80544712035653]}},{"type":"Feature","geometry":{"type":"Point","coordinates":[11.597326269198724,48.836221148886644]},"properties":{"id":"150","land-id":"09176","name":"Oberdolling","population":1357,"area":19.31,"centroid_coordinates":[11.597326269198724,48.836221148886644]}},{"type":"Feature","geometry":{"type":"Point","coordinates":[11.687631094347402,48.81969045914055]},"properties":{"id":"153","land-id":"09176","name":"Pf\u00f6rring","population":4156,"area":43.4,"centroid_coordinates":[11.687631094347402,48.81969045914055]}},{"type":"Feature","geometry":{"type":"Point","coordinates":[11.211442978177457,48.944524075201464]},"properties":{"id":"155","land-id":"09176","name":"Pollenfeld","population":3033,"area":45.67,"centroid_coordinates":[11.211442978177457,48.944524075201464]}},{"type":"Feature","geometry":{"type":"Point","coordinates":[11.106807576421124,48.92575477607597]},"properties":{"id":"160","land-id":"09176","name":"Schernfeld","population":3267,"area":52.32,"centroid_coordinates":[11.106807576421124,48.92575477607597]}},{"type":"Feature","geometry":{"type":"Point","coordinates":[11.462956622240371,48.86703940299689]},"properties":{"id":"161","land-id":"09176","name":"Stammham","population":4122,"area":39.16,"centroid_coordinates":[11.462956622240371,48.86703940299689]}},{"type":"Feature","geometry":{"type":"Point","coordinates":[11.217567232633842,49.000871716628346]},"properties":{"id":"164","land-id":"09176","name":"Titting","population":2719,"area":71.07,"centroid_coordinates":[11.217567232633842,49.000871716628346]}},{"type":"Feature","geometry":{"type":"Point","coordinates":[11.303471503089302,48.92038229073347]},"properties":{"id":"165","land-id":"09176","name":"Walting","population":2330,"area":39.78,"centroid_coordinates":[11.303471503089302,48.92038229073347]}},{"type":"Feature","geometry":{"type":"Point","coordinates":[11.099659803976152,48.81896070522126]},"properties":{"id":"166","land-id":"09176","name":"Wellheim","population":2773,"area":33.73,"centroid_coordinates":[11.099659803976152,48.81896070522126]}},{"type":"Feature","geometry":{"type":"Point","coordinates":[11.411146233222812,48.83382917753185]},"properties":{"id":"167","land-id":"09176","name":"Wettstetten","population":5018,"area":12.41,"centroid_coordinates":[11.411146233222812,48.83382917753185]}},{"type":"Feature","geometry":{"type":"Point","coordinates":[11.921078413083219,48.39188226123373]},"properties":{"id":"112","land-id":"09177","name":"Berglern","population":2959,"area":19.91,"centroid_coordinates":[11.921078413083219,48.39188226123373]}},{"type":"Feature","geometry":{"type":"Point","coordinates":[11.996275696593134,48.30785604294809]},"properties":{"id":"113","land-id":"09177","name":"Bockhorn","population":4065,"area":47.24,"centroid_coordinates":[11.996275696593134,48.30785604294809]}},{"type":"Feature","geometry":{"type":"Point","coordinates":[12.00033196360815,48.216677641658094]},"properties":{"id":"114","land-id":"09177","name":"Buch a.Buchrain","population":1639,"area":22.79,"centroid_coordinates":[12.00033196360815,48.216677641658094]}},{"type":"Feature","geometry":{"type":"Point","coordinates":[12.165745292650335,48.280202152875084]},"properties":{"id":"115","land-id":"09177","name":"Dorfen","population":14788,"area":99.51,"centroid_coordinates":[12.165745292650335,48.280202152875084]}},{"type":"Feature","geometry":{"type":"Point","coordinates":[11.870719076832527,48.37843429433527]},"properties":{"id":"116","land-id":"09177","name":"Eitting","population":3026,"area":35.67,"centroid_coordinates":[11.870719076832527,48.37843429433527]}},{"type":"Feature","geometry":{"type":"Point","coordinates":[11.914185049759308,48.3063897667072]},"properties":{"id":"117","land-id":"09177","name":"Erding","population":36941,"area":54.54,"centroid_coordinates":[11.914185049759308,48.3063897667072]}},{"type":"Feature","geometry":{"type":"Point","coordinates":[11.795794147522466,48.231211242737906]},"properties":{"id":"118","land-id":"09177","name":"Finsing","population":4793,"area":23.14,"centroid_coordinates":[11.795794147522466,48.231211242737906]}},{"type":"Feature","geometry":{"type":"Point","coordinates":[11.973822720588494,48.179966283744896]},"properties":{"id":"119","land-id":"09177","name":"Forstern","population":3719,"area":15.41,"centroid_coordinates":[11.973822720588494,48.179966283744896]}},{"type":"Feature","geometry":{"type":"Point","coordinates":[12.00179746826607,48.36042744386234]},"properties":{"id":"120","land-id":"09177","name":"Fraunberg","population":3841,"area":42.36,"centroid_coordinates":[12.00179746826607,48.36042744386234]}},{"type":"Feature","geometry":{"type":"Point","coordinates":[12.132261798288164,48.39727899872423]},"properties":{"id":"121","land-id":"09177","name":"Hohenpolding","population":1642,"area":27.45,"centroid_coordinates":[12.132261798288164,48.39727899872423]}},{"type":"Feature","geometry":{"type":"Point","coordinates":[12.075082450919956,48.343044740630624]},"properties":{"id":"122","land-id":"09177","name":"Inning a.Holz","population":1576,"area":11.89,"centroid_coordinates":[12.075082450919956,48.343044740630624]}},{"type":"Feature","geometry":{"type":"Point","coordinates":[12.05857751794968,48.19110748854694]},"properties":{"id":"123","land-id":"09177","name":"Isen","population":5586,"area":43.82,"centroid_coordinates":[12.05857751794968,48.19110748854694]}},{"type":"Feature","geometry":{"type":"Point","coordinates":[12.062362447183911,48.40879855358757]},"properties":{"id":"124","land-id":"09177","name":"Kirchberg","population":1161,"area":17.1,"centroid_coordinates":[12.062362447183911,48.40879855358757]}},{"type":"Feature","geometry":{"type":"Point","coordinates":[11.96769258045455,48.426187271000906]},"properties":{"id":"126","land-id":"09177","name":"Langenpreising","population":2884,"area":27.44,"centroid_coordinates":[11.96769258045455,48.426187271000906]}},{"type":"Feature","geometry":{"type":"Point","coordinates":[12.046722129290298,48.260573279070506]},"properties":{"id":"127","land-id":"09177","name":"Lengdorf","population":2713,"area":33.89,"centroid_coordinates":[12.046722129290298,48.260573279070506]}},{"type":"Feature","geometry":{"type":"Point","coordinates":[11.807934969637659,48.27744908209045]},"properties":{"id":"130","land-id":"09177","name":"Moosinning","population":6119,"area":40.01,"centroid_coordinates":[11.807934969637659,48.27744908209045]}},{"type":"Feature","geometry":{"type":"Point","coordinates":[11.833685813553831,48.24388958755088]},"properties":{"id":"131","land-id":"09177","name":"Neuching","population":2789,"area":19.68,"centroid_coordinates":[11.833685813553831,48.24388958755088]}},{"type":"Feature","geometry":{"type":"Point","coordinates":[11.8240026911773,48.33266038048026]},"properties":{"id":"133","land-id":"09177","name":"Oberding","population":6297,"area":64.71,"centroid_coordinates":[11.8240026911773,48.33266038048026]}},{"type":"Feature","geometry":{"type":"Point","coordinates":[11.884922989744476,48.21249098481276]},"properties":{"id":"134","land-id":"09177","name":"Ottenhofen","population":1926,"area":10.26,"centroid_coordinates":[11.884922989744476,48.21249098481276]}},{"type":"Feature","geometry":{"type":"Point","coordinates":[11.941217166977562,48.20708452874583]},"properties":{"id":"135","land-id":"09177","name":"Pastetten","population":2843,"area":22.09,"centroid_coordinates":[11.941217166977562,48.20708452874583]}},{"type":"Feature","geometry":{"type":"Point","coordinates":[12.146990606044758,48.21961752773088]},"properties":{"id":"137","land-id":"09177","name":"Sankt Wolfgang","population":4592,"area":46.35,"centroid_coordinates":[12.146990606044758,48.21961752773088]}},{"type":"Feature","geometry":{"type":"Point","coordinates":[12.083507445178226,48.37649301457719]},"properties":{"id":"138","land-id":"09177","name":"Steinkirchen","population":1347,"area":18.08,"centroid_coordinates":[12.083507445178226,48.37649301457719]}},{"type":"Feature","geometry":{"type":"Point","coordinates":[12.146668061488137,48.339123071886796]},"properties":{"id":"139","land-id":"09177","name":"Taufkirchen (Vils)","population":10605,"area":70.21,"centroid_coordinates":[12.146668061488137,48.339123071886796]}},{"type":"Feature","geometry":{"type":"Point","coordinates":[11.976692173565148,48.25877446586034]},"properties":{"id":"142","land-id":"09177","name":"Walpertskirchen","population":2157,"area":18.46,"centroid_coordinates":[11.976692173565148,48.25877446586034]}},{"type":"Feature","geometry":{"type":"Point","coordinates":[11.984463376583212,48.39474835845505]},"properties":{"id":"143","land-id":"09177","name":"Wartenberg","population":5576,"area":17.92,"centroid_coordinates":[11.984463376583212,48.39474835845505]}},{"type":"Feature","geometry":{"type":"Point","coordinates":[11.913742577320669,48.24146313591506]},"properties":{"id":"144","land-id":"09177","name":"W\u00f6rth","population":4333,"area":21.04,"centroid_coordinates":[11.913742577320669,48.24146313591506]}},{"type":"Feature","geometry":{"type":"Point","coordinates":[11.590388394540636,48.433959309439096]},"properties":{"id":"113","land-id":"09178","name":"Allershausen","population":5884,"area":26.51,"centroid_coordinates":[11.590388394540636,48.433959309439096]}},{"type":"Feature","geometry":{"type":"Point","coordinates":[11.75318940392386,48.505140293391456]},"properties":{"id":"115","land-id":"09178","name":"Attenkirchen","population":2753,"area":16.13,"centroid_coordinates":[11.75318940392386,48.505140293391456]}},{"type":"Feature","geometry":{"type":"Point","coordinates":[11.717082633340318,48.550131195244994]},"properties":{"id":"116","land-id":"09178","name":"Au i.d.Hallertau","population":6287,"area":55.0,"centroid_coordinates":[11.717082633340318,48.550131195244994]}},{"type":"Feature","geometry":{"type":"Point","coordinates":[11.625433072739039,48.29699678911215]},"properties":{"id":"120","land-id":"09178","name":"Eching","population":14555,"area":37.28,"centroid_coordinates":[11.625433072739039,48.29699678911215]}},{"type":"Feature","geometry":{"type":"Point","coordinates":[11.783356019981793,48.58743671267852]},"properties":{"id":"122","land-id":"09178","name":"Rudelzhausen","population":3527,"area":40.86,"centroid_coordinates":[11.783356019981793,48.58743671267852]}},{"type":"Feature","geometry":{"type":"Point","coordinates":[11.563019790429179,48.363116621624386]},"properties":{"id":"123","land-id":"09178","name":"Fahrenzhausen","population":5043,"area":37.63,"centroid_coordinates":[11.563019790429179,48.363116621624386]}},{"type":"Feature","geometry":{"type":"Point","coordinates":[11.726640391429884,48.3920192826634]},"properties":{"id":"124","land-id":"09178","name":"Freising","population":48651,"area":88.64,"centroid_coordinates":[11.726640391429884,48.3920192826634]}},{"type":"Feature","geometry":{"type":"Point","coordinates":[11.936753799958312,48.55547510161838]},"properties":{"id":"125","land-id":"09178","name":"Gammelsdorf","population":1575,"area":21.64,"centroid_coordinates":[11.936753799958312,48.55547510161838]}},{"type":"Feature","geometry":{"type":"Point","coordinates":[11.835345401137328,48.47019474933076]},"properties":{"id":"129","land-id":"09178","name":"Haag a.d.Amper","population":2724,"area":21.71,"centroid_coordinates":[11.835345401137328,48.47019474933076]}},{"type":"Feature","geometry":{"type":"Point","coordinates":[11.73270080707775,48.31406141305271]},"properties":{"id":"130","land-id":"09178","name":"Hallbergmoos","population":11982,"area":35.07,"centroid_coordinates":[11.73270080707775,48.31406141305271]}},{"type":"Feature","geometry":{"type":"Point","coordinates":[11.870675887560543,48.557313035204984]},"properties":{"id":"132","land-id":"09178","name":"H\u00f6rgertshausen","population":1998,"area":21.43,"centroid_coordinates":[11.870675887560543,48.557313035204984]}},{"type":"Feature","geometry":{"type":"Point","coordinates":[11.533503896542475,48.425817570704375]},"properties":{"id":"133","land-id":"09178","name":"Hohenkammer","population":2685,"area":25.74,"centroid_coordinates":[11.533503896542475,48.425817570704375]}},{"type":"Feature","geometry":{"type":"Point","coordinates":[11.662218821736186,48.45910711234524]},"properties":{"id":"136","land-id":"09178","name":"Kirchdorf a.d.Amper","population":3361,"area":32.95,"centroid_coordinates":[11.662218821736186,48.45910711234524]}},{"type":"Feature","geometry":{"type":"Point","coordinates":[11.626915527058097,48.40485506169042]},"properties":{"id":"137","land-id":"09178","name":"Kranzberg","population":4255,"area":39.54,"centroid_coordinates":[11.626915527058097,48.40485506169042]}},{"type":"Feature","geometry":{"type":"Point","coordinates":[11.85477580762083,48.43439333161681]},"properties":{"id":"138","land-id":"09178","name":"Langenbach","population":4026,"area":26.92,"centroid_coordinates":[11.85477580762083,48.43439333161681]}},{"type":"Feature","geometry":{"type":"Point","coordinates":[11.806410161321251,48.405429994758386]},"properties":{"id":"140","land-id":"09178","name":"Marzling","population":3296,"area":20.5,"centroid_coordinates":[11.806410161321251,48.405429994758386]}},{"type":"Feature","geometry":{"type":"Point","coordinates":[11.902197623605241,48.52419975368271]},"properties":{"id":"142","land-id":"09178","name":"Mauern","population":3127,"area":24.19,"centroid_coordinates":[11.902197623605241,48.52419975368271]}},{"type":"Feature","geometry":{"type":"Point","coordinates":[11.939345643130324,48.461894955232026]},"properties":{"id":"143","land-id":"09178","name":"Moosburg a.d.Isar","population":19970,"area":43.94,"centroid_coordinates":[11.939345643130324,48.461894955232026]}},{"type":"Feature","geometry":{"type":"Point","coordinates":[11.81124874401852,48.53079282631738]},"properties":{"id":"144","land-id":"09178","name":"Nandlstadt","population":5621,"area":34.35,"centroid_coordinates":[11.81124874401852,48.53079282631738]}},{"type":"Feature","geometry":{"type":"Point","coordinates":[11.655273114802636,48.33478106612973]},"properties":{"id":"145","land-id":"09178","name":"Neufahrn b.Freising","population":21122,"area":45.52,"centroid_coordinates":[11.655273114802636,48.33478106612973]}},{"type":"Feature","geometry":{"type":"Point","coordinates":[11.566910841344107,48.470693092734905]},"properties":{"id":"150","land-id":"09178","name":"Paunzhausen","population":1598,"area":12.73,"centroid_coordinates":[11.566910841344107,48.470693092734905]}},{"type":"Feature","geometry":{"type":"Point","coordinates":[11.918456144094128,48.49747614918099]},"properties":{"id":"155","land-id":"09178","name":"Wang","population":2445,"area":31.12,"centroid_coordinates":[11.918456144094128,48.49747614918099]}},{"type":"Feature","geometry":{"type":"Point","coordinates":[11.707023471089222,48.49208052338278]},"properties":{"id":"156","land-id":"09178","name":"Wolfersdorf","population":2613,"area":26.05,"centroid_coordinates":[11.707023471089222,48.49208052338278]}},{"type":"Feature","geometry":{"type":"Point","coordinates":[11.76800759771774,48.468503860449886]},"properties":{"id":"157","land-id":"09178","name":"Zolling","population":4993,"area":34.52,"centroid_coordinates":[11.76800759771774,48.468503860449886]}},{"type":"Feature","geometry":{"type":"Point","coordinates":[11.104563207104935,48.19252808183247]},"properties":{"id":"111","land-id":"09179","name":"Adelshofen","population":1869,"area":13.29,"centroid_coordinates":[11.104563207104935,48.19252808183247]}},{"type":"Feature","geometry":{"type":"Point","coordinates":[11.279005755238648,48.14308411949265]},"properties":{"id":"113","land-id":"09179","name":"Alling","population":4096,"area":21.04,"centroid_coordinates":[11.279005755238648,48.14308411949265]}},{"type":"Feature","geometry":{"type":"Point","coordinates":[11.070433838643162,48.22591991181421]},"properties":{"id":"114","land-id":"09179","name":"Althegnenberg","population":2033,"area":16.07,"centroid_coordinates":[11.070433838643162,48.22591991181421]}},{"type":"Feature","geometry":{"type":"Point","coordinates":[11.185129975360557,48.26071648782062]},"properties":{"id":"117","land-id":"09179","name":"Egenhofen","population":3442,"area":33.43,"centroid_coordinates":[11.185129975360557,48.26071648782062]}},{"type":"Feature","geometry":{"type":"Point","coordinates":[11.314961923925873,48.16524549464101]},"properties":{"id":"118","land-id":"09179","name":"Eichenau","population":11573,"area":6.93,"centroid_coordinates":[11.314961923925873,48.16524549464101]}},{"type":"Feature","geometry":{"type":"Point","coordinates":[11.294649492591503,48.1815517446544]},"properties":{"id":"119","land-id":"09179","name":"Emmering","population":6715,"area":10.91,"centroid_coordinates":[11.294649492591503,48.1815517446544]}},{"type":"Feature","geometry":{"type":"Point","coordinates":[11.229448265545594,48.17793352626157]},"properties":{"id":"121","land-id":"09179","name":"F\u00fcrstenfeldbruck","population":36809,"area":32.64,"centroid_coordinates":[11.229448265545594,48.17793352626157]}},{"type":"Feature","geometry":{"type":"Point","coordinates":[11.360341934979402,48.12898965720481]},"properties":{"id":"123","land-id":"09179","name":"Germering","population":40735,"area":21.6,"centroid_coordinates":[11.360341934979402,48.12898965720481]}},{"type":"Feature","geometry":{"type":"Point","coordinates":[11.166981806258224,48.12297844044038]},"properties":{"id":"125","land-id":"09179","name":"Grafrath","population":3855,"area":14.4,"centroid_coordinates":[11.166981806258224,48.12297844044038]}},{"type":"Feature","geometry":{"type":"Point","coordinates":[11.37533596698634,48.19357549916266]},"properties":{"id":"126","land-id":"09179","name":"Gr\u00f6benzell","population":19221,"area":6.39,"centroid_coordinates":[11.37533596698634,48.19357549916266]}},{"type":"Feature","geometry":{"type":"Point","coordinates":[11.113619621972262,48.22324141404785]},"properties":{"id":"128","land-id":"09179","name":"Hattenhofen","population":1534,"area":7.18,"centroid_coordinates":[11.113619621972262,48.22324141404785]}},{"type":"Feature","geometry":{"type":"Point","coordinates":[11.133516517075405,48.16313341300675]},"properties":{"id":"130","land-id":"09179","name":"Jesenwang","population":1667,"area":15.31,"centroid_coordinates":[11.133516517075405,48.16313341300675]}},{"type":"Feature","geometry":{"type":"Point","coordinates":[11.127768185566648,48.122425163650384]},"properties":{"id":"131","land-id":"09179","name":"Kottgeisering","population":1571,"area":8.26,"centroid_coordinates":[11.127768185566648,48.122425163650384]}},{"type":"Feature","geometry":{"type":"Point","coordinates":[11.17311451623966,48.16007350986825]},"properties":{"id":"132","land-id":"09179","name":"Landsberied","population":1568,"area":10.48,"centroid_coordinates":[11.17311451623966,48.16007350986825]}},{"type":"Feature","geometry":{"type":"Point","coordinates":[11.25454348038052,48.230323667340436]},"properties":{"id":"134","land-id":"09179","name":"Maisach","population":13920,"area":53.36,"centroid_coordinates":[11.25454348038052,48.230323667340436]}},{"type":"Feature","geometry":{"type":"Point","coordinates":[11.161118524702994,48.207558016868816]},"properties":{"id":"136","land-id":"09179","name":"Mammendorf","population":4985,"area":21.2,"centroid_coordinates":[11.161118524702994,48.207558016868816]}},{"type":"Feature","geometry":{"type":"Point","coordinates":[11.099328679113245,48.25476996845308]},"properties":{"id":"137","land-id":"09179","name":"Mittelstetten","population":1660,"area":18.62,"centroid_coordinates":[11.099328679113245,48.25476996845308]}},{"type":"Feature","geometry":{"type":"Point","coordinates":[11.064262293772519,48.16158160108439]},"properties":{"id":"138","land-id":"09179","name":"Moorenweis","population":4109,"area":45.36,"centroid_coordinates":[11.064262293772519,48.16158160108439]}},{"type":"Feature","geometry":{"type":"Point","coordinates":[11.14665523672782,48.24051820136239]},"properties":{"id":"140","land-id":"09179","name":"Oberschweinbach","population":1680,"area":7.27,"centroid_coordinates":[11.14665523672782,48.24051820136239]}},{"type":"Feature","geometry":{"type":"Point","coordinates":[11.34741044884176,48.209416413553555]},"properties":{"id":"142","land-id":"09179","name":"Olching","population":27297,"area":29.86,"centroid_coordinates":[11.34741044884176,48.209416413553555]}},{"type":"Feature","geometry":{"type":"Point","coordinates":[11.346239596149315,48.16106890154832]},"properties":{"id":"145","land-id":"09179","name":"Puchheim","population":20859,"area":12.22,"centroid_coordinates":[11.346239596149315,48.16106890154832]}},{"type":"Feature","geometry":{"type":"Point","coordinates":[11.205078948347841,48.13426601341246]},"properties":{"id":"147","land-id":"09179","name":"Sch\u00f6ngeising","population":1944,"area":12.93,"centroid_coordinates":[11.205078948347841,48.13426601341246]}},{"type":"Feature","geometry":{"type":"Point","coordinates":[11.093807467145805,48.10838788499315]},"properties":{"id":"149","land-id":"09179","name":"T\u00fcrkenfeld","population":3590,"area":15.93,"centroid_coordinates":[11.093807467145805,48.10838788499315]}},{"type":"Feature","geometry":{"type":"Point","coordinates":[11.073914686361922,47.66444530593734]},"properties":{"id":"112","land-id":"09180","name":"Bad Kohlgrub","population":2898,"area":32.63,"centroid_coordinates":[11.073914686361922,47.66444530593734]}},{"type":"Feature","geometry":{"type":"Point","coordinates":[11.004809055876462,47.695978093705385]},"properties":{"id":"113","land-id":"09180","name":"Bad Bayersoien","population":1267,"area":17.65,"centroid_coordinates":[11.004809055876462,47.695978093705385]}},{"type":"Feature","geometry":{"type":"Point","coordinates":[11.197589031097015,47.58576176777869]},"properties":{"id":"114","land-id":"09180","name":"Eschenlohe","population":1565,"area":55.05,"centroid_coordinates":[11.197589031097015,47.58576176777869]}},{"type":"Feature","geometry":{"type":"Point","coordinates":[11.044262429140984,47.57252109356537]},"properties":{"id":"115","land-id":"09180","name":"Ettal","population":690,"area":14.69,"centroid_coordinates":[11.044262429140984,47.57252109356537]}},{"type":"Feature","geometry":{"type":"Point","coordinates":[11.107618055886526,47.53463985442499]},"properties":{"id":"116","land-id":"09180","name":"Farchant","population":3559,"area":25.75,"centroid_coordinates":[11.107618055886526,47.53463985442499]}},{"type":"Feature","geometry":{"type":"Point","coordinates":[11.071828190352338,47.4742215785088]},"properties":{"id":"117","land-id":"09180","name":"Garmisch-Partenkirchen","population":28519,"area":205.76,"centroid_coordinates":[11.071828190352338,47.4742215785088]}},{"type":"Feature","geometry":{"type":"Point","coordinates":[11.006825614323667,47.45463137500026]},"properties":{"id":"118","land-id":"09180","name":"Grainau","population":3576,"area":49.28,"centroid_coordinates":[11.006825614323667,47.45463137500026]}},{"type":"Feature","geometry":{"type":"Point","coordinates":[11.303831925587899,47.68566066806339]},"properties":{"id":"119","land-id":"09180","name":"Gro\u00dfweil","population":1630,"area":22.05,"centroid_coordinates":[11.303831925587899,47.68566066806339]}},{"type":"Feature","geometry":{"type":"Point","coordinates":[11.223537467636266,47.49554197954889]},"properties":{"id":"122","land-id":"09180","name":"Kr\u00fcn","population":1991,"area":36.32,"centroid_coordinates":[11.223537467636266,47.49554197954889]}},{"type":"Feature","geometry":{"type":"Point","coordinates":[11.295486743052685,47.46372673056587]},"properties":{"id":"123","land-id":"09180","name":"Mittenwald","population":7398,"area":132.8,"centroid_coordinates":[11.295486743052685,47.46372673056587]}},{"type":"Feature","geometry":{"type":"Point","coordinates":[11.181423635208747,47.66341670237416]},"properties":{"id":"124","land-id":"09180","name":"Murnau a.Staffelsee","population":11955,"area":38.15,"centroid_coordinates":[11.181423635208747,47.66341670237416]}},{"type":"Feature","geometry":{"type":"Point","coordinates":[11.071172779302024,47.59623526612364]},"properties":{"id":"125","land-id":"09180","name":"Oberammergau","population":5188,"area":30.03,"centroid_coordinates":[11.071172779302024,47.59623526612364]}},{"type":"Feature","geometry":{"type":"Point","coordinates":[11.144064725067894,47.55996635842434]},"properties":{"id":"126","land-id":"09180","name":"Oberau","population":3106,"area":17.87,"centroid_coordinates":[11.144064725067894,47.55996635842434]}},{"type":"Feature","geometry":{"type":"Point","coordinates":[11.239455345542112,47.63173993568652]},"properties":{"id":"127","land-id":"09180","name":"Ohlstadt","population":3332,"area":41.14,"centroid_coordinates":[11.239455345542112,47.63173993568652]}},{"type":"Feature","geometry":{"type":"Point","coordinates":[11.25436492214409,47.697266054659266]},"properties":{"id":"128","land-id":"09180","name":"Riegsee","population":1265,"area":20.39,"centroid_coordinates":[11.25436492214409,47.697266054659266]}},{"type":"Feature","geometry":{"type":"Point","coordinates":[10.989721424897837,47.63377850983737]},"properties":{"id":"129","land-id":"09180","name":"Saulgrub","population":1635,"area":35.52,"centroid_coordinates":[10.989721424897837,47.63377850983737]}},{"type":"Feature","geometry":{"type":"Point","coordinates":[11.123427570277386,47.62294801404252]},"properties":{"id":"131","land-id":"09180","name":"Schwaigen","population":622,"area":23.53,"centroid_coordinates":[11.123427570277386,47.62294801404252]}},{"type":"Feature","geometry":{"type":"Point","coordinates":[11.16795132708472,47.69106128897356]},"properties":{"id":"132","land-id":"09180","name":"Seehausen a.Staffelsee","population":2436,"area":15.75,"centroid_coordinates":[11.16795132708472,47.69106128897356]}},{"type":"Feature","geometry":{"type":"Point","coordinates":[11.205648012208576,47.7155445179617]},"properties":{"id":"133","land-id":"09180","name":"Spatzenhausen","population":738,"area":7.73,"centroid_coordinates":[11.205648012208576,47.7155445179617]}},{"type":"Feature","geometry":{"type":"Point","coordinates":[11.107777679191795,47.70867720103355]},"properties":{"id":"134","land-id":"09180","name":"Uffing a.Staffelsee","population":3084,"area":42.6,"centroid_coordinates":[11.107777679191795,47.70867720103355]}},{"type":"Feature","geometry":{"type":"Point","coordinates":[11.020706203997813,47.614634722466555]},"properties":{"id":"135","land-id":"09180","name":"Unterammergau","population":1707,"area":30.03,"centroid_coordinates":[11.020706203997813,47.614634722466555]}},{"type":"Feature","geometry":{"type":"Point","coordinates":[11.275939601058424,47.54170271342085]},"properties":{"id":"136","land-id":"09180","name":"Wallgau","population":1523,"area":33.92,"centroid_coordinates":[11.275939601058424,47.54170271342085]}},{"type":"Feature","geometry":{"type":"Point","coordinates":[10.947850225686205,47.88864919261065]},"properties":{"id":"111","land-id":"09181","name":"Apfeldorf","population":1224,"area":12.29,"centroid_coordinates":[10.947850225686205,47.88864919261065]}},{"type":"Feature","geometry":{"type":"Point","coordinates":[10.84017056353301,47.8884784875956]},"properties":{"id":"113","land-id":"09181","name":"Denklingen","population":2857,"area":56.58,"centroid_coordinates":[10.84017056353301,47.8884784875956]}},{"type":"Feature","geometry":{"type":"Point","coordinates":[11.049815400966057,47.95315031378771]},"properties":{"id":"114","land-id":"09181","name":"Die\u00dfen am Ammersee","population":10683,"area":82.7,"centroid_coordinates":[11.049815400966057,47.95315031378771]}},{"type":"Feature","geometry":{"type":"Point","coordinates":[11.116293790155831,48.08308607861149]},"properties":{"id":"115","land-id":"09181","name":"Eching am Ammersee","population":1631,"area":6.26,"centroid_coordinates":[11.116293790155831,48.08308607861149]}},{"type":"Feature","geometry":{"type":"Point","coordinates":[10.989320093279883,48.18555526916062]},"properties":{"id":"116","land-id":"09181","name":"Egling a.d.Paar","population":2450,"area":20.83,"centroid_coordinates":[10.989320093279883,48.18555526916062]}},{"type":"Feature","geometry":{"type":"Point","coordinates":[11.037948351355093,48.09020244011861]},"properties":{"id":"118","land-id":"09181","name":"Eresing","population":2060,"area":14.27,"centroid_coordinates":[11.037948351355093,48.09020244011861]}},{"type":"Feature","geometry":{"type":"Point","coordinates":[11.013209364872365,48.02118755695002]},"properties":{"id":"120","land-id":"09181","name":"Finning","population":1909,"area":23.4,"centroid_coordinates":[11.013209364872365,48.02118755695002]}},{"type":"Feature","geometry":{"type":"Point","coordinates":[10.822723510618196,47.93315855318416]},"properties":{"id":"121","land-id":"09181","name":"Fuchstal","population":4128,"area":39.79,"centroid_coordinates":[10.822723510618196,47.93315855318416]}},{"type":"Feature","geometry":{"type":"Point","coordinates":[11.006669761770162,48.135348229321565]},"properties":{"id":"122","land-id":"09181","name":"Geltendorf","population":5851,"area":34.8,"centroid_coordinates":[11.006669761770162,48.135348229321565]}},{"type":"Feature","geometry":{"type":"Point","coordinates":[11.0799657102255,48.07723635868016]},"properties":{"id":"123","land-id":"09181","name":"Greifenberg","population":2172,"area":8.23,"centroid_coordinates":[11.0799657102255,48.07723635868016]}},{"type":"Feature","geometry":{"type":"Point","coordinates":[10.967546975993205,48.002423656328695]},"properties":{"id":"124","land-id":"09181","name":"Hofstetten","population":1856,"area":16.94,"centroid_coordinates":[10.967546975993205,48.002423656328695]}},{"type":"Feature","geometry":{"type":"Point","coordinates":[10.82659905330045,48.1201030133603]},"properties":{"id":"126","land-id":"09181","name":"Hurlach","population":1936,"area":17.16,"centroid_coordinates":[10.82659905330045,48.1201030133603]}},{"type":"Feature","geometry":{"type":"Point","coordinates":[10.806622355024261,48.06617118221149]},"properties":{"id":"127","land-id":"09181","name":"Igling","population":2517,"area":26.34,"centroid_coordinates":[10.806622355024261,48.06617118221149]}},{"type":"Feature","geometry":{"type":"Point","coordinates":[10.872104611810595,48.09889729258344]},"properties":{"id":"128","land-id":"09181","name":"Kaufering","population":10074,"area":17.65,"centroid_coordinates":[10.872104611810595,48.09889729258344]}},{"type":"Feature","geometry":{"type":"Point","coordinates":[10.904940120210924,47.87863905869511]},"properties":{"id":"129","land-id":"09181","name":"Kinsau","population":1047,"area":11.44,"centroid_coordinates":[10.904940120210924,47.87863905869511]}},{"type":"Feature","geometry":{"type":"Point","coordinates":[10.861040150538058,48.034836503784206]},"properties":{"id":"130","land-id":"09181","name":"Landsberg am Lech","population":28665,"area":57.88,"centroid_coordinates":[10.861040150538058,48.034836503784206]}},{"type":"Feature","geometry":{"type":"Point","coordinates":[10.827050655994597,48.14539401562458]},"properties":{"id":"131","land-id":"09181","name":"Obermeitingen","population":1748,"area":10.0,"centroid_coordinates":[10.827050655994597,48.14539401562458]}},{"type":"Feature","geometry":{"type":"Point","coordinates":[10.939715738917151,48.07847108790845]},"properties":{"id":"132","land-id":"09181","name":"Penzing","population":4310,"area":33.83,"centroid_coordinates":[10.939715738917151,48.07847108790845]}},{"type":"Feature","geometry":{"type":"Point","coordinates":[10.916823782286702,47.95851909782157]},"properties":{"id":"133","land-id":"09181","name":"Vilgertshofen","population":2733,"area":27.1,"centroid_coordinates":[10.916823782286702,47.95851909782157]}},{"type":"Feature","geometry":{"type":"Point","coordinates":[10.925543745361937,48.200444499483126]},"properties":{"id":"134","land-id":"09181","name":"Prittriching","population":2603,"area":25.37,"centroid_coordinates":[10.925543745361937,48.200444499483126]}},{"type":"Feature","geometry":{"type":"Point","coordinates":[10.937082435970758,47.93043391673979]},"properties":{"id":"135","land-id":"09181","name":"Reichling","population":1739,"area":23.35,"centroid_coordinates":[10.937082435970758,47.93043391673979]}},{"type":"Feature","geometry":{"type":"Point","coordinates":[10.982394042121811,47.90890699462112]},"properties":{"id":"137","land-id":"09181","name":"Rott","population":1762,"area":19.68,"centroid_coordinates":[10.982394042121811,47.90890699462112]}},{"type":"Feature","geometry":{"type":"Point","coordinates":[10.889425548496488,48.160208986164626]},"properties":{"id":"138","land-id":"09181","name":"Scheuring","population":1955,"area":21.22,"centroid_coordinates":[10.889425548496488,48.160208986164626]}},{"type":"Feature","geometry":{"type":"Point","coordinates":[11.086445047957183,48.05288905413846]},"properties":{"id":"139","land-id":"09181","name":"Schondorf am Ammersee","population":3805,"area":6.59,"centroid_coordinates":[11.086445047957183,48.05288905413846]}},{"type":"Feature","geometry":{"type":"Point","coordinates":[10.939528611234799,48.0436048645897]},"properties":{"id":"140","land-id":"09181","name":"Schwifting","population":1040,"area":11.48,"centroid_coordinates":[10.939528611234799,48.0436048645897]}},{"type":"Feature","geometry":{"type":"Point","coordinates":[10.91732632299431,48.00652178547365]},"properties":{"id":"141","land-id":"09181","name":"P\u00fcrgen","population":3651,"area":22.0,"centroid_coordinates":[10.91732632299431,48.00652178547365]}},{"type":"Feature","geometry":{"type":"Point","coordinates":[10.963189742611492,47.97317712849286]},"properties":{"id":"142","land-id":"09181","name":"Thaining","population":1102,"area":8.66,"centroid_coordinates":[10.963189742611492,47.97317712849286]}},{"type":"Feature","geometry":{"type":"Point","coordinates":[10.843809743936687,47.979012477781346]},"properties":{"id":"143","land-id":"09181","name":"Unterdie\u00dfen","population":1501,"area":12.74,"centroid_coordinates":[10.843809743936687,47.979012477781346]}},{"type":"Feature","geometry":{"type":"Point","coordinates":[11.069548949029478,48.0193514257092]},"properties":{"id":"144","land-id":"09181","name":"Utting am Ammersee","population":4626,"area":18.98,"centroid_coordinates":[11.069548949029478,48.0193514257092]}},{"type":"Feature","geometry":{"type":"Point","coordinates":[10.947367459597272,48.12344341784578]},"properties":{"id":"145","land-id":"09181","name":"Weil","population":3948,"area":44.43,"centroid_coordinates":[10.947367459597272,48.12344341784578]}},{"type":"Feature","geometry":{"type":"Point","coordinates":[11.025024142013901,48.05981604947071]},"properties":{"id":"146","land-id":"09181","name":"Windach","population":3802,"area":24.8,"centroid_coordinates":[11.025024142013901,48.05981604947071]}},{"type":"Feature","geometry":{"type":"Point","coordinates":[11.694734097244412,47.70059900211272]},"properties":{"id":"111","land-id":"09182","name":"Bad Wiessee","population":4854,"area":32.85,"centroid_coordinates":[11.694734097244412,47.70059900211272]}},{"type":"Feature","geometry":{"type":"Point","coordinates":[11.985433380590328,47.65737732007975]},"properties":{"id":"112","land-id":"09182","name":"Bayrischzell","population":1504,"area":79.46,"centroid_coordinates":[11.985433380590328,47.65737732007975]}},{"type":"Feature","geometry":{"type":"Point","coordinates":[11.947953847158324,47.736779557898295]},"properties":{"id":"114","land-id":"09182","name":"Fischbachau","population":5614,"area":75.86,"centroid_coordinates":[11.947953847158324,47.736779557898295]}},{"type":"Feature","geometry":{"type":"Point","coordinates":[11.744834920039867,47.752944720236506]},"properties":{"id":"116","land-id":"09182","name":"Gmund a.Tegernsee","population":5766,"area":34.45,"centroid_coordinates":[11.744834920039867,47.752944720236506]}},{"type":"Feature","geometry":{"type":"Point","coordinates":[11.827881269207728,47.75319493204743]},"properties":{"id":"119","land-id":"09182","name":"Hausham","population":8108,"area":22.28,"centroid_coordinates":[11.827881269207728,47.75319493204743]}},{"type":"Feature","geometry":{"type":"Point","coordinates":[11.679312010126226,47.864227282701194]},"properties":{"id":"120","land-id":"09182","name":"Holzkirchen","population":16198,"area":48.31,"centroid_coordinates":[11.679312010126226,47.864227282701194]}},{"type":"Feature","geometry":{"type":"Point","coordinates":[11.897014976827924,47.82043955728249]},"properties":{"id":"123","land-id":"09182","name":"Irschenberg","population":3162,"area":53.99,"centroid_coordinates":[11.897014976827924,47.82043955728249]}},{"type":"Feature","geometry":{"type":"Point","coordinates":[11.730234615470529,47.62574249230852]},"properties":{"id":"124","land-id":"09182","name":"Kreuth","population":3399,"area":122.21,"centroid_coordinates":[11.730234615470529,47.62574249230852]}},{"type":"Feature","geometry":{"type":"Point","coordinates":[11.8352893602833,47.7875622203369]},"properties":{"id":"125","land-id":"09182","name":"Miesbach","population":11597,"area":32.45,"centroid_coordinates":[11.8352893602833,47.7875622203369]}},{"type":"Feature","geometry":{"type":"Point","coordinates":[11.674141923536228,47.9143687832273]},"properties":{"id":"127","land-id":"09182","name":"Otterfing","population":4608,"area":21.14,"centroid_coordinates":[11.674141923536228,47.9143687832273]}},{"type":"Feature","geometry":{"type":"Point","coordinates":[11.825379518896366,47.65187698994383]},"properties":{"id":"129","land-id":"09182","name":"Rottach-Egern","population":5473,"area":59.15,"centroid_coordinates":[11.825379518896366,47.65187698994383]}},{"type":"Feature","geometry":{"type":"Point","coordinates":[11.87502816469228,47.68694941516794]},"properties":{"id":"131","land-id":"09182","name":"Schliersee","population":6574,"area":79.14,"centroid_coordinates":[11.87502816469228,47.68694941516794]}},{"type":"Feature","geometry":{"type":"Point","coordinates":[11.76400539123926,47.714596724198294]},"properties":{"id":"132","land-id":"09182","name":"Tegernsee","population":3769,"area":22.7,"centroid_coordinates":[11.76400539123926,47.714596724198294]}},{"type":"Feature","geometry":{"type":"Point","coordinates":[11.763027800757891,47.885865332909404]},"properties":{"id":"133","land-id":"09182","name":"Valley","population":3378,"area":42.18,"centroid_coordinates":[11.763027800757891,47.885865332909404]}},{"type":"Feature","geometry":{"type":"Point","coordinates":[11.675645283161268,47.7714101728606]},"properties":{"id":"134","land-id":"09182","name":"Waakirchen","population":5399,"area":42.4,"centroid_coordinates":[11.675645283161268,47.7714101728606]}},{"type":"Feature","geometry":{"type":"Point","coordinates":[11.737906946656757,47.817567674935944]},"properties":{"id":"136","land-id":"09182","name":"Warngau","population":3792,"area":51.32,"centroid_coordinates":[11.737906946656757,47.817567674935944]}},{"type":"Feature","geometry":{"type":"Point","coordinates":[11.814945774930719,47.858068127084884]},"properties":{"id":"137","land-id":"09182","name":"Weyarn","population":3779,"area":46.68,"centroid_coordinates":[11.814945774930719,47.858068127084884]}},{"type":"Feature","geometry":{"type":"Point","coordinates":[12.38727400356042,48.26367595365877]},"properties":{"id":"112","land-id":"09183","name":"Ampfing","population":7161,"area":31.1,"centroid_coordinates":[12.38727400356042,48.26367595365877]}},{"type":"Feature","geometry":{"type":"Point","coordinates":[12.355491612356891,48.1983660108886]},"properties":{"id":"113","land-id":"09183","name":"Aschau a.Inn","population":3274,"area":20.77,"centroid_coordinates":[12.355491612356891,48.1983660108886]}},{"type":"Feature","geometry":{"type":"Point","coordinates":[12.30302194793911,48.30727698383644]},"properties":{"id":"114","land-id":"09183","name":"Buchbach","population":3368,"area":28.77,"centroid_coordinates":[12.30302194793911,48.30727698383644]}},{"type":"Feature","geometry":{"type":"Point","coordinates":[12.453424452233204,48.39203815633579]},"properties":{"id":"115","land-id":"09183","name":"Egglkofen","population":1359,"area":14.01,"centroid_coordinates":[12.453424452233204,48.39203815633579]}},{"type":"Feature","geometry":{"type":"Point","coordinates":[12.568258133511081,48.28022404177891]},"properties":{"id":"116","land-id":"09183","name":"Erharting","population":977,"area":13.6,"centroid_coordinates":[12.568258133511081,48.28022404177891]}},{"type":"Feature","geometry":{"type":"Point","coordinates":[12.288777314393156,48.157330438420885]},"properties":{"id":"118","land-id":"09183","name":"Gars a.Inn","population":4014,"area":43.63,"centroid_coordinates":[12.288777314393156,48.157330438420885]}},{"type":"Feature","geometry":{"type":"Point","coordinates":[12.162705991234587,48.16002417662152]},"properties":{"id":"119","land-id":"09183","name":"Haag i.OB","population":6521,"area":20.41,"centroid_coordinates":[12.162705991234587,48.16002417662152]}},{"type":"Feature","geometry":{"type":"Point","coordinates":[12.363859253889348,48.24060778665612]},"properties":{"id":"120","land-id":"09183","name":"Heldenstein","population":2823,"area":19.86,"centroid_coordinates":[12.363859253889348,48.24060778665612]}},{"type":"Feature","geometry":{"type":"Point","coordinates":[12.37362914349179,48.16119276457072]},"properties":{"id":"122","land-id":"09183","name":"Jettenbach","population":748,"area":9.14,"centroid_coordinates":[12.37362914349179,48.16119276457072]}},{"type":"Feature","geometry":{"type":"Point","coordinates":[12.18091857934468,48.187798644069005]},"properties":{"id":"123","land-id":"09183","name":"Kirchdorf","population":1344,"area":21.04,"centroid_coordinates":[12.18091857934468,48.187798644069005]}},{"type":"Feature","geometry":{"type":"Point","coordinates":[12.4467465182549,48.17927770582165]},"properties":{"id":"124","land-id":"09183","name":"Kraiburg a.Inn","population":4066,"area":27.61,"centroid_coordinates":[12.4467465182549,48.17927770582165]}},{"type":"Feature","geometry":{"type":"Point","coordinates":[12.449716981106528,48.312215449674795]},"properties":{"id":"125","land-id":"09183","name":"Lohkirchen","population":827,"area":14.84,"centroid_coordinates":[12.449716981106528,48.312215449674795]}},{"type":"Feature","geometry":{"type":"Point","coordinates":[12.091661313280833,48.14651622508686]},"properties":{"id":"126","land-id":"09183","name":"Maitenbeth","population":2012,"area":30.98,"centroid_coordinates":[12.091661313280833,48.14651622508686]}},{"type":"Feature","geometry":{"type":"Point","coordinates":[12.47360976948861,48.27232557539776]},"properties":{"id":"127","land-id":"09183","name":"Mettenheim","population":3701,"area":27.18,"centroid_coordinates":[12.47360976948861,48.27232557539776]}},{"type":"Feature","geometry":{"type":"Point","coordinates":[12.518373304745078,48.249378967071024]},"properties":{"id":"128","land-id":"09183","name":"M\u00fchldorf a.Inn","population":22388,"area":29.48,"centroid_coordinates":[12.518373304745078,48.249378967071024]}},{"type":"Feature","geometry":{"type":"Point","coordinates":[12.51090615919283,48.380144157783356]},"properties":{"id":"129","land-id":"09183","name":"Neumarkt-Sankt Veit","population":6285,"area":61.0,"centroid_coordinates":[12.51090615919283,48.380144157783356]}},{"type":"Feature","geometry":{"type":"Point","coordinates":[12.51797159533104,48.310715104187025]},"properties":{"id":"130","land-id":"09183","name":"Niederbergkirchen","population":1220,"area":24.74,"centroid_coordinates":[12.51797159533104,48.310715104187025]}},{"type":"Feature","geometry":{"type":"Point","coordinates":[12.564103978345381,48.34528395706543]},"properties":{"id":"131","land-id":"09183","name":"Niedertaufkirchen","population":1436,"area":26.7,"centroid_coordinates":[12.564103978345381,48.34528395706543]}},{"type":"Feature","geometry":{"type":"Point","coordinates":[12.380958279557102,48.31357804693557]},"properties":{"id":"132","land-id":"09183","name":"Oberbergkirchen","population":1733,"area":27.53,"centroid_coordinates":[12.380958279557102,48.31357804693557]}},{"type":"Feature","geometry":{"type":"Point","coordinates":[12.516453704851415,48.16901582952841]},"properties":{"id":"134","land-id":"09183","name":"Oberneukirchen","population":830,"area":19.61,"centroid_coordinates":[12.516453704851415,48.16901582952841]}},{"type":"Feature","geometry":{"type":"Point","coordinates":[12.263273995653433,48.235558828584125]},"properties":{"id":"135","land-id":"09183","name":"Obertaufkirchen","population":2680,"area":31.63,"centroid_coordinates":[12.263273995653433,48.235558828584125]}},{"type":"Feature","geometry":{"type":"Point","coordinates":[12.539184111057285,48.20789658834385]},"properties":{"id":"136","land-id":"09183","name":"Polling","population":3321,"area":43.84,"centroid_coordinates":[12.539184111057285,48.20789658834385]}},{"type":"Feature","geometry":{"type":"Point","coordinates":[12.317432268880772,48.235953207098056]},"properties":{"id":"138","land-id":"09183","name":"Rattenkirchen","population":1068,"area":19.88,"centroid_coordinates":[12.317432268880772,48.235953207098056]}},{"type":"Feature","geometry":{"type":"Point","coordinates":[12.163362015792154,48.119152413806525]},"properties":{"id":"139","land-id":"09183","name":"Rechtmehring","population":2086,"area":24.42,"centroid_coordinates":[12.163362015792154,48.119152413806525]}},{"type":"Feature","geometry":{"type":"Point","coordinates":[12.256218034927482,48.1868401851044]},"properties":{"id":"140","land-id":"09183","name":"Reichertsheim","population":1708,"area":31.34,"centroid_coordinates":[12.256218034927482,48.1868401851044]}},{"type":"Feature","geometry":{"type":"Point","coordinates":[12.424443979504943,48.344834841676175]},"properties":{"id":"143","land-id":"09183","name":"Sch\u00f6nberg","population":1113,"area":25.39,"centroid_coordinates":[12.424443979504943,48.344834841676175]}},{"type":"Feature","geometry":{"type":"Point","coordinates":[12.268631030426103,48.27385478130585]},"properties":{"id":"144","land-id":"09183","name":"Schwindegg","population":3540,"area":20.76,"centroid_coordinates":[12.268631030426103,48.27385478130585]}},{"type":"Feature","geometry":{"type":"Point","coordinates":[12.445737406357145,48.14118316572879]},"properties":{"id":"145","land-id":"09183","name":"Taufkirchen","population":1389,"area":25.29,"centroid_coordinates":[12.445737406357145,48.14118316572879]}},{"type":"Feature","geometry":{"type":"Point","coordinates":[12.334613662234595,48.12924426352699]},"properties":{"id":"147","land-id":"09183","name":"Unterreit","population":1763,"area":32.31,"centroid_coordinates":[12.334613662234595,48.12924426352699]}},{"type":"Feature","geometry":{"type":"Point","coordinates":[12.420696468828943,48.20186499538085]},"properties":{"id":"148","land-id":"09183","name":"Waldkraiburg","population":25692,"area":21.59,"centroid_coordinates":[12.420696468828943,48.20186499538085]}},{"type":"Feature","geometry":{"type":"Point","coordinates":[12.42990682105984,48.28126901748612]},"properties":{"id":"151","land-id":"09183","name":"Zangberg","population":1173,"area":9.86,"centroid_coordinates":[12.42990682105984,48.28126901748612]}},{"type":"Feature","geometry":{"type":"Point","coordinates":[11.715400657368983,48.1853352599827]},"properties":{"id":"112","land-id":"09184","name":"Aschheim","population":9138,"area":28.01,"centroid_coordinates":[11.715400657368983,48.1853352599827]}},{"type":"Feature","geometry":{"type":"Point","coordinates":[11.480135607886336,48.014685384380925]},"properties":{"id":"113","land-id":"09184","name":"Baierbrunn","population":3391,"area":7.17,"centroid_coordinates":[11.480135607886336,48.014685384380925]}},{"type":"Feature","geometry":{"type":"Point","coordinates":[11.691805682022196,47.990450697615124]},"properties":{"id":"114","land-id":"09184","name":"Brunnthal","population":5426,"area":38.0,"centroid_coordinates":[11.691805682022196,47.990450697615124]}},{"type":"Feature","geometry":{"type":"Point","coordinates":[11.731314296580942,48.14577051966411]},"properties":{"id":"118","land-id":"09184","name":"Feldkirchen","population":7703,"area":6.36,"centroid_coordinates":[11.731314296580942,48.14577051966411]}},{"type":"Feature","geometry":{"type":"Point","coordinates":[11.639544128097977,48.24809382777725]},"properties":{"id":"119","land-id":"09184","name":"Garching b.M\u00fcnchen","population":17745,"area":28.08,"centroid_coordinates":[11.639544128097977,48.24809382777725]}},{"type":"Feature","geometry":{"type":"Point","coordinates":[11.436702280232701,48.12269249019678]},"properties":{"id":"120","land-id":"09184","name":"Gr\u00e4felfing","population":13616,"area":9.56,"centroid_coordinates":[11.436702280232701,48.12269249019678]}},{"type":"Feature","geometry":{"type":"Point","coordinates":[11.760423744802704,48.07285858404902]},"properties":{"id":"121","land-id":"09184","name":"Grasbrunn","population":6583,"area":26.36,"centroid_coordinates":[11.760423744802704,48.07285858404902]}},{"type":"Feature","geometry":{"type":"Point","coordinates":[11.535317798902238,48.045483422331976]},"properties":{"id":"122","land-id":"09184","name":"Gr\u00fcnwald","population":11186,"area":7.63,"centroid_coordinates":[11.535317798902238,48.045483422331976]}},{"type":"Feature","geometry":{"type":"Point","coordinates":[11.732910062680249,48.118051622702886]},"properties":{"id":"123","land-id":"09184","name":"Haar","population":22566,"area":12.88,"centroid_coordinates":[11.732910062680249,48.118051622702886]}},{"type":"Feature","geometry":{"type":"Point","coordinates":[11.738519915481254,48.02023909130754]},"properties":{"id":"127","land-id":"09184","name":"H\u00f6henkirchen-Siegertsbrunn","population":11076,"area":23.72,"centroid_coordinates":[11.738519915481254,48.02023909130754]}},{"type":"Feature","geometry":{"type":"Point","coordinates":[11.71071826511279,48.050054783734815]},"properties":{"id":"129","land-id":"09184","name":"Hohenbrunn","population":9045,"area":18.62,"centroid_coordinates":[11.71071826511279,48.050054783734815]}},{"type":"Feature","geometry":{"type":"Point","coordinates":[11.70472855556759,48.24055841013573]},"properties":{"id":"130","land-id":"09184","name":"Ismaning","population":17740,"area":40.26,"centroid_coordinates":[11.70472855556759,48.24055841013573]}},{"type":"Feature","geometry":{"type":"Point","coordinates":[11.751034796523724,48.18229871391382]},"properties":{"id":"131","land-id":"09184","name":"Kirchheim b.M\u00fcnchen","population":12985,"area":15.61,"centroid_coordinates":[11.751034796523724,48.18229871391382]}},{"type":"Feature","geometry":{"type":"Point","coordinates":[11.439280898363569,48.08058498008537]},"properties":{"id":"132","land-id":"09184","name":"Neuried","population":8812,"area":9.56,"centroid_coordinates":[11.439280898363569,48.08058498008537]}},{"type":"Feature","geometry":{"type":"Point","coordinates":[11.580456935605078,48.00300489376028]},"properties":{"id":"134","land-id":"09184","name":"Oberhaching","population":13340,"area":33.07,"centroid_coordinates":[11.580456935605078,48.00300489376028]}},{"type":"Feature","geometry":{"type":"Point","coordinates":[11.561121026462454,48.248046886732325]},"properties":{"id":"135","land-id":"09184","name":"Oberschlei\u00dfheim","population":11785,"area":30.37,"centroid_coordinates":[11.561121026462454,48.248046886732325]}},{"type":"Feature","geometry":{"type":"Point","coordinates":[11.664234324586657,48.06391808732988]},"properties":{"id":"136","land-id":"09184","name":"Ottobrunn","population":22868,"area":5.3,"centroid_coordinates":[11.664234324586657,48.06391808732988]}},{"type":"Feature","geometry":{"type":"Point","coordinates":[11.77353146702493,47.95701790615104]},"properties":{"id":"137","land-id":"09184","name":"Aying","population":5639,"area":56.55,"centroid_coordinates":[11.77353146702493,47.95701790615104]}},{"type":"Feature","geometry":{"type":"Point","coordinates":[11.429767080264346,48.102651841778005]},"properties":{"id":"138","land-id":"09184","name":"Planegg","population":11001,"area":10.72,"centroid_coordinates":[11.429767080264346,48.102651841778005]}},{"type":"Feature","geometry":{"type":"Point","coordinates":[11.51902776983802,48.056816784690724]},"properties":{"id":"139","land-id":"09184","name":"Pullach i.Isartal","population":8623,"area":7.35,"centroid_coordinates":[11.51902776983802,48.056816784690724]}},{"type":"Feature","geometry":{"type":"Point","coordinates":[11.706600108108262,48.08279021865661]},"properties":{"id":"140","land-id":"09184","name":"Putzbrunn","population":6816,"area":11.12,"centroid_coordinates":[11.706600108108262,48.08279021865661]}},{"type":"Feature","geometry":{"type":"Point","coordinates":[11.63560460558413,47.95946637843393]},"properties":{"id":"141","land-id":"09184","name":"Sauerlach","population":8090,"area":56.92,"centroid_coordinates":[11.63560460558413,47.95946637843393]}},{"type":"Feature","geometry":{"type":"Point","coordinates":[11.444579625064478,47.9898122510866]},"properties":{"id":"142","land-id":"09184","name":"Sch\u00e4ftlarn","population":5756,"area":16.7,"centroid_coordinates":[11.444579625064478,47.9898122510866]}},{"type":"Feature","geometry":{"type":"Point","coordinates":[11.516869526829511,47.98179051112418]},"properties":{"id":"144","land-id":"09184","name":"Stra\u00dflach-Dingharting","population":3274,"area":28.27,"centroid_coordinates":[11.516869526829511,47.98179051112418]}},{"type":"Feature","geometry":{"type":"Point","coordinates":[11.63289711618612,48.03298420643593]},"properties":{"id":"145","land-id":"09184","name":"Taufkirchen","population":18042,"area":21.97,"centroid_coordinates":[11.63289711618612,48.03298420643593]}},{"type":"Feature","geometry":{"type":"Point","coordinates":[11.64425066652164,48.07845158861072]},"properties":{"id":"146","land-id":"09184","name":"Neubiberg","population":14318,"area":5.78,"centroid_coordinates":[11.64425066652164,48.07845158861072]}},{"type":"Feature","geometry":{"type":"Point","coordinates":[11.6618806280948,48.190746575461674]},"properties":{"id":"147","land-id":"09184","name":"Unterf\u00f6hring","population":11563,"area":12.83,"centroid_coordinates":[11.6618806280948,48.190746575461674]}},{"type":"Feature","geometry":{"type":"Point","coordinates":[11.61963960867987,48.066613079919435]},"properties":{"id":"148","land-id":"09184","name":"Unterhaching","population":26573,"area":10.31,"centroid_coordinates":[11.61963960867987,48.066613079919435]}},{"type":"Feature","geometry":{"type":"Point","coordinates":[11.559770924196416,48.276408949288694]},"properties":{"id":"149","land-id":"09184","name":"Unterschlei\u00dfheim","population":28486,"area":14.99,"centroid_coordinates":[11.559770924196416,48.276408949288694]}},{"type":"Feature","geometry":{"type":"Point","coordinates":[11.294566746600216,48.52353544512301]},"properties":{"id":"113","land-id":"09185","name":"Aresing","population":3004,"area":29.95,"centroid_coordinates":[11.294566746600216,48.52353544512301]}},{"type":"Feature","geometry":{"type":"Point","coordinates":[11.249957024041194,48.63673034197997]},"properties":{"id":"116","land-id":"09185","name":"Berg im Gau","population":1377,"area":22.55,"centroid_coordinates":[11.249957024041194,48.63673034197997]}},{"type":"Feature","geometry":{"type":"Point","coordinates":[11.23259826248752,48.76397508810911]},"properties":{"id":"118","land-id":"09185","name":"Bergheim","population":1968,"area":28.88,"centroid_coordinates":[11.23259826248752,48.76397508810911]}},{"type":"Feature","geometry":{"type":"Point","coordinates":[11.331857743403624,48.6343236324535]},"properties":{"id":"123","land-id":"09185","name":"Brunnen","population":1817,"area":32.17,"centroid_coordinates":[11.331857743403624,48.6343236324535]}},{"type":"Feature","geometry":{"type":"Point","coordinates":[11.038443178272095,48.69084440770993]},"properties":{"id":"125","land-id":"09185","name":"Burgheim","population":4665,"area":49.75,"centroid_coordinates":[11.038443178272095,48.69084440770993]}},{"type":"Feature","geometry":{"type":"Point","coordinates":[11.097838611619993,48.63769228210256]},"properties":{"id":"127","land-id":"09185","name":"Ehekirchen","population":3704,"area":62.72,"centroid_coordinates":[11.097838611619993,48.63769228210256]}},{"type":"Feature","geometry":{"type":"Point","coordinates":[11.249543201661316,48.50394654570611]},"properties":{"id":"131","land-id":"09185","name":"Gachenbach","population":2594,"area":30.2,"centroid_coordinates":[11.249543201661316,48.50394654570611]}},{"type":"Feature","geometry":{"type":"Point","coordinates":[11.29069514190778,48.677132926953306]},"properties":{"id":"139","land-id":"09185","name":"Karlshuld","population":5944,"area":29.17,"centroid_coordinates":[11.29069514190778,48.677132926953306]}},{"type":"Feature","geometry":{"type":"Point","coordinates":[11.399539915729456,48.668303328084924]},"properties":{"id":"140","land-id":"09185","name":"Karlskron","population":4917,"area":38.51,"centroid_coordinates":[11.399539915729456,48.668303328084924]}},{"type":"Feature","geometry":{"type":"Point","coordinates":[11.210340901967765,48.60425350050006]},"properties":{"id":"143","land-id":"09185","name":"Langenmosen","population":1652,"area":23.84,"centroid_coordinates":[11.210340901967765,48.60425350050006]}},{"type":"Feature","geometry":{"type":"Point","coordinates":[11.194897940596125,48.73636596291595]},"properties":{"id":"149","land-id":"09185","name":"Neuburg a.d.Donau","population":30209,"area":81.27,"centroid_coordinates":[11.194897940596125,48.73636596291595]}},{"type":"Feature","geometry":{"type":"Point","coordinates":[11.109805760590422,48.70816548638044]},"properties":{"id":"150","land-id":"09185","name":"Oberhausen","population":3234,"area":31.97,"centroid_coordinates":[11.109805760590422,48.70816548638044]}},{"type":"Feature","geometry":{"type":"Point","coordinates":[11.047839239205732,48.77316029110179]},"properties":{"id":"153","land-id":"09185","name":"Rennertshofen","population":4843,"area":93.08,"centroid_coordinates":[11.047839239205732,48.77316029110179]}},{"type":"Feature","geometry":{"type":"Point","coordinates":[11.16429961908727,48.688605456977314]},"properties":{"id":"157","land-id":"09185","name":"Rohrenfels","population":1629,"area":17.49,"centroid_coordinates":[11.16429961908727,48.688605456977314]}},{"type":"Feature","geometry":{"type":"Point","coordinates":[11.23370258894722,48.57181404376193]},"properties":{"id":"158","land-id":"09185","name":"Schrobenhausen","population":17891,"area":75.16,"centroid_coordinates":[11.23370258894722,48.57181404376193]}},{"type":"Feature","geometry":{"type":"Point","coordinates":[11.195305098835508,48.65125192232771]},"properties":{"id":"163","land-id":"09185","name":"K\u00f6nigsmoos","population":4962,"area":40.84,"centroid_coordinates":[11.195305098835508,48.65125192232771]}},{"type":"Feature","geometry":{"type":"Point","coordinates":[11.3359840544636,48.57801937578274]},"properties":{"id":"166","land-id":"09185","name":"Waidhofen","population":2267,"area":27.31,"centroid_coordinates":[11.3359840544636,48.57801937578274]}},{"type":"Feature","geometry":{"type":"Point","coordinates":[11.328973447302985,48.70943856275599]},"properties":{"id":"168","land-id":"09185","name":"Weichering","population":2429,"area":24.52,"centroid_coordinates":[11.328973447302985,48.70943856275599]}},{"type":"Feature","geometry":{"type":"Point","coordinates":[11.473223262519815,48.68047167028151]},"properties":{"id":"113","land-id":"09186","name":"Baar-Ebenhausen","population":5567,"area":14.79,"centroid_coordinates":[11.473223262519815,48.68047167028151]}},{"type":"Feature","geometry":{"type":"Point","coordinates":[11.567794130042664,48.724240149710454]},"properties":{"id":"116","land-id":"09186","name":"Ernsgaden","population":1818,"area":7.47,"centroid_coordinates":[11.567794130042664,48.724240149710454]}},{"type":"Feature","geometry":{"type":"Point","coordinates":[11.619938874900987,48.683861901460006]},"properties":{"id":"122","land-id":"09186","name":"Geisenfeld","population":11578,"area":88.37,"centroid_coordinates":[11.619938874900987,48.683861901460006]}},{"type":"Feature","geometry":{"type":"Point","coordinates":[11.355709852752165,48.48947627064613]},"properties":{"id":"125","land-id":"09186","name":"Gerolsbach","population":3814,"area":58.9,"centroid_coordinates":[11.355709852752165,48.48947627064613]}},{"type":"Feature","geometry":{"type":"Point","coordinates":[11.528547430555578,48.502182953330134]},"properties":{"id":"126","land-id":"09186","name":"Hettenshausen","population":2101,"area":18.59,"centroid_coordinates":[11.528547430555578,48.502182953330134]}},{"type":"Feature","geometry":{"type":"Point","coordinates":[11.3973160568121,48.594075954197976]},"properties":{"id":"128","land-id":"09186","name":"Hohenwart","population":4911,"area":52.26,"centroid_coordinates":[11.3973160568121,48.594075954197976]}},{"type":"Feature","geometry":{"type":"Point","coordinates":[11.499680065234337,48.48144995641105]},"properties":{"id":"130","land-id":"09186","name":"Ilmm\u00fcnster","population":2220,"area":13.94,"centroid_coordinates":[11.499680065234337,48.48144995641105]}},{"type":"Feature","geometry":{"type":"Point","coordinates":[11.407538483197886,48.43843549411045]},"properties":{"id":"132","land-id":"09186","name":"Jetzendorf","population":3115,"area":21.67,"centroid_coordinates":[11.407538483197886,48.43843549411045]}},{"type":"Feature","geometry":{"type":"Point","coordinates":[11.501836782048601,48.715841113604924]},"properties":{"id":"137","land-id":"09186","name":"Manching","population":12927,"area":35.44,"centroid_coordinates":[11.501836782048601,48.715841113604924]}},{"type":"Feature","geometry":{"type":"Point","coordinates":[11.676091266323589,48.765182276664554]},"properties":{"id":"139","land-id":"09186","name":"M\u00fcnchsm\u00fcnster","population":3204,"area":16.18,"centroid_coordinates":[11.676091266323589,48.765182276664554]}},{"type":"Feature","geometry":{"type":"Point","coordinates":[11.493396998613253,48.552090545216366]},"properties":{"id":"143","land-id":"09186","name":"Pfaffenhofen a.d.Ilm","population":26191,"area":92.56,"centroid_coordinates":[11.493396998613253,48.552090545216366]}},{"type":"Feature","geometry":{"type":"Point","coordinates":[11.471551279384489,48.61364681025192]},"properties":{"id":"144","land-id":"09186","name":"P\u00f6rnbach","population":2212,"area":22.69,"centroid_coordinates":[11.471551279384489,48.61364681025192]}},{"type":"Feature","geometry":{"type":"Point","coordinates":[11.478023142946391,48.4546219815504]},"properties":{"id":"146","land-id":"09186","name":"Reichertshausen","population":5160,"area":23.64,"centroid_coordinates":[11.478023142946391,48.4546219815504]}},{"type":"Feature","geometry":{"type":"Point","coordinates":[11.500512894454308,48.65629871557069]},"properties":{"id":"147","land-id":"09186","name":"Reichertshofen","population":8118,"area":36.87,"centroid_coordinates":[11.500512894454308,48.65629871557069]}},{"type":"Feature","geometry":{"type":"Point","coordinates":[11.544025013658214,48.61440762918859]},"properties":{"id":"149","land-id":"09186","name":"Rohrbach","population":5973,"area":29.7,"centroid_coordinates":[11.544025013658214,48.61440762918859]}},{"type":"Feature","geometry":{"type":"Point","coordinates":[11.433327759660736,48.501299832141655]},"properties":{"id":"151","land-id":"09186","name":"Scheyern","population":4880,"area":38.32,"centroid_coordinates":[11.433327759660736,48.501299832141655]}},{"type":"Feature","geometry":{"type":"Point","coordinates":[11.613842116246843,48.514693287510624]},"properties":{"id":"152","land-id":"09186","name":"Schweitenkirchen","population":5554,"area":53.05,"centroid_coordinates":[11.613842116246843,48.514693287510624]}},{"type":"Feature","geometry":{"type":"Point","coordinates":[11.612500794051163,48.769504038769824]},"properties":{"id":"158","land-id":"09186","name":"Vohburg a.d.Donau","population":8947,"area":45.11,"centroid_coordinates":[11.612500794051163,48.769504038769824]}},{"type":"Feature","geometry":{"type":"Point","coordinates":[11.63057366667978,48.602570855441066]},"properties":{"id":"162","land-id":"09186","name":"Wolnzach","population":11628,"area":91.51,"centroid_coordinates":[11.63057366667978,48.602570855441066]}},{"type":"Feature","geometry":{"type":"Point","coordinates":[12.310374171514512,48.011513021328796]},"properties":{"id":"113","land-id":"09187","name":"Amerang","population":3722,"area":39.8,"centroid_coordinates":[12.310374171514512,48.011513021328796]}},{"type":"Feature","geometry":{"type":"Point","coordinates":[12.309930469124845,47.74317737991832]},"properties":{"id":"114","land-id":"09187","name":"Aschau i.Chiemgau","population":5278,"area":79.54,"centroid_coordinates":[12.309930469124845,47.74317737991832]}},{"type":"Feature","geometry":{"type":"Point","coordinates":[12.295462708072497,48.08815729250038]},"properties":{"id":"116","land-id":"09187","name":"Babensham","population":3128,"area":54.34,"centroid_coordinates":[12.295462708072497,48.08815729250038]}},{"type":"Feature","geometry":{"type":"Point","coordinates":[12.003174293650622,47.86305579437187]},"properties":{"id":"117","land-id":"09187","name":"Bad Aibling","population":18358,"area":41.48,"centroid_coordinates":[12.003174293650622,47.86305579437187]}},{"type":"Feature","geometry":{"type":"Point","coordinates":[12.374947523002314,47.81508517499097]},"properties":{"id":"118","land-id":"09187","name":"Bernau a.Chiemsee","population":6673,"area":26.84,"centroid_coordinates":[12.374947523002314,47.81508517499097]}},{"type":"Feature","geometry":{"type":"Point","coordinates":[12.06990251677172,47.72894378267497]},"properties":{"id":"120","land-id":"09187","name":"Brannenburg","population":6622,"area":33.73,"centroid_coordinates":[12.06990251677172,47.72894378267497]}},{"type":"Feature","geometry":{"type":"Point","coordinates":[12.384444398949489,47.893642438947914]},"properties":{"id":"121","land-id":"09187","name":"Breitbrunn a.Chiemsee","population":1460,"area":8.06,"centroid_coordinates":[12.384444398949489,47.893642438947914]}},{"type":"Feature","geometry":{"type":"Point","coordinates":[11.933676737641811,47.88952559461196]},"properties":{"id":"122","land-id":"09187","name":"Bruckm\u00fchl","population":16728,"area":50.27,"centroid_coordinates":[11.933676737641811,47.88952559461196]}},{"type":"Feature","geometry":{"type":"Point","coordinates":[12.451060318289844,47.87794767254253]},"properties":{"id":"123","land-id":"09187","name":"Chiemsee","population":193,"area":76.76,"centroid_coordinates":[12.451060318289844,47.87794767254253]}},{"type":"Feature","geometry":{"type":"Point","coordinates":[12.14903296771696,48.05849263896268]},"properties":{"id":"124","land-id":"09187","name":"Edling","population":4332,"area":20.06,"centroid_coordinates":[12.14903296771696,48.05849263896268]}},{"type":"Feature","geometry":{"type":"Point","coordinates":[12.385203269437053,47.93320845037802]},"properties":{"id":"125","land-id":"09187","name":"Eggst\u00e4tt","population":2835,"area":24.34,"centroid_coordinates":[12.385203269437053,47.93320845037802]}},{"type":"Feature","geometry":{"type":"Point","coordinates":[12.246687819141544,48.03251088837501]},"properties":{"id":"126","land-id":"09187","name":"Eiselfing","population":3274,"area":34.86,"centroid_coordinates":[12.246687819141544,48.03251088837501]}},{"type":"Feature","geometry":{"type":"Point","coordinates":[12.30131070296748,47.9040920238552]},"properties":{"id":"128","land-id":"09187","name":"Bad Endorf","population":8116,"area":40.17,"centroid_coordinates":[12.30131070296748,47.9040920238552]}},{"type":"Feature","geometry":{"type":"Point","coordinates":[11.999535401736027,47.78711302361303]},"properties":{"id":"129","land-id":"09187","name":"Bad Feilnbach","population":8236,"area":57.5,"centroid_coordinates":[11.999535401736027,47.78711302361303]}},{"type":"Feature","geometry":{"type":"Point","coordinates":[11.863169966220434,47.91160919197921]},"properties":{"id":"130","land-id":"09187","name":"Feldkirchen-Westerham","population":10575,"area":53.28,"centroid_coordinates":[11.863169966220434,47.91160919197921]}},{"type":"Feature","geometry":{"type":"Point","coordinates":[12.104713560136789,47.704419048801626]},"properties":{"id":"131","land-id":"09187","name":"Flintsbach a.Inn","population":2952,"area":31.31,"centroid_coordinates":[12.104713560136789,47.704419048801626]}},{"type":"Feature","geometry":{"type":"Point","coordinates":[12.282413449781707,47.79761750774032]},"properties":{"id":"132","land-id":"09187","name":"Frasdorf","population":2985,"area":32.76,"centroid_coordinates":[12.282413449781707,47.79761750774032]}},{"type":"Feature","geometry":{"type":"Point","coordinates":[12.189799529289786,47.989989573287545]},"properties":{"id":"134","land-id":"09187","name":"Griesst\u00e4tt","population":2838,"area":29.63,"centroid_coordinates":[12.189799529289786,47.989989573287545]}},{"type":"Feature","geometry":{"type":"Point","coordinates":[12.067978133151426,47.900317342705016]},"properties":{"id":"137","land-id":"09187","name":"Gro\u00dfkarolinenfeld","population":7376,"area":29.12,"centroid_coordinates":[12.067978133151426,47.900317342705016]}},{"type":"Feature","geometry":{"type":"Point","coordinates":[12.416770775813081,47.90431676139817]},"properties":{"id":"138","land-id":"09187","name":"Gstadt a.Chiemsee","population":1158,"area":10.68,"centroid_coordinates":[12.416770775813081,47.90431676139817]}},{"type":"Feature","geometry":{"type":"Point","coordinates":[12.267465111567168,47.952363264015375]},"properties":{"id":"139","land-id":"09187","name":"Halfing","population":2779,"area":22.81,"centroid_coordinates":[12.267465111567168,47.952363264015375]}},{"type":"Feature","geometry":{"type":"Point","coordinates":[12.119738822172469,47.92623355108221]},"properties":{"id":"142","land-id":"09187","name":"Schechen","population":5373,"area":31.39,"centroid_coordinates":[12.119738822172469,47.92623355108221]}},{"type":"Feature","geometry":{"type":"Point","coordinates":[12.320214527996898,47.9481494196699]},"properties":{"id":"145","land-id":"09187","name":"H\u00f6slwang","population":1213,"area":16.2,"centroid_coordinates":[12.320214527996898,47.9481494196699]}},{"type":"Feature","geometry":{"type":"Point","coordinates":[12.12770084029437,47.6258579572523]},"properties":{"id":"148","land-id":"09187","name":"Kiefersfelden","population":6531,"area":36.78,"centroid_coordinates":[12.12770084029437,47.6258579572523]}},{"type":"Feature","geometry":{"type":"Point","coordinates":[12.047480065268175,47.842993740189364]},"properties":{"id":"150","land-id":"09187","name":"Kolbermoor","population":19047,"area":19.84,"centroid_coordinates":[12.047480065268175,47.842993740189364]}},{"type":"Feature","geometry":{"type":"Point","coordinates":[12.150792062249726,47.77914812255689]},"properties":{"id":"154","land-id":"09187","name":"Neubeuern","population":4106,"area":15.31,"centroid_coordinates":[12.150792062249726,47.77914812255689]}},{"type":"Feature","geometry":{"type":"Point","coordinates":[12.176388302583153,47.728657082253065]},"properties":{"id":"156","land-id":"09187","name":"Nu\u00dfdorf a.Inn","population":2547,"area":28.59,"centroid_coordinates":[12.176388302583153,47.728657082253065]}},{"type":"Feature","geometry":{"type":"Point","coordinates":[12.11359727609672,47.663128145879384]},"properties":{"id":"157","land-id":"09187","name":"Oberaudorf","population":4978,"area":59.29,"centroid_coordinates":[12.11359727609672,47.663128145879384]}},{"type":"Feature","geometry":{"type":"Point","coordinates":[12.103616672166472,48.05301669402555]},"properties":{"id":"159","land-id":"09187","name":"Pfaffing","population":4108,"area":35.37,"centroid_coordinates":[12.103616672166472,48.05301669402555]}},{"type":"Feature","geometry":{"type":"Point","coordinates":[12.333697871895893,47.846163514883926]},"properties":{"id":"162","land-id":"09187","name":"Prien a.Chiemsee","population":10918,"area":20.56,"centroid_coordinates":[12.333697871895893,47.846163514883926]}},{"type":"Feature","geometry":{"type":"Point","coordinates":[12.191697677812146,47.887923785541034]},"properties":{"id":"163","land-id":"09187","name":"Prutting","population":2895,"area":16.21,"centroid_coordinates":[12.191697677812146,47.887923785541034]}},{"type":"Feature","geometry":{"type":"Point","coordinates":[12.146895151803891,48.01500950383203]},"properties":{"id":"164","land-id":"09187","name":"Ramerberg","population":1393,"area":8.11,"centroid_coordinates":[12.146895151803891,48.01500950383203]}},{"type":"Feature","geometry":{"type":"Point","coordinates":[12.084732610249961,47.786910619172126]},"properties":{"id":"165","land-id":"09187","name":"Raubling","population":11108,"area":44.26,"centroid_coordinates":[12.084732610249961,47.786910619172126]}},{"type":"Feature","geometry":{"type":"Point","coordinates":[12.237545814958105,47.839525010928064]},"properties":{"id":"167","land-id":"09187","name":"Riedering","population":5533,"area":38.09,"centroid_coordinates":[12.237545814958105,47.839525010928064]}},{"type":"Feature","geometry":{"type":"Point","coordinates":[12.328019892621192,47.87491161532264]},"properties":{"id":"168","land-id":"09187","name":"Rimsting","population":3777,"area":19.96,"centroid_coordinates":[12.328019892621192,47.87491161532264]}},{"type":"Feature","geometry":{"type":"Point","coordinates":[12.187365699324651,47.80722267481396]},"properties":{"id":"169","land-id":"09187","name":"Rohrdorf","population":5846,"area":28.66,"centroid_coordinates":[12.187365699324651,47.80722267481396]}},{"type":"Feature","geometry":{"type":"Point","coordinates":[12.126385024368386,47.988219757209535]},"properties":{"id":"170","land-id":"09187","name":"Rott a.Inn","population":4146,"area":19.59,"centroid_coordinates":[12.126385024368386,47.988219757209535]}},{"type":"Feature","geometry":{"type":"Point","coordinates":[12.21502591004447,47.76133734750072]},"properties":{"id":"172","land-id":"09187","name":"Samerberg","population":2775,"area":33.41,"centroid_coordinates":[12.21502591004447,47.76133734750072]}},{"type":"Feature","geometry":{"type":"Point","coordinates":[12.253896843993786,47.98692828277013]},"properties":{"id":"173","land-id":"09187","name":"Schonstett","population":1444,"area":13.54,"centroid_coordinates":[12.253896843993786,47.98692828277013]}},{"type":"Feature","geometry":{"type":"Point","coordinates":[12.230619222537726,47.919418162347675]},"properties":{"id":"174","land-id":"09187","name":"S\u00f6chtenau","population":2655,"area":25.59,"centroid_coordinates":[12.230619222537726,47.919418162347675]}},{"type":"Feature","geometry":{"type":"Point","coordinates":[12.214729483084609,48.10449339625268]},"properties":{"id":"176","land-id":"09187","name":"Soyen","population":2914,"area":28.91,"centroid_coordinates":[12.214729483084609,48.10449339625268]}},{"type":"Feature","geometry":{"type":"Point","coordinates":[12.180869744561514,47.8626077126104]},"properties":{"id":"177","land-id":"09187","name":"Stephanskirchen","population":10168,"area":26.59,"centroid_coordinates":[12.180869744561514,47.8626077126104]}},{"type":"Feature","geometry":{"type":"Point","coordinates":[12.003447873833041,47.94405588098738]},"properties":{"id":"179","land-id":"09187","name":"Tuntenhausen","population":7014,"area":69.02,"centroid_coordinates":[12.003447873833041,47.94405588098738]}},{"type":"Feature","geometry":{"type":"Point","coordinates":[12.176438205805368,47.931498651175666]},"properties":{"id":"181","land-id":"09187","name":"Vogtareuth","population":3191,"area":34.28,"centroid_coordinates":[12.176438205805368,47.931498651175666]}},{"type":"Feature","geometry":{"type":"Point","coordinates":[12.200453935950085,48.054206536806085]},"properties":{"id":"182","land-id":"09187","name":"Wasserburg a.Inn","population":12347,"area":18.8,"centroid_coordinates":[12.200453935950085,48.054206536806085]}},{"type":"Feature","geometry":{"type":"Point","coordinates":[12.114350469676266,48.107269428458785]},"properties":{"id":"186","land-id":"09187","name":"Albaching","population":1732,"area":18.14,"centroid_coordinates":[12.114350469676266,48.107269428458785]}},{"type":"Feature","geometry":{"type":"Point","coordinates":[11.379879470462999,47.95900902199142]},"properties":{"id":"113","land-id":"09188","name":"Berg","population":8061,"area":36.64,"centroid_coordinates":[11.379879470462999,47.95900902199142]}},{"type":"Feature","geometry":{"type":"Point","coordinates":[11.207653949656276,47.968793952153376]},"properties":{"id":"117","land-id":"09188","name":"Andechs","population":3858,"area":40.5,"centroid_coordinates":[11.207653949656276,47.968793952153376]}},{"type":"Feature","geometry":{"type":"Point","coordinates":[11.28486210133103,47.945629050807085]},"properties":{"id":"118","land-id":"09188","name":"Feldafing","population":4346,"area":9.21,"centroid_coordinates":[11.28486210133103,47.945629050807085]}},{"type":"Feature","geometry":{"type":"Point","coordinates":[11.353923316709022,48.0603981130838]},"properties":{"id":"120","land-id":"09188","name":"Gauting","population":21884,"area":55.5,"centroid_coordinates":[11.353923316709022,48.0603981130838]}},{"type":"Feature","geometry":{"type":"Point","coordinates":[11.27623024912343,48.111357825661365]},"properties":{"id":"121","land-id":"09188","name":"Gilching","population":19039,"area":31.49,"centroid_coordinates":[11.27623024912343,48.111357825661365]}},{"type":"Feature","geometry":{"type":"Point","coordinates":[11.166081448128299,48.00794878611896]},"properties":{"id":"124","land-id":"09188","name":"Herrsching a.Ammersee","population":11098,"area":20.89,"centroid_coordinates":[11.166081448128299,48.00794878611896]}},{"type":"Feature","geometry":{"type":"Point","coordinates":[11.156588823671608,48.072427579344584]},"properties":{"id":"126","land-id":"09188","name":"Inning a.Ammersee","population":4790,"area":24.33,"centroid_coordinates":[11.156588823671608,48.072427579344584]}},{"type":"Feature","geometry":{"type":"Point","coordinates":[11.361946299732915,48.094411255603625]},"properties":{"id":"127","land-id":"09188","name":"Krailling","population":7835,"area":16.02,"centroid_coordinates":[11.361946299732915,48.094411255603625]}},{"type":"Feature","geometry":{"type":"Point","coordinates":[11.223887440475893,48.036416666869584]},"properties":{"id":"132","land-id":"09188","name":"Seefeld","population":7662,"area":34.88,"centroid_coordinates":[11.223887440475893,48.036416666869584]}},{"type":"Feature","geometry":{"type":"Point","coordinates":[11.28356526274748,47.972738196749646]},"properties":{"id":"137","land-id":"09188","name":"P\u00f6cking","population":5605,"area":20.9,"centroid_coordinates":[11.28356526274748,47.972738196749646]}},{"type":"Feature","geometry":{"type":"Point","coordinates":[11.332677185838929,48.0103216246131]},"properties":{"id":"139","land-id":"09188","name":"Starnberg","population":24466,"area":61.86,"centroid_coordinates":[11.332677185838929,48.0103216246131]}},{"type":"Feature","geometry":{"type":"Point","coordinates":[11.244960470798064,47.91037275200379]},"properties":{"id":"141","land-id":"09188","name":"Tutzing","population":9915,"area":35.7,"centroid_coordinates":[11.244960470798064,47.91037275200379]}},{"type":"Feature","geometry":{"type":"Point","coordinates":[11.26260820762739,48.0737642447878]},"properties":{"id":"144","land-id":"09188","name":"We\u00dfling","population":5508,"area":22.56,"centroid_coordinates":[11.26260820762739,48.0737642447878]}},{"type":"Feature","geometry":{"type":"Point","coordinates":[11.201916439982812,48.08035364041607]},"properties":{"id":"145","land-id":"09188","name":"W\u00f6rthsee","population":5198,"area":20.46,"centroid_coordinates":[11.201916439982812,48.08035364041607]}},{"type":"Feature","geometry":{"type":"Point","coordinates":[12.505801806273492,48.00206834609433]},"properties":{"id":"111","land-id":"09189","name":"Altenmarkt a.d.Alz","population":4076,"area":26.11,"centroid_coordinates":[12.505801806273492,48.00206834609433]}},{"type":"Feature","geometry":{"type":"Point","coordinates":[12.572746925383939,47.794006516731976]},"properties":{"id":"113","land-id":"09189","name":"Bergen","population":4569,"area":36.92,"centroid_coordinates":[12.572746925383939,47.794006516731976]}},{"type":"Feature","geometry":{"type":"Point","coordinates":[12.53941413111622,47.91408911783177]},"properties":{"id":"114","land-id":"09189","name":"Chieming","population":4593,"area":37.67,"centroid_coordinates":[12.53941413111622,47.91408911783177]}},{"type":"Feature","geometry":{"type":"Point","coordinates":[12.521966395920158,48.125840254798696]},"properties":{"id":"115","land-id":"09189","name":"Engelsberg","population":2413,"area":34.13,"centroid_coordinates":[12.521966395920158,48.125840254798696]}},{"type":"Feature","geometry":{"type":"Point","coordinates":[12.822747728888283,47.994348141452505]},"properties":{"id":"118","land-id":"09189","name":"Fridolfing","population":4338,"area":44.28,"centroid_coordinates":[12.822747728888283,47.994348141452505]}},{"type":"Feature","geometry":{"type":"Point","coordinates":[12.55045351625646,47.84545795672872]},"properties":{"id":"119","land-id":"09189","name":"Grabenst\u00e4tt","population":4306,"area":37.74,"centroid_coordinates":[12.55045351625646,47.84545795672872]}},{"type":"Feature","geometry":{"type":"Point","coordinates":[12.425548728983873,47.785939422834]},"properties":{"id":"120","land-id":"09189","name":"Grassau","population":6762,"area":35.7,"centroid_coordinates":[12.425548728983873,47.785939422834]}},{"type":"Feature","geometry":{"type":"Point","coordinates":[12.768285163405208,47.7682135226838]},"properties":{"id":"124","land-id":"09189","name":"Inzell","population":4332,"area":45.21,"centroid_coordinates":[12.768285163405208,47.7682135226838]}},{"type":"Feature","geometry":{"type":"Point","coordinates":[12.467506838372634,48.04023764544248]},"properties":{"id":"126","land-id":"09189","name":"Kienberg","population":1331,"area":22.81,"centroid_coordinates":[12.467506838372634,48.04023764544248]}},{"type":"Feature","geometry":{"type":"Point","coordinates":[12.821680933683963,47.94934003412153]},"properties":{"id":"127","land-id":"09189","name":"Kirchansch\u00f6ring","population":3301,"area":25.08,"centroid_coordinates":[12.821680933683963,47.94934003412153]}},{"type":"Feature","geometry":{"type":"Point","coordinates":[12.451270075677268,47.757750821041675]},"properties":{"id":"129","land-id":"09189","name":"Marquartstein","population":3025,"area":13.36,"centroid_coordinates":[12.451270075677268,47.757750821041675]}},{"type":"Feature","geometry":{"type":"Point","coordinates":[12.594461093179893,47.91070675987638]},"properties":{"id":"130","land-id":"09189","name":"Nu\u00dfdorf","population":2352,"area":16.13,"centroid_coordinates":[12.594461093179893,47.91070675987638]}},{"type":"Feature","geometry":{"type":"Point","coordinates":[12.400583309390285,48.01418639986526]},"properties":{"id":"133","land-id":"09189","name":"Obing","population":4352,"area":43.82,"centroid_coordinates":[12.400583309390285,48.01418639986526]}},{"type":"Feature","geometry":{"type":"Point","coordinates":[12.649123466121358,48.0060417069887]},"properties":{"id":"134","land-id":"09189","name":"Palling","population":3539,"area":53.82,"centroid_coordinates":[12.649123466121358,48.0060417069887]}},{"type":"Feature","geometry":{"type":"Point","coordinates":[12.822100812431804,47.90378799001296]},"properties":{"id":"135","land-id":"09189","name":"Petting","population":2272,"area":29.8,"centroid_coordinates":[12.822100812431804,47.90378799001296]}},{"type":"Feature","geometry":{"type":"Point","coordinates":[12.376839406373294,47.97451571332063]},"properties":{"id":"137","land-id":"09189","name":"Pittenhart","population":1883,"area":27.88,"centroid_coordinates":[12.376839406373294,47.97451571332063]}},{"type":"Feature","geometry":{"type":"Point","coordinates":[12.521013204158312,47.66764333965078]},"properties":{"id":"139","land-id":"09189","name":"Reit im Winkl","population":1893,"area":71.86,"centroid_coordinates":[12.521013204158312,47.66764333965078]}},{"type":"Feature","geometry":{"type":"Point","coordinates":[12.62734236644592,47.730182040774935]},"properties":{"id":"140","land-id":"09189","name":"Ruhpolding","population":6197,"area":147.78,"centroid_coordinates":[12.62734236644592,47.730182040774935]}},{"type":"Feature","geometry":{"type":"Point","coordinates":[12.383067712851332,47.72184843381973]},"properties":{"id":"141","land-id":"09189","name":"Schleching","population":1634,"area":45.18,"centroid_coordinates":[12.383067712851332,47.72184843381973]}},{"type":"Feature","geometry":{"type":"Point","coordinates":[12.39390914781962,48.07869244107797]},"properties":{"id":"142","land-id":"09189","name":"Schnaitsee","population":3648,"area":61.2,"centroid_coordinates":[12.39390914781962,48.07869244107797]}},{"type":"Feature","geometry":{"type":"Point","coordinates":[12.470372299675857,47.960788198679786]},"properties":{"id":"143","land-id":"09189","name":"Seeon-Seebruck","population":4438,"area":47.81,"centroid_coordinates":[12.470372299675857,47.960788198679786]}},{"type":"Feature","geometry":{"type":"Point","coordinates":[12.677952924854413,47.8108193351142]},"properties":{"id":"145","land-id":"09189","name":"Siegsdorf","population":8046,"area":57.04,"centroid_coordinates":[12.677952924854413,47.8108193351142]}},{"type":"Feature","geometry":{"type":"Point","coordinates":[12.508264486312003,47.77914266095757]},"properties":{"id":"146","land-id":"09189","name":"Staudach-Egerndach","population":1125,"area":19.37,"centroid_coordinates":[12.508264486312003,47.77914266095757]}},{"type":"Feature","geometry":{"type":"Point","coordinates":[12.702224242955314,47.86985318818061]},"properties":{"id":"148","land-id":"09189","name":"Surberg","population":3291,"area":23.72,"centroid_coordinates":[12.702224242955314,47.86985318818061]}},{"type":"Feature","geometry":{"type":"Point","coordinates":[12.508207340402269,48.082278791035435]},"properties":{"id":"149","land-id":"09189","name":"Tacherting","population":5641,"area":50.14,"centroid_coordinates":[12.508207340402269,48.082278791035435]}},{"type":"Feature","geometry":{"type":"Point","coordinates":[12.718219400522708,47.98024214663759]},"properties":{"id":"150","land-id":"09189","name":"Taching a.See","population":2035,"area":26.66,"centroid_coordinates":[12.718219400522708,47.98024214663759]}},{"type":"Feature","geometry":{"type":"Point","coordinates":[12.740154307910208,48.04670320457212]},"properties":{"id":"152","land-id":"09189","name":"Tittmoning","population":5879,"area":72.04,"centroid_coordinates":[12.740154307910208,48.04670320457212]}},{"type":"Feature","geometry":{"type":"Point","coordinates":[12.592095864437638,47.95783475656912]},"properties":{"id":"154","land-id":"09189","name":"Traunreut","population":20285,"area":45.07,"centroid_coordinates":[12.592095864437638,47.95783475656912]}},{"type":"Feature","geometry":{"type":"Point","coordinates":[12.643979717041631,47.879643347605274]},"properties":{"id":"155","land-id":"09189","name":"Traunstein","population":20824,"area":48.54,"centroid_coordinates":[12.643979717041631,47.879643347605274]}},{"type":"Feature","geometry":{"type":"Point","coordinates":[12.56562283941918,48.031258440151674]},"properties":{"id":"157","land-id":"09189","name":"Trostberg","population":11269,"area":51.69,"centroid_coordinates":[12.56562283941918,48.031258440151674]}},{"type":"Feature","geometry":{"type":"Point","coordinates":[12.477460225644249,47.82677119291839]},"properties":{"id":"159","land-id":"09189","name":"\u00dcbersee","population":5032,"area":30.55,"centroid_coordinates":[12.477460225644249,47.82677119291839]}},{"type":"Feature","geometry":{"type":"Point","coordinates":[12.471570745704812,47.7202644384296]},"properties":{"id":"160","land-id":"09189","name":"Unterw\u00f6ssen","population":3421,"area":40.48,"centroid_coordinates":[12.471570745704812,47.7202644384296]}},{"type":"Feature","geometry":{"type":"Point","coordinates":[12.597257948252572,47.8422154793617]},"properties":{"id":"161","land-id":"09189","name":"Vachendorf","population":1777,"area":9.95,"centroid_coordinates":[12.597257948252572,47.8422154793617]}},{"type":"Feature","geometry":{"type":"Point","coordinates":[12.723076148570533,47.9357088348262]},"properties":{"id":"162","land-id":"09189","name":"Waging a.See","population":6828,"area":48.81,"centroid_coordinates":[12.723076148570533,47.9357088348262]}},{"type":"Feature","geometry":{"type":"Point","coordinates":[12.717923719968578,47.90182095224739]},"properties":{"id":"165","land-id":"09189","name":"Wonneberg","population":1562,"area":18.08,"centroid_coordinates":[12.717923719968578,47.90182095224739]}},{"type":"Feature","geometry":{"type":"Point","coordinates":[10.859443705420201,47.82274223432867]},"properties":{"id":"111","land-id":"09190","name":"Altenstadt","population":3299,"area":18.67,"centroid_coordinates":[10.859443705420201,47.82274223432867]}},{"type":"Feature","geometry":{"type":"Point","coordinates":[11.299929086707653,47.75667239742582]},"properties":{"id":"113","land-id":"09190","name":"Antdorf","population":1347,"area":22.35,"centroid_coordinates":[11.299929086707653,47.75667239742582]}},{"type":"Feature","geometry":{"type":"Point","coordinates":[10.767819654307269,47.72971268885521]},"properties":{"id":"114","land-id":"09190","name":"Bernbeuren","population":2444,"area":41.61,"centroid_coordinates":[10.767819654307269,47.72971268885521]}},{"type":"Feature","geometry":{"type":"Point","coordinates":[11.27264246474077,47.86358617455003]},"properties":{"id":"115","land-id":"09190","name":"Bernried am Starnberger See","population":2447,"area":13.8,"centroid_coordinates":[11.27264246474077,47.86358617455003]}},{"type":"Feature","geometry":{"type":"Point","coordinates":[11.015594175436785,47.750052132524225]},"properties":{"id":"117","land-id":"09190","name":"B\u00f6bing","population":1876,"area":40.34,"centroid_coordinates":[11.015594175436785,47.750052132524225]}},{"type":"Feature","geometry":{"type":"Point","coordinates":[10.812187501580935,47.77451656303915]},"properties":{"id":"118","land-id":"09190","name":"Burggen","population":1709,"area":24.86,"centroid_coordinates":[10.812187501580935,47.77451656303915]}},{"type":"Feature","geometry":{"type":"Point","coordinates":[11.221924595357287,47.7873630356171]},"properties":{"id":"120","land-id":"09190","name":"Eberfing","population":1493,"area":25.98,"centroid_coordinates":[11.221924595357287,47.7873630356171]}},{"type":"Feature","geometry":{"type":"Point","coordinates":[11.157084309751777,47.73799743695764]},"properties":{"id":"121","land-id":"09190","name":"Eglfing","population":1181,"area":16.19,"centroid_coordinates":[11.157084309751777,47.73799743695764]}},{"type":"Feature","geometry":{"type":"Point","coordinates":[11.287157960736621,47.727730904967665]},"properties":{"id":"126","land-id":"09190","name":"Habach","population":1129,"area":12.16,"centroid_coordinates":[11.287157960736621,47.727730904967665]}},{"type":"Feature","geometry":{"type":"Point","coordinates":[10.896926425093593,47.85402555059494]},"properties":{"id":"129","land-id":"09190","name":"Hohenfurch","population":1698,"area":12.46,"centroid_coordinates":[10.896926425093593,47.85402555059494]}},{"type":"Feature","geometry":{"type":"Point","coordinates":[11.006626191803363,47.80171511361203]},"properties":{"id":"130","land-id":"09190","name":"Hohenpei\u00dfenberg","population":3877,"area":20.58,"centroid_coordinates":[11.006626191803363,47.80171511361203]}},{"type":"Feature","geometry":{"type":"Point","coordinates":[11.13118789556016,47.757188417695794]},"properties":{"id":"131","land-id":"09190","name":"Huglfing","population":2882,"area":24.39,"centroid_coordinates":[11.13118789556016,47.757188417695794]}},{"type":"Feature","geometry":{"type":"Point","coordinates":[11.323027057184126,47.7868871205801]},"properties":{"id":"132","land-id":"09190","name":"Iffeldorf","population":2751,"area":27.51,"centroid_coordinates":[11.323027057184126,47.7868871205801]}},{"type":"Feature","geometry":{"type":"Point","coordinates":[10.784693580071414,47.80787350429202]},"properties":{"id":"133","land-id":"09190","name":"Ingenried","population":1137,"area":17.48,"centroid_coordinates":[10.784693580071414,47.80787350429202]}},{"type":"Feature","geometry":{"type":"Point","coordinates":[11.114775997474698,47.77490315219896]},"properties":{"id":"135","land-id":"09190","name":"Oberhausen","population":2119,"area":14.88,"centroid_coordinates":[11.114775997474698,47.77490315219896]}},{"type":"Feature","geometry":{"type":"Point","coordinates":[11.231600902226722,47.746098363616596]},"properties":{"id":"136","land-id":"09190","name":"Obers\u00f6chering","population":1556,"area":24.31,"centroid_coordinates":[11.231600902226722,47.746098363616596]}},{"type":"Feature","geometry":{"type":"Point","coordinates":[11.17247782060493,47.920446564024196]},"properties":{"id":"138","land-id":"09190","name":"P\u00e4hl","population":2544,"area":32.26,"centroid_coordinates":[11.17247782060493,47.920446564024196]}},{"type":"Feature","geometry":{"type":"Point","coordinates":[11.067741197972287,47.79942754879318]},"properties":{"id":"139","land-id":"09190","name":"Pei\u00dfenberg","population":13035,"area":32.62,"centroid_coordinates":[11.067741197972287,47.79942754879318]}},{"type":"Feature","geometry":{"type":"Point","coordinates":[10.935168912404086,47.80101163975607]},"properties":{"id":"140","land-id":"09190","name":"Peiting","population":11756,"area":75.05,"centroid_coordinates":[10.935168912404086,47.80101163975607]}},{"type":"Feature","geometry":{"type":"Point","coordinates":[11.381259144135544,47.76104796620764]},"properties":{"id":"141","land-id":"09190","name":"Penzberg","population":16945,"area":25.7,"centroid_coordinates":[11.381259144135544,47.76104796620764]}},{"type":"Feature","geometry":{"type":"Point","coordinates":[11.130525513144255,47.81162075712606]},"properties":{"id":"142","land-id":"09190","name":"Polling","population":3621,"area":29.2,"centroid_coordinates":[11.130525513144255,47.81162075712606]}},{"type":"Feature","geometry":{"type":"Point","coordinates":[10.813037006372497,47.67575126048399]},"properties":{"id":"143","land-id":"09190","name":"Prem","population":955,"area":16.01,"centroid_coordinates":[10.813037006372497,47.67575126048399]}},{"type":"Feature","geometry":{"type":"Point","coordinates":[11.105947112153281,47.90446323717893]},"properties":{"id":"144","land-id":"09190","name":"Raisting","population":2365,"area":21.9,"centroid_coordinates":[11.105947112153281,47.90446323717893]}},{"type":"Feature","geometry":{"type":"Point","coordinates":[10.96394226693156,47.727885240286746]},"properties":{"id":"145","land-id":"09190","name":"Rottenbuch","population":1843,"area":31.56,"centroid_coordinates":[10.96394226693156,47.727885240286746]}},{"type":"Feature","geometry":{"type":"Point","coordinates":[10.896508214494483,47.812710452247934]},"properties":{"id":"148","land-id":"09190","name":"Schongau","population":12623,"area":21.34,"centroid_coordinates":[10.896508214494483,47.812710452247934]}},{"type":"Feature","geometry":{"type":"Point","coordinates":[10.828051942142192,47.82151245936873]},"properties":{"id":"149","land-id":"09190","name":"Schwabbruck","population":1001,"area":7.32,"centroid_coordinates":[10.828051942142192,47.82151245936873]}},{"type":"Feature","geometry":{"type":"Point","coordinates":[10.810445909117682,47.83977666012783]},"properties":{"id":"151","land-id":"09190","name":"Schwabsoien","population":1490,"area":16.95,"centroid_coordinates":[10.810445909117682,47.83977666012783]}},{"type":"Feature","geometry":{"type":"Point","coordinates":[11.262945666426603,47.824701737927015]},"properties":{"id":"152","land-id":"09190","name":"Seeshaupt","population":3147,"area":30.07,"centroid_coordinates":[11.262945666426603,47.824701737927015]}},{"type":"Feature","geometry":{"type":"Point","coordinates":[11.343172388692311,47.7191651918208]},"properties":{"id":"153","land-id":"09190","name":"Sindelsdorf","population":1214,"area":17.55,"centroid_coordinates":[11.343172388692311,47.7191651918208]}},{"type":"Feature","geometry":{"type":"Point","coordinates":[10.867365024098152,47.7081776126211]},"properties":{"id":"154","land-id":"09190","name":"Steingaden","population":2934,"area":64.09,"centroid_coordinates":[10.867365024098152,47.7081776126211]}},{"type":"Feature","geometry":{"type":"Point","coordinates":[11.145537529067134,47.84422036072971]},"properties":{"id":"157","land-id":"09190","name":"Weilheim i.OB","population":23156,"area":55.37,"centroid_coordinates":[11.145537529067134,47.84422036072971]}},{"type":"Feature","geometry":{"type":"Point","coordinates":[11.023766973326707,47.862835886905344]},"properties":{"id":"158","land-id":"09190","name":"Wessobrunn","population":2235,"area":51.0,"centroid_coordinates":[11.023766973326707,47.862835886905344]}},{"type":"Feature","geometry":{"type":"Point","coordinates":[11.184947559488485,47.87069338889636]},"properties":{"id":"159","land-id":"09190","name":"Wielenbach","population":3392,"area":33.07,"centroid_coordinates":[11.184947559488485,47.87069338889636]}},{"type":"Feature","geometry":{"type":"Point","coordinates":[10.943782502420799,47.66833232746599]},"properties":{"id":"160","land-id":"09190","name":"Wildsteig","population":1315,"area":47.61,"centroid_coordinates":[10.943782502420799,47.66833232746599]}}]}