{
  "type": "FeatureCollection",
  "crs": {
    "type": "name",
    "properties": {
      "name": "urn:ogc:def:crs:OGC:1.3:CRS84"
    }
  },
  "features": [
    {
      "type": "Feature",
      "properties": {
        "segment_id": 1,
        "start_stop": "Start",
        "end_stop": "32",
        "bus": "90",
        "timestamps": [
          1800.0,
          1920.0
        ]
      },
      "geometry": {
        "type": "LineString",
        "coordinates": [
          [
            10.8545088,
            48.3372236
          ],
          [
            10.8547326,
            48.3370304
          ]
        ]
      }
    },
    {
      "type": "Feature",
      "properties": {
        "segment_id": 2,
        "start_stop": "32",
        "end_stop": "32",
        "bus": "90",
        "timestamps": [
          1920.0,
          2040.0
        ]
      },
      "geometry": {
        "type": "LineString",
        "coordinates": [
          [
            10.8547326,
            48.3370304
          ],
          [
            10.8561565,
            48.3371619
          ]
        ]
      }
    },
    {
      "type": "Feature",
      "properties": {
        "segment_id": 3,
        "start_stop": "32",
        "end_stop": "32",
        "bus": "90",
        "timestamps": [
          2040.0,
          2160.0
        ]
      },
      "geometry": {
        "type": "LineString",
        "coordinates": [
          [
            10.8561565,
            48.3371619
          ],
          [
            10.8562544,
            48.3371899
          ]
        ]
      }
    },
    {
      "type": "Feature",
      "properties": {
        "segment_id": 4,
        "start_stop": "32",
        "end_stop": "32",
        "bus": "90",
        "timestamps": [
          2160.0,
          2280.0
        ]
      },
      "geometry": {
        "type": "LineString",
        "coordinates": [
          [
            10.8562544,
            48.3371899
          ],
          [
            10.856635,
            48.3373052
          ]
        ]
      }
    },
    {
      "type": "Feature",
      "properties": {
        "segment_id": 5,
        "start_stop": "32",
        "end_stop": "32",
        "bus": "90",
        "timestamps": [
          2280.0,
          2400.0
        ]
      },
      "geometry": {
        "type": "LineString",
        "coordinates": [
          [
            10.856635,
            48.3373052
          ],
          [
            10.8569525,
            48.3374351
          ]
        ]
      }
    },
    {
      "type": "Feature",
      "properties": {
        "segment_id": 6,
        "start_stop": "32",
        "end_stop": "32",
        "bus": "90",
        "timestamps": [
          2400.0,
          2520.0
        ]
      },
      "geometry": {
        "type": "LineString",
        "coordinates": [
          [
            10.8569525,
            48.3374351
          ],
          [
            10.8570717,
            48.3374978
          ]
        ]
      }
    },
    {
      "type": "Feature",
      "properties": {
        "segment_id": 7,
        "start_stop": "32",
        "end_stop": "3",
        "bus": "90",
        "timestamps": [
          2520.0,
          2544.0,
          2568.0,
          2592.0,
          2616.0,
          2640.0
        ]
      },
      "geometry": {
        "type": "LineString",
        "coordinates": [
          [
            10.8570717,
            48.3374978
          ],
          [
            10.8595238,
            48.338856
          ],
          [
            10.8601935,
            48.3390685
          ],
          [
            10.8601087,
            48.3391341
          ],
          [
            10.8601705,
            48.3392405
          ],
          [
            10.863252,
            48.3409467
          ]
        ]
      }
    },
    {
      "type": "Feature",
      "properties": {
        "segment_id": 8,
        "start_stop": "3",
        "end_stop": "14",
        "bus": "90",
        "timestamps": [
          2640.0,
          2680.0,
          2720.0,
          2760.0
        ]
      },
      "geometry": {
        "type": "LineString",
        "coordinates": [
          [
            10.863252,
            48.3409467
          ],
          [
            10.8655308,
            48.3411509
          ],
          [
            10.866266,
            48.34133
          ],
          [
            10.8672968,
            48.3417686
          ]
        ]
      }
    },
    {
      "type": "Feature",
      "properties": {
        "segment_id": 9,
        "start_stop": "14",
        "end_stop": "45",
        "bus": "90",
        "timestamps": [
          2760.0,
          2773.3333,
          2786.6667,
          2800.0,
          2813.3333,
          2826.6667,
          2840.0,
          2853.3333,
          2866.6667,
          2880.0
        ]
      },
      "geometry": {
        "type": "LineString",
        "coordinates": [
          [
            10.8672968,
            48.3417686
          ],
          [
            10.8682146,
            48.3420992
          ],
          [
            10.8692789,
            48.3421068
          ],
          [
            10.8701419,
            48.3423356
          ],
          [
            10.8706489,
            48.3425931
          ],
          [
            10.8712454,
            48.3430682
          ],
          [
            10.8716462,
            48.3432537
          ],
          [
            10.8743379,
            48.3433586
          ],
          [
            10.8746373,
            48.343455
          ],
          [
            10.8747519,
            48.3436612
          ]
        ]
      }
    },
    {
      "type": "Feature",
      "properties": {
        "segment_id": 10,
        "start_stop": "45",
        "end_stop": "21",
        "bus": "90",
        "timestamps": [
          2880.0,
          2940.0,
          3000.0
        ]
      },
      "geometry": {
        "type": "LineString",
        "coordinates": [
          [
            10.8747519,
            48.3436612
          ],
          [
            10.8752677,
            48.3452175
          ],
          [
            10.8761301,
            48.3465477
          ]
        ]
      }
    },
    {
      "type": "Feature",
      "properties": {
        "segment_id": 11,
        "start_stop": "21",
        "end_stop": "31",
        "bus": "90",
        "timestamps": [
          3000.0,
          3060.0,
          3120.0
        ]
      },
      "geometry": {
        "type": "LineString",
        "coordinates": [
          [
            10.8761301,
            48.3465477
          ],
          [
            10.8773572,
            48.3490111
          ],
          [
            10.8781097,
            48.3499181
          ]
        ]
      }
    },
    {
      "type": "Feature",
      "properties": {
        "segment_id": 12,
        "start_stop": "31",
        "end_stop": "27",
        "bus": "90",
        "timestamps": [
          3120.0,
          3240.0
        ]
      },
      "geometry": {
        "type": "LineString",
        "coordinates": [
          [
            10.8781097,
            48.3499181
          ],
          [
            10.8807918,
            48.35299
          ]
        ]
      }
    },
    {
      "type": "Feature",
      "properties": {
        "segment_id": 13,
        "start_stop": "27",
        "end_stop": "42",
        "bus": "90",
        "timestamps": [
          3240.0,
          3264.0,
          3288.0,
          3312.0,
          3336.0,
          3360.0
        ]
      },
      "geometry": {
        "type": "LineString",
        "coordinates": [
          [
            10.8807918,
            48.35299
          ],
          [
            10.8811574,
            48.3533025
          ],
          [
            10.881575,
            48.3535042
          ],
          [
            10.8847548,
            48.3547183
          ],
          [
            10.8851898,
            48.3549907
          ],
          [
            10.8856173,
            48.3554466
          ]
        ]
      }
    },
    {
      "type": "Feature",
      "properties": {
        "segment_id": 14,
        "start_stop": "42",
        "end_stop": "26",
        "bus": "90",
        "timestamps": [
          3360.0,
          3480.0
        ]
      },
      "geometry": {
        "type": "LineString",
        "coordinates": [
          [
            10.8856173,
            48.3554466
          ],
          [
            10.8876711,
            48.3579417
          ]
        ]
      }
    },
    {
      "type": "Feature",
      "properties": {
        "segment_id": 15,
        "start_stop": "26",
        "end_stop": "30",
        "bus": "90",
        "timestamps": [
          3480.0,
          3510.0,
          3540.0,
          3570.0,
          3600.0
        ]
      },
      "geometry": {
        "type": "LineString",
        "coordinates": [
          [
            10.8876711,
            48.3579417
          ],
          [
            10.8892416,
            48.3598515
          ],
          [
            10.8898056,
            48.3603155
          ],
          [
            10.891064,
            48.3610302
          ],
          [
            10.8917513,
            48.361933
          ]
        ]
      }
    },
    {
      "type": "Feature",
      "properties": {
        "segment_id": 16,
        "start_stop": "30",
        "end_stop": "39",
        "bus": "90",
        "timestamps": [
          3600.0,
          3720.0
        ]
      },
      "geometry": {
        "type": "LineString",
        "coordinates": [
          [
            10.8917513,
            48.361933
          ],
          [
            10.8940372,
            48.3652719
          ]
        ]
      }
    },
    {
      "type": "Feature",
      "properties": {
        "segment_id": 17,
        "start_stop": "39",
        "end_stop": "16",
        "bus": "90",
        "timestamps": [
          3720.0,
          3744.0,
          3768.0,
          3792.0,
          3816.0,
          3840.0
        ]
      },
      "geometry": {
        "type": "LineString",
        "coordinates": [
          [
            10.8940372,
            48.3652719
          ],
          [
            10.8944842,
            48.365912
          ],
          [
            10.8946538,
            48.366358
          ],
          [
            10.894765,
            48.3664357
          ],
          [
            10.8958507,
            48.3665596
          ],
          [
            10.8974953,
            48.3670837
          ]
        ]
      }
    },
    {
      "type": "Feature",
      "properties": {
        "segment_id": 18,
        "start_stop": "16",
        "end_stop": "17",
        "bus": "90",
        "timestamps": [
          3840.0,
          3880.0,
          3920.0,
          3960.0
        ]
      },
      "geometry": {
        "type": "LineString",
        "coordinates": [
          [
            10.8974953,
            48.3670837
          ],
          [
            10.8982788,
            48.3672563
          ],
          [
            10.8981962,
            48.3679132
          ],
          [
            10.8982838,
            48.368603
          ]
        ]
      }
    },
    {
      "type": "Feature",
      "properties": {
        "segment_id": 19,
        "start_stop": "17",
        "end_stop": "20",
        "bus": "90",
        "timestamps": [
          3960.0,
          3977.1429,
          3994.2857,
          4011.4286,
          4028.5714,
          4045.7143,
          4062.8571,
          4080.0
        ]
      },
      "geometry": {
        "type": "LineString",
        "coordinates": [
          [
            10.8982838,
            48.368603
          ],
          [
            10.8981467,
            48.3695187
          ],
          [
            10.8978372,
            48.3705366
          ],
          [
            10.8978033,
            48.3709946
          ],
          [
            10.8980679,
            48.3710272
          ],
          [
            10.8994849,
            48.3708767
          ],
          [
            10.9003707,
            48.3706662
          ],
          [
            10.9013338,
            48.37067
          ]
        ]
      }
    },
    {
      "type": "Feature",
      "properties": {
        "segment_id": 20,
        "start_stop": "20",
        "end_stop": "4",
        "bus": "90",
        "timestamps": [
          4080.0,
          4120.0,
          4160.0,
          4200.0
        ]
      },
      "geometry": {
        "type": "LineString",
        "coordinates": [
          [
            10.9013338,
            48.37067
          ],
          [
            10.902243,
            48.3706033
          ],
          [
            10.9035524,
            48.3703518
          ],
          [
            10.9048742,
            48.3702842
          ]
        ]
      }
    },
    {
      "type": "Feature",
      "properties": {
        "segment_id": 21,
        "start_stop": "4",
        "end_stop": "41",
        "bus": "90",
        "timestamps": [
          4200.0,
          4224.0,
          4248.0,
          4272.0,
          4296.0,
          4320.0
        ]
      },
      "geometry": {
        "type": "LineString",
        "coordinates": [
          [
            10.9048742,
            48.3702842
          ],
          [
            10.9061315,
            48.3701209
          ],
          [
            10.9080719,
            48.3703753
          ],
          [
            10.9092102,
            48.3703622
          ],
          [
            10.9094312,
            48.3704219
          ],
          [
            10.9095507,
            48.3705604
          ]
        ]
      }
    },
    {
      "type": "Feature",
      "properties": {
        "segment_id": 22,
        "start_stop": "41",
        "end_stop": "28",
        "bus": "90",
        "timestamps": [
          4320.0,
          4360.0,
          4400.0,
          4440.0
        ]
      },
      "geometry": {
        "type": "LineString",
        "coordinates": [
          [
            10.9095507,
            48.3705604
          ],
          [
            10.9101036,
            48.3716297
          ],
          [
            10.9120288,
            48.3736772
          ],
          [
            10.9124101,
            48.3744899
          ]
        ]
      }
    },
    {
      "type": "Feature",
      "properties": {
        "segment_id": 23,
        "start_stop": "28",
        "end_stop": "5",
        "bus": "90",
        "timestamps": [
          4440.0,
          4480.0,
          4520.0,
          4560.0
        ]
      },
      "geometry": {
        "type": "LineString",
        "coordinates": [
          [
            10.9124101,
            48.3744899
          ],
          [
            10.9127926,
            48.3753902
          ],
          [
            10.9138549,
            48.3769258
          ],
          [
            10.9142824,
            48.3778705
          ]
        ]
      }
    },
    {
      "type": "Feature",
      "properties": {
        "segment_id": 24,
        "start_stop": "5",
        "end_stop": "13",
        "bus": "90",
        "timestamps": [
          4560.0,
          4600.0,
          4640.0,
          4680.0
        ]
      },
      "geometry": {
        "type": "LineString",
        "coordinates": [
          [
            10.9142824,
            48.3778705
          ],
          [
            10.9150017,
            48.3796125
          ],
          [
            10.9153754,
            48.3802812
          ],
          [
            10.9157206,
            48.3807189
          ]
        ]
      }
    },
    {
      "type": "Feature",
      "properties": {
        "segment_id": 25,
        "start_stop": "13",
        "end_stop": "12",
        "bus": "90",
        "timestamps": [
          4680.0,
          4695.0,
          4710.0,
          4725.0,
          4740.0,
          4755.0,
          4770.0,
          4785.0,
          4800.0
        ]
      },
      "geometry": {
        "type": "LineString",
        "coordinates": [
          [
            10.9157206,
            48.3807189
          ],
          [
            10.9159885,
            48.3810547
          ],
          [
            10.9163025,
            48.3811292
          ],
          [
            10.9167925,
            48.3809973
          ],
          [
            10.9179373,
            48.3809186
          ],
          [
            10.9191743,
            48.3804884
          ],
          [
            10.9200178,
            48.380439
          ],
          [
            10.920728,
            48.3802247
          ],
          [
            10.9208234,
            48.3802724
          ]
        ]
      }
    },
    {
      "type": "Feature",
      "properties": {
        "segment_id": 26,
        "start_stop": "12",
        "end_stop": "40",
        "bus": "90",
        "timestamps": [
          4800.0,
          4824.0,
          4848.0,
          4872.0,
          4896.0,
          4920.0
        ]
      },
      "geometry": {
        "type": "LineString",
        "coordinates": [
          [
            10.9208234,
            48.3802724
          ],
          [
            10.9211504,
            48.3802708
          ],
          [
            10.9233556,
            48.3794
          ],
          [
            10.9234989,
            48.3791765
          ],
          [
            10.9225743,
            48.3787871
          ],
          [
            10.9256678,
            48.3767872
          ]
        ]
      }
    },
    {
      "type": "Feature",
      "properties": {
        "segment_id": 27,
        "start_stop": "40",
        "end_stop": "44",
        "bus": "90",
        "timestamps": [
          4920.0,
          4940.0,
          4960.0,
          4980.0,
          5000.0,
          5020.0,
          5040.0
        ]
      },
      "geometry": {
        "type": "LineString",
        "coordinates": [
          [
            10.9256678,
            48.3767872
          ],
          [
            10.927833,
            48.3753672
          ],
          [
            10.9295333,
            48.3745123
          ],
          [
            10.9294281,
            48.3742656
          ],
          [
            10.9294656,
            48.3741517
          ],
          [
            10.9315618,
            48.371161
          ],
          [
            10.9346139,
            48.3677324
          ]
        ]
      }
    },
    {
      "type": "Feature",
      "properties": {
        "segment_id": 28,
        "start_stop": "44",
        "end_stop": "24",
        "bus": "90",
        "timestamps": [
          5040.0,
          5100.0,
          5160.0
        ]
      },
      "geometry": {
        "type": "LineString",
        "coordinates": [
          [
            10.9346139,
            48.3677324
          ],
          [
            10.9361097,
            48.365857
          ],
          [
            10.9365074,
            48.3657967
          ]
        ]
      }
    },
    {
      "type": "Feature",
      "properties": {
        "segment_id": 29,
        "start_stop": "24",
        "end_stop": "38",
        "bus": "90",
        "timestamps": [
          5160.0,
          5177.1429,
          5194.2857,
          5211.4286,
          5228.5714,
          5245.7143,
          5262.8571,
          5280.0
        ]
      },
      "geometry": {
        "type": "LineString",
        "coordinates": [
          [
            10.9365074,
            48.3657967
          ],
          [
            10.9369544,
            48.3657011
          ],
          [
            10.9372198,
            48.3654136
          ],
          [
            10.9366486,
            48.3651711
          ],
          [
            10.9371075,
            48.3645914
          ],
          [
            10.939358,
            48.3655885
          ],
          [
            10.9401966,
            48.3652754
          ],
          [
            10.9413121,
            48.3650079
          ]
        ]
      }
    },
    {
      "type": "Feature",
      "properties": {
        "segment_id": 30,
        "start_stop": "38",
        "end_stop": "29",
        "bus": "90",
        "timestamps": [
          5280.0,
          5310.0,
          5340.0,
          5370.0,
          5400.0
        ]
      },
      "geometry": {
        "type": "LineString",
        "coordinates": [
          [
            10.9413121,
            48.3650079
          ],
          [
            10.9421082,
            48.3647063
          ],
          [
            10.9427781,
            48.3643101
          ],
          [
            10.9435446,
            48.3636567
          ],
          [
            10.9444534,
            48.3626989
          ]
        ]
      }
    },
    {
      "type": "Feature",
      "properties": {
        "segment_id": 31,
        "start_stop": "29",
        "end_stop": "19",
        "bus": "90",
        "timestamps": [
          5400.0,
          5424.0,
          5448.0,
          5472.0,
          5496.0,
          5520.0
        ]
      },
      "geometry": {
        "type": "LineString",
        "coordinates": [
          [
            10.9444534,
            48.3626989
          ],
          [
            10.9452061,
            48.3619092
          ],
          [
            10.9460521,
            48.3613189
          ],
          [
            10.9463296,
            48.3609472
          ],
          [
            10.9465657,
            48.3603419
          ],
          [
            10.9469125,
            48.3599715
          ]
        ]
      }
    },
    {
      "type": "Feature",
      "properties": {
        "segment_id": 32,
        "start_stop": "19",
        "end_stop": "37",
        "bus": "90",
        "timestamps": [
          5520.0,
          5560.0,
          5600.0,
          5640.0
        ]
      },
      "geometry": {
        "type": "LineString",
        "coordinates": [
          [
            10.9469125,
            48.3599715
          ],
          [
            10.9474149,
            48.359688
          ],
          [
            10.9476588,
            48.3594162
          ],
          [
            10.9479854,
            48.3563799
          ]
        ]
      }
    },
    {
      "type": "Feature",
      "properties": {
        "segment_id": 33,
        "start_stop": "37",
        "end_stop": "End",
        "bus": "90",
        "timestamps": [
          5640.0,
          5680.0,
          5720.0,
          5760.0
        ]
      },
      "geometry": {
        "type": "LineString",
        "coordinates": [
          [
            10.9479854,
            48.3563799
          ],
          [
            10.9481035,
            48.3552411
          ],
          [
            10.9493096,
            48.3551838
          ],
          [
            10.9502043,
            48.3552703
          ]
        ]
      }
    },
    {
      "type": "Feature",
      "properties": {
        "segment_id": 1,
        "start_stop": "Start",
        "end_stop": "32",
        "bus": "90",
        "timestamps": [
          1800.0,
          1920.0
        ]
      },
      "geometry": {
        "type": "LineString",
        "coordinates": [
          [
            10.8545088,
            48.3372236
          ],
          [
            10.8547326,
            48.3370304
          ]
        ]
      }
    },
    {
      "type": "Feature",
      "properties": {
        "segment_id": 2,
        "start_stop": "32",
        "end_stop": "32",
        "bus": "90",
        "timestamps": [
          1950.0,
          2070.0
        ]
      },
      "geometry": {
        "type": "LineString",
        "coordinates": [
          [
            10.8547326,
            48.3370304
          ],
          [
            10.8561565,
            48.3371619
          ]
        ]
      }
    },
    {
      "type": "Feature",
      "properties": {
        "segment_id": 3,
        "start_stop": "32",
        "end_stop": "32",
        "bus": "90",
        "timestamps": [
          2100.0,
          2220.0
        ]
      },
      "geometry": {
        "type": "LineString",
        "coordinates": [
          [
            10.8561565,
            48.3371619
          ],
          [
            10.8562544,
            48.3371899
          ]
        ]
      }
    },
    {
      "type": "Feature",
      "properties": {
        "segment_id": 4,
        "start_stop": "32",
        "end_stop": "32",
        "bus": "90",
        "timestamps": [
          2250.0,
          2370.0
        ]
      },
      "geometry": {
        "type": "LineString",
        "coordinates": [
          [
            10.8562544,
            48.3371899
          ],
          [
            10.856635,
            48.3373052
          ]
        ]
      }
    },
    {
      "type": "Feature",
      "properties": {
        "segment_id": 5,
        "start_stop": "32",
        "end_stop": "32",
        "bus": "90",
        "timestamps": [
          2400.0,
          2520.0
        ]
      },
      "geometry": {
        "type": "LineString",
        "coordinates": [
          [
            10.856635,
            48.3373052
          ],
          [
            10.8569525,
            48.3374351
          ]
        ]
      }
    },
    {
      "type": "Feature",
      "properties": {
        "segment_id": 6,
        "start_stop": "32",
        "end_stop": "32",
        "bus": "90",
        "timestamps": [
          2550.0,
          2670.0
        ]
      },
      "geometry": {
        "type": "LineString",
        "coordinates": [
          [
            10.8569525,
            48.3374351
          ],
          [
            10.8570717,
            48.3374978
          ]
        ]
      }
    },
    {
      "type": "Feature",
      "properties": {
        "segment_id": 7,
        "start_stop": "32",
        "end_stop": "3",
        "bus": "90",
        "timestamps": [
          2700.0,
          2724.0,
          2748.0,
          2772.0,
          2796.0,
          2820.0
        ]
      },
      "geometry": {
        "type": "LineString",
        "coordinates": [
          [
            10.8570717,
            48.3374978
          ],
          [
            10.8595238,
            48.338856
          ],
          [
            10.8601935,
            48.3390685
          ],
          [
            10.8601087,
            48.3391341
          ],
          [
            10.8601705,
            48.3392405
          ],
          [
            10.863252,
            48.3409467
          ]
        ]
      }
    },
    {
      "type": "Feature",
      "properties": {
        "segment_id": 8,
        "start_stop": "3",
        "end_stop": "14",
        "bus": "90",
        "timestamps": [
          2850.0,
          2890.0,
          2930.0,
          2970.0
        ]
      },
      "geometry": {
        "type": "LineString",
        "coordinates": [
          [
            10.863252,
            48.3409467
          ],
          [
            10.8655308,
            48.3411509
          ],
          [
            10.866266,
            48.34133
          ],
          [
            10.8672968,
            48.3417686
          ]
        ]
      }
    },
    {
      "type": "Feature",
      "properties": {
        "segment_id": 9,
        "start_stop": "14",
        "end_stop": "45",
        "bus": "90",
        "timestamps": [
          3000.0,
          3013.3333,
          3026.6667,
          3040.0,
          3053.3333,
          3066.6667,
          3080.0,
          3093.3333,
          3106.6667,
          3120.0
        ]
      },
      "geometry": {
        "type": "LineString",
        "coordinates": [
          [
            10.8672968,
            48.3417686
          ],
          [
            10.8682146,
            48.3420992
          ],
          [
            10.8692789,
            48.3421068
          ],
          [
            10.8701419,
            48.3423356
          ],
          [
            10.8706489,
            48.3425931
          ],
          [
            10.8712454,
            48.3430682
          ],
          [
            10.8716462,
            48.3432537
          ],
          [
            10.8743379,
            48.3433586
          ],
          [
            10.8746373,
            48.343455
          ],
          [
            10.8747519,
            48.3436612
          ]
        ]
      }
    },
    {
      "type": "Feature",
      "properties": {
        "segment_id": 10,
        "start_stop": "45",
        "end_stop": "21",
        "bus": "90",
        "timestamps": [
          3150.0,
          3210.0,
          3270.0
        ]
      },
      "geometry": {
        "type": "LineString",
        "coordinates": [
          [
            10.8747519,
            48.3436612
          ],
          [
            10.8752677,
            48.3452175
          ],
          [
            10.8761301,
            48.3465477
          ]
        ]
      }
    },
    {
      "type": "Feature",
      "properties": {
        "segment_id": 11,
        "start_stop": "21",
        "end_stop": "31",
        "bus": "90",
        "timestamps": [
          3300.0,
          3360.0,
          3420.0
        ]
      },
      "geometry": {
        "type": "LineString",
        "coordinates": [
          [
            10.8761301,
            48.3465477
          ],
          [
            10.8773572,
            48.3490111
          ],
          [
            10.8781097,
            48.3499181
          ]
        ]
      }
    },
    {
      "type": "Feature",
      "properties": {
        "segment_id": 12,
        "start_stop": "31",
        "end_stop": "27",
        "bus": "90",
        "timestamps": [
          3450.0,
          3570.0
        ]
      },
      "geometry": {
        "type": "LineString",
        "coordinates": [
          [
            10.8781097,
            48.3499181
          ],
          [
            10.8807918,
            48.35299
          ]
        ]
      }
    },
    {
      "type": "Feature",
      "properties": {
        "segment_id": 13,
        "start_stop": "27",
        "end_stop": "42",
        "bus": "90",
        "timestamps": [
          3600.0,
          3624.0,
          3648.0,
          3672.0,
          3696.0,
          3720.0
        ]
      },
      "geometry": {
        "type": "LineString",
        "coordinates": [
          [
            10.8807918,
            48.35299
          ],
          [
            10.8811574,
            48.3533025
          ],
          [
            10.881575,
            48.3535042
          ],
          [
            10.8847548,
            48.3547183
          ],
          [
            10.8851898,
            48.3549907
          ],
          [
            10.8856173,
            48.3554466
          ]
        ]
      }
    },
    {
      "type": "Feature",
      "properties": {
        "segment_id": 14,
        "start_stop": "42",
        "end_stop": "26",
        "bus": "90",
        "timestamps": [
          3750.0,
          3870.0
        ]
      },
      "geometry": {
        "type": "LineString",
        "coordinates": [
          [
            10.8856173,
            48.3554466
          ],
          [
            10.8876711,
            48.3579417
          ]
        ]
      }
    },
    {
      "type": "Feature",
      "properties": {
        "segment_id": 15,
        "start_stop": "26",
        "end_stop": "30",
        "bus": "90",
        "timestamps": [
          3900.0,
          3930.0,
          3960.0,
          3990.0,
          4020.0
        ]
      },
      "geometry": {
        "type": "LineString",
        "coordinates": [
          [
            10.8876711,
            48.3579417
          ],
          [
            10.8892416,
            48.3598515
          ],
          [
            10.8898056,
            48.3603155
          ],
          [
            10.891064,
            48.3610302
          ],
          [
            10.8917513,
            48.361933
          ]
        ]
      }
    },
    {
      "type": "Feature",
      "properties": {
        "segment_id": 16,
        "start_stop": "30",
        "end_stop": "39",
        "bus": "90",
        "timestamps": [
          4050.0,
          4170.0
        ]
      },
      "geometry": {
        "type": "LineString",
        "coordinates": [
          [
            10.8917513,
            48.361933
          ],
          [
            10.8940372,
            48.3652719
          ]
        ]
      }
    },
    {
      "type": "Feature",
      "properties": {
        "segment_id": 17,
        "start_stop": "39",
        "end_stop": "16",
        "bus": "90",
        "timestamps": [
          4200.0,
          4224.0,
          4248.0,
          4272.0,
          4296.0,
          4320.0
        ]
      },
      "geometry": {
        "type": "LineString",
        "coordinates": [
          [
            10.8940372,
            48.3652719
          ],
          [
            10.8944842,
            48.365912
          ],
          [
            10.8946538,
            48.366358
          ],
          [
            10.894765,
            48.3664357
          ],
          [
            10.8958507,
            48.3665596
          ],
          [
            10.8974953,
            48.3670837
          ]
        ]
      }
    },
    {
      "type": "Feature",
      "properties": {
        "segment_id": 18,
        "start_stop": "16",
        "end_stop": "17",
        "bus": "90",
        "timestamps": [
          4350.0,
          4390.0,
          4430.0,
          4470.0
        ]
      },
      "geometry": {
        "type": "LineString",
        "coordinates": [
          [
            10.8974953,
            48.3670837
          ],
          [
            10.8982788,
            48.3672563
          ],
          [
            10.8981962,
            48.3679132
          ],
          [
            10.8982838,
            48.368603
          ]
        ]
      }
    },
    {
      "type": "Feature",
      "properties": {
        "segment_id": 19,
        "start_stop": "17",
        "end_stop": "20",
        "bus": "90",
        "timestamps": [
          4500.0,
          4517.1429,
          4534.2857,
          4551.4286,
          4568.5714,
          4585.7143,
          4602.8571,
          4620.0
        ]
      },
      "geometry": {
        "type": "LineString",
        "coordinates": [
          [
            10.8982838,
            48.368603
          ],
          [
            10.8981467,
            48.3695187
          ],
          [
            10.8978372,
            48.3705366
          ],
          [
            10.8978033,
            48.3709946
          ],
          [
            10.8980679,
            48.3710272
          ],
          [
            10.8994849,
            48.3708767
          ],
          [
            10.9003707,
            48.3706662
          ],
          [
            10.9013338,
            48.37067
          ]
        ]
      }
    },
    {
      "type": "Feature",
      "properties": {
        "segment_id": 20,
        "start_stop": "20",
        "end_stop": "4",
        "bus": "90",
        "timestamps": [
          4650.0,
          4690.0,
          4730.0,
          4770.0
        ]
      },
      "geometry": {
        "type": "LineString",
        "coordinates": [
          [
            10.9013338,
            48.37067
          ],
          [
            10.902243,
            48.3706033
          ],
          [
            10.9035524,
            48.3703518
          ],
          [
            10.9048742,
            48.3702842
          ]
        ]
      }
    },
    {
      "type": "Feature",
      "properties": {
        "segment_id": 21,
        "start_stop": "4",
        "end_stop": "41",
        "bus": "90",
        "timestamps": [
          4800.0,
          4824.0,
          4848.0,
          4872.0,
          4896.0,
          4920.0
        ]
      },
      "geometry": {
        "type": "LineString",
        "coordinates": [
          [
            10.9048742,
            48.3702842
          ],
          [
            10.9061315,
            48.3701209
          ],
          [
            10.9080719,
            48.3703753
          ],
          [
            10.9092102,
            48.3703622
          ],
          [
            10.9094312,
            48.3704219
          ],
          [
            10.9095507,
            48.3705604
          ]
        ]
      }
    },
    {
      "type": "Feature",
      "properties": {
        "segment_id": 22,
        "start_stop": "41",
        "end_stop": "28",
        "bus": "90",
        "timestamps": [
          4950.0,
          4990.0,
          5030.0,
          5070.0
        ]
      },
      "geometry": {
        "type": "LineString",
        "coordinates": [
          [
            10.9095507,
            48.3705604
          ],
          [
            10.9101036,
            48.3716297
          ],
          [
            10.9120288,
            48.3736772
          ],
          [
            10.9124101,
            48.3744899
          ]
        ]
      }
    },
    {
      "type": "Feature",
      "properties": {
        "segment_id": 23,
        "start_stop": "28",
        "end_stop": "5",
        "bus": "90",
        "timestamps": [
          5100.0,
          5140.0,
          5180.0,
          5220.0
        ]
      },
      "geometry": {
        "type": "LineString",
        "coordinates": [
          [
            10.9124101,
            48.3744899
          ],
          [
            10.9127926,
            48.3753902
          ],
          [
            10.9138549,
            48.3769258
          ],
          [
            10.9142824,
            48.3778705
          ]
        ]
      }
    },
    {
      "type": "Feature",
      "properties": {
        "segment_id": 24,
        "start_stop": "5",
        "end_stop": "13",
        "bus": "90",
        "timestamps": [
          5250.0,
          5290.0,
          5330.0,
          5370.0
        ]
      },
      "geometry": {
        "type": "LineString",
        "coordinates": [
          [
            10.9142824,
            48.3778705
          ],
          [
            10.9150017,
            48.3796125
          ],
          [
            10.9153754,
            48.3802812
          ],
          [
            10.9157206,
            48.3807189
          ]
        ]
      }
    },
    {
      "type": "Feature",
      "properties": {
        "segment_id": 25,
        "start_stop": "13",
        "end_stop": "12",
        "bus": "90",
        "timestamps": [
          5400.0,
          5415.0,
          5430.0,
          5445.0,
          5460.0,
          5475.0,
          5490.0,
          5505.0,
          5520.0
        ]
      },
      "geometry": {
        "type": "LineString",
        "coordinates": [
          [
            10.9157206,
            48.3807189
          ],
          [
            10.9159885,
            48.3810547
          ],
          [
            10.9163025,
            48.3811292
          ],
          [
            10.9167925,
            48.3809973
          ],
          [
            10.9179373,
            48.3809186
          ],
          [
            10.9191743,
            48.3804884
          ],
          [
            10.9200178,
            48.380439
          ],
          [
            10.920728,
            48.3802247
          ],
          [
            10.9208234,
            48.3802724
          ]
        ]
      }
    },
    {
      "type": "Feature",
      "properties": {
        "segment_id": 26,
        "start_stop": "12",
        "end_stop": "40",
        "bus": "90",
        "timestamps": [
          5550.0,
          5574.0,
          5598.0,
          5622.0,
          5646.0,
          5670.0
        ]
      },
      "geometry": {
        "type": "LineString",
        "coordinates": [
          [
            10.9208234,
            48.3802724
          ],
          [
            10.9211504,
            48.3802708
          ],
          [
            10.9233556,
            48.3794
          ],
          [
            10.9234989,
            48.3791765
          ],
          [
            10.9225743,
            48.3787871
          ],
          [
            10.9256678,
            48.3767872
          ]
        ]
      }
    },
    {
      "type": "Feature",
      "properties": {
        "segment_id": 27,
        "start_stop": "40",
        "end_stop": "44",
        "bus": "90",
        "timestamps": [
          5700.0,
          5720.0,
          5740.0,
          5760.0,
          5780.0,
          5800.0,
          5820.0
        ]
      },
      "geometry": {
        "type": "LineString",
        "coordinates": [
          [
            10.9256678,
            48.3767872
          ],
          [
            10.927833,
            48.3753672
          ],
          [
            10.9295333,
            48.3745123
          ],
          [
            10.9294281,
            48.3742656
          ],
          [
            10.9294656,
            48.3741517
          ],
          [
            10.9315618,
            48.371161
          ],
          [
            10.9346139,
            48.3677324
          ]
        ]
      }
    },
    {
      "type": "Feature",
      "properties": {
        "segment_id": 28,
        "start_stop": "44",
        "end_stop": "24",
        "bus": "90",
        "timestamps": [
          5850.0,
          5910.0,
          5970.0
        ]
      },
      "geometry": {
        "type": "LineString",
        "coordinates": [
          [
            10.9346139,
            48.3677324
          ],
          [
            10.9361097,
            48.365857
          ],
          [
            10.9365074,
            48.3657967
          ]
        ]
      }
    },
    {
      "type": "Feature",
      "properties": {
        "segment_id": 29,
        "start_stop": "24",
        "end_stop": "38",
        "bus": "90",
        "timestamps": [
          6000.0,
          6017.1429,
          6034.2857,
          6051.4286,
          6068.5714,
          6085.7143,
          6102.8571,
          6120.0
        ]
      },
      "geometry": {
        "type": "LineString",
        "coordinates": [
          [
            10.9365074,
            48.3657967
          ],
          [
            10.9369544,
            48.3657011
          ],
          [
            10.9372198,
            48.3654136
          ],
          [
            10.9366486,
            48.3651711
          ],
          [
            10.9371075,
            48.3645914
          ],
          [
            10.939358,
            48.3655885
          ],
          [
            10.9401966,
            48.3652754
          ],
          [
            10.9413121,
            48.3650079
          ]
        ]
      }
    },
    {
      "type": "Feature",
      "properties": {
        "segment_id": 30,
        "start_stop": "38",
        "end_stop": "29",
        "bus": "90",
        "timestamps": [
          6150.0,
          6180.0,
          6210.0,
          6240.0,
          6270.0
        ]
      },
      "geometry": {
        "type": "LineString",
        "coordinates": [
          [
            10.9413121,
            48.3650079
          ],
          [
            10.9421082,
            48.3647063
          ],
          [
            10.9427781,
            48.3643101
          ],
          [
            10.9435446,
            48.3636567
          ],
          [
            10.9444534,
            48.3626989
          ]
        ]
      }
    },
    {
      "type": "Feature",
      "properties": {
        "segment_id": 31,
        "start_stop": "29",
        "end_stop": "19",
        "bus": "90",
        "timestamps": [
          6300.0,
          6324.0,
          6348.0,
          6372.0,
          6396.0,
          6420.0
        ]
      },
      "geometry": {
        "type": "LineString",
        "coordinates": [
          [
            10.9444534,
            48.3626989
          ],
          [
            10.9452061,
            48.3619092
          ],
          [
            10.9460521,
            48.3613189
          ],
          [
            10.9463296,
            48.3609472
          ],
          [
            10.9465657,
            48.3603419
          ],
          [
            10.9469125,
            48.3599715
          ]
        ]
      }
    },
    {
      "type": "Feature",
      "properties": {
        "segment_id": 32,
        "start_stop": "19",
        "end_stop": "37",
        "bus": "90",
        "timestamps": [
          6450.0,
          6490.0,
          6530.0,
          6570.0
        ]
      },
      "geometry": {
        "type": "LineString",
        "coordinates": [
          [
            10.9469125,
            48.3599715
          ],
          [
            10.9474149,
            48.359688
          ],
          [
            10.9476588,
            48.3594162
          ],
          [
            10.9479854,
            48.3563799
          ]
        ]
      }
    },
    {
      "type": "Feature",
      "properties": {
        "segment_id": 33,
        "start_stop": "37",
        "end_stop": "End",
        "bus": "90",
        "timestamps": [
          6600.0,
          6640.0,
          6680.0,
          6720.0
        ]
      },
      "geometry": {
        "type": "LineString",
        "coordinates": [
          [
            10.9479854,
            48.3563799
          ],
          [
            10.9481035,
            48.3552411
          ],
          [
            10.9493096,
            48.3551838
          ],
          [
            10.9502043,
            48.3552703
          ]
        ]
      }
    },
    {
      "type": "Feature",
      "properties": {
        "segment_id": 1,
        "start_stop": "Start",
        "end_stop": "30",
        "bus": "94",
        "timestamps": [
          1800.0,
          1806.0,
          1812.0,
          1818.0,
          1824.0,
          1830.0
        ]
      },
      "geometry": {
        "type": "LineString",
        "coordinates": [
          [
            10.8941732,
            48.2960603
          ],
          [
            10.8959064,
            48.2957225
          ],
          [
            10.8969575,
            48.2956024
          ],
          [
            10.8974583,
            48.2956252
          ],
          [
            10.8978624,
            48.2959432
          ],
          [
            10.8985565,
            48.2972306
          ]
        ]
      }
    },
    {
      "type": "Feature",
      "properties": {
        "segment_id": 2,
        "start_stop": "30",
        "end_stop": "31",
        "bus": "94",
        "timestamps": [
          1830.0,
          1836.0,
          1842.0,
          1848.0,
          1854.0,
          1860.0
        ]
      },
      "geometry": {
        "type": "LineString",
        "coordinates": [
          [
            10.8985565,
            48.2972306
          ],
          [
            10.8988868,
            48.2979468
          ],
          [
            10.8992159,
            48.2981532
          ],
          [
            10.9008481,
            48.2980855
          ],
          [
            10.9016703,
            48.2982025
          ],
          [
            10.9031762,
            48.2980796
          ]
        ]
      }
    },
    {
      "type": "Feature",
      "properties": {
        "segment_id": 3,
        "start_stop": "31",
        "end_stop": "32",
        "bus": "94",
        "timestamps": [
          1860.0,
          1870.0,
          1880.0,
          1890.0
        ]
      },
      "geometry": {
        "type": "LineString",
        "coordinates": [
          [
            10.9031762,
            48.2980796
          ],
          [
            10.9042957,
            48.2980061
          ],
          [
            10.9045265,
            48.2980718
          ],
          [
            10.9056635,
            48.3002047
          ]
        ]
      }
    },
    {
      "type": "Feature",
      "properties": {
        "segment_id": 4,
        "start_stop": "32",
        "end_stop": "33",
        "bus": "94",
        "timestamps": [
          1890.0,
          1897.5,
          1905.0,
          1912.5,
          1920.0
        ]
      },
      "geometry": {
        "type": "LineString",
        "coordinates": [
          [
            10.9056635,
            48.3002047
          ],
          [
            10.9062271,
            48.3010672
          ],
          [
            10.9067614,
            48.302237
          ],
          [
            10.908229,
            48.3040136
          ],
          [
            10.9084003,
            48.304379
          ]
        ]
      }
    },
    {
      "type": "Feature",
      "properties": {
        "segment_id": 5,
        "start_stop": "33",
        "end_stop": "34",
        "bus": "94",
        "timestamps": [
          1920.0,
          1927.5,
          1935.0,
          1942.5,
          1950.0
        ]
      },
      "geometry": {
        "type": "LineString",
        "coordinates": [
          [
            10.9084003,
            48.304379
          ],
          [
            10.9085011,
            48.3047875
          ],
          [
            10.9091192,
            48.3056546
          ],
          [
            10.9102032,
            48.3080158
          ],
          [
            10.9101607,
            48.3085464
          ]
        ]
      }
    },
    {
      "type": "Feature",
      "properties": {
        "segment_id": 6,
        "start_stop": "34",
        "end_stop": "35",
        "bus": "94",
        "timestamps": [
          1950.0,
          1955.0,
          1960.0,
          1965.0,
          1970.0,
          1975.0,
          1980.0
        ]
      },
      "geometry": {
        "type": "LineString",
        "coordinates": [
          [
            10.9101607,
            48.3085464
          ],
          [
            10.9099908,
            48.3091526
          ],
          [
            10.9104912,
            48.3101728
          ],
          [
            10.9106185,
            48.3107051
          ],
          [
            10.911152,
            48.3120137
          ],
          [
            10.9106982,
            48.3129182
          ],
          [
            10.9105945,
            48.3133722
          ]
        ]
      }
    },
    {
      "type": "Feature",
      "properties": {
        "segment_id": 7,
        "start_stop": "35",
        "end_stop": "1",
        "bus": "94",
        "timestamps": [
          1980.0,
          1986.0,
          1992.0,
          1998.0,
          2004.0,
          2010.0
        ]
      },
      "geometry": {
        "type": "LineString",
        "coordinates": [
          [
            10.9105945,
            48.3133722
          ],
          [
            10.9102826,
            48.3156371
          ],
          [
            10.9096163,
            48.3172617
          ],
          [
            10.907403,
            48.3172659
          ],
          [
            10.9071306,
            48.3193996
          ],
          [
            10.90855,
            48.3194936
          ]
        ]
      }
    },
    {
      "type": "Feature",
      "properties": {
        "segment_id": 8,
        "start_stop": "1",
        "end_stop": "11",
        "bus": "94",
        "timestamps": [
          2010.0,
          2025.0,
          2040.0
        ]
      },
      "geometry": {
        "type": "LineString",
        "coordinates": [
          [
            10.90855,
            48.3194936
          ],
          [
            10.9090421,
            48.3195106
          ],
          [
            10.9088194,
            48.3218794
          ]
        ]
      }
    },
    {
      "type": "Feature",
      "properties": {
        "segment_id": 9,
        "start_stop": "11",
        "end_stop": "12",
        "bus": "94",
        "timestamps": [
          2040.0,
          2070.0
        ]
      },
      "geometry": {
        "type": "LineString",
        "coordinates": [
          [
            10.9088194,
            48.3218794
          ],
          [
            10.9086533,
            48.3240607
          ]
        ]
      }
    },
    {
      "type": "Feature",
      "properties": {
        "segment_id": 10,
        "start_stop": "12",
        "end_stop": "13",
        "bus": "94",
        "timestamps": [
          2070.0,
          2100.0
        ]
      },
      "geometry": {
        "type": "LineString",
        "coordinates": [
          [
            10.9086533,
            48.3240607
          ],
          [
            10.9083741,
            48.3272948
          ]
        ]
      }
    },
    {
      "type": "Feature",
      "properties": {
        "segment_id": 11,
        "start_stop": "13",
        "end_stop": "39",
        "bus": "94",
        "timestamps": [
          2100.0,
          2130.0
        ]
      },
      "geometry": {
        "type": "LineString",
        "coordinates": [
          [
            10.9083741,
            48.3272948
          ],
          [
            10.9078924,
            48.3341349
          ]
        ]
      }
    },
    {
      "type": "Feature",
      "properties": {
        "segment_id": 12,
        "start_stop": "39",
        "end_stop": "10",
        "bus": "94",
        "timestamps": [
          2130.0,
          2135.0,
          2140.0,
          2145.0,
          2150.0,
          2155.0,
          2160.0
        ]
      },
      "geometry": {
        "type": "LineString",
        "coordinates": [
          [
            10.9078924,
            48.3341349
          ],
          [
            10.9077694,
            48.3355331
          ],
          [
            10.9079249,
            48.3365656
          ],
          [
            10.9078314,
            48.3376823
          ],
          [
            10.9075202,
            48.3385529
          ],
          [
            10.9071227,
            48.3392933
          ],
          [
            10.906651,
            48.3408885
          ]
        ]
      }
    },
    {
      "type": "Feature",
      "properties": {
        "segment_id": 13,
        "start_stop": "10",
        "end_stop": "17",
        "bus": "94",
        "timestamps": [
          2160.0,
          2175.0,
          2190.0
        ]
      },
      "geometry": {
        "type": "LineString",
        "coordinates": [
          [
            10.906651,
            48.3408885
          ],
          [
            10.9050333,
            48.3460333
          ],
          [
            10.9041628,
            48.3485053
          ]
        ]
      }
    },
    {
      "type": "Feature",
      "properties": {
        "segment_id": 14,
        "start_stop": "17",
        "end_stop": "42",
        "bus": "94",
        "timestamps": [
          2190.0,
          2195.0,
          2200.0,
          2205.0,
          2210.0,
          2215.0,
          2220.0
        ]
      },
      "geometry": {
        "type": "LineString",
        "coordinates": [
          [
            10.9041628,
            48.3485053
          ],
          [
            10.9040469,
            48.348929
          ],
          [
            10.9033541,
            48.350314
          ],
          [
            10.90335,
            48.3505107
          ],
          [
            10.9034633,
            48.3507678
          ],
          [
            10.9030361,
            48.3510488
          ],
          [
            10.9025362,
            48.3519392
          ]
        ]
      }
    },
    {
      "type": "Feature",
      "properties": {
        "segment_id": 15,
        "start_stop": "42",
        "end_stop": "2",
        "bus": "94",
        "timestamps": [
          2220.0,
          2230.0,
          2240.0,
          2250.0
        ]
      },
      "geometry": {
        "type": "LineString",
        "coordinates": [
          [
            10.9025362,
            48.3519392
          ],
          [
            10.902072,
            48.3531086
          ],
          [
            10.9020532,
            48.3539991
          ],
          [
            10.9021739,
            48.3551678
          ]
        ]
      }
    },
    {
      "type": "Feature",
      "properties": {
        "segment_id": 16,
        "start_stop": "2",
        "end_stop": "18",
        "bus": "94",
        "timestamps": [
          2250.0,
          2254.2857,
          2258.5714,
          2262.8571,
          2267.1429,
          2271.4286,
          2275.7143,
          2280.0
        ]
      },
      "geometry": {
        "type": "LineString",
        "coordinates": [
          [
            10.9021739,
            48.3551678
          ],
          [
            10.902288,
            48.3577587
          ],
          [
            10.9042682,
            48.3578541
          ],
          [
            10.9042657,
            48.3579651
          ],
          [
            10.9042109,
            48.358396
          ],
          [
            10.9035815,
            48.3584353
          ],
          [
            10.9023846,
            48.3586788
          ],
          [
            10.9020802,
            48.359307
          ]
        ]
      }
    },
    {
      "type": "Feature",
      "properties": {
        "segment_id": 17,
        "start_stop": "18",
        "end_stop": "25",
        "bus": "94",
        "timestamps": [
          2280.0,
          2286.0,
          2292.0,
          2298.0,
          2304.0,
          2310.0
        ]
      },
      "geometry": {
        "type": "LineString",
        "coordinates": [
          [
            10.9020802,
            48.359307
          ],
          [
            10.9019036,
            48.3595923
          ],
          [
            10.9000472,
            48.3595383
          ],
          [
            10.8983793,
            48.3596944
          ],
          [
            10.8979621,
            48.3597975
          ],
          [
            10.8973794,
            48.360685
          ]
        ]
      }
    },
    {
      "type": "Feature",
      "properties": {
        "segment_id": 18,
        "start_stop": "25",
        "end_stop": "16",
        "bus": "94",
        "timestamps": [
          2310.0,
          2340.0
        ]
      },
      "geometry": {
        "type": "LineString",
        "coordinates": [
          [
            10.8973794,
            48.360685
          ],
          [
            10.8945895,
            48.3657248
          ]
        ]
      }
    },
    {
      "type": "Feature",
      "properties": {
        "segment_id": 19,
        "start_stop": "16",
        "end_stop": "26",
        "bus": "94",
        "timestamps": [
          2340.0,
          2346.0,
          2352.0,
          2358.0,
          2364.0,
          2370.0
        ]
      },
      "geometry": {
        "type": "LineString",
        "coordinates": [
          [
            10.8945895,
            48.3657248
          ],
          [
            10.8945156,
            48.3660132
          ],
          [
            10.8946538,
            48.366358
          ],
          [
            10.8948051,
            48.3664533
          ],
          [
            10.8958507,
            48.3665596
          ],
          [
            10.8979871,
            48.3671896
          ]
        ]
      }
    },
    {
      "type": "Feature",
      "properties": {
        "segment_id": 20,
        "start_stop": "26",
        "end_stop": "5",
        "bus": "94",
        "timestamps": [
          2370.0,
          2373.75,
          2377.5,
          2381.25,
          2385.0,
          2388.75,
          2392.5,
          2396.25,
          2400.0
        ]
      },
      "geometry": {
        "type": "LineString",
        "coordinates": [
          [
            10.8979871,
            48.3671896
          ],
          [
            10.8982788,
            48.3672563
          ],
          [
            10.8986056,
            48.3670083
          ],
          [
            10.8991437,
            48.3659947
          ],
          [
            10.8994201,
            48.3653154
          ],
          [
            10.8994099,
            48.3650799
          ],
          [
            10.8996113,
            48.364825
          ],
          [
            10.9000951,
            48.3633683
          ],
          [
            10.9002309,
            48.3625343
          ]
        ]
      }
    },
    {
      "type": "Feature",
      "properties": {
        "segment_id": 21,
        "start_stop": "5",
        "end_stop": "41",
        "bus": "94",
        "timestamps": [
          2400.0,
          2407.5,
          2415.0,
          2422.5,
          2430.0
        ]
      },
      "geometry": {
        "type": "LineString",
        "coordinates": [
          [
            10.9002309,
            48.3625343
          ],
          [
            10.90038,
            48.362254
          ],
          [
            10.9012625,
            48.3619627
          ],
          [
            10.9025164,
            48.3619384
          ],
          [
            10.9036655,
            48.3621199
          ]
        ]
      }
    },
    {
      "type": "Feature",
      "properties": {
        "segment_id": 22,
        "start_stop": "41",
        "end_stop": "43",
        "bus": "94",
        "timestamps": [
          2430.0,
          2434.2857,
          2438.5714,
          2442.8571,
          2447.1429,
          2451.4286,
          2455.7143,
          2460.0
        ]
      },
      "geometry": {
        "type": "LineString",
        "coordinates": [
          [
            10.9036655,
            48.3621199
          ],
          [
            10.9047953,
            48.3621494
          ],
          [
            10.9046866,
            48.361341
          ],
          [
            10.9049208,
            48.3611724
          ],
          [
            10.9054772,
            48.3610084
          ],
          [
            10.9070646,
            48.3608931
          ],
          [
            10.9081232,
            48.3609098
          ],
          [
            10.9093729,
            48.361046
          ]
        ]
      }
    },
    {
      "type": "Feature",
      "properties": {
        "segment_id": 23,
        "start_stop": "43",
        "end_stop": "40",
        "bus": "94",
        "timestamps": [
          2460.0,
          2467.5,
          2475.0,
          2482.5,
          2490.0
        ]
      },
      "geometry": {
        "type": "LineString",
        "coordinates": [
          [
            10.9093729,
            48.361046
          ],
          [
            10.9107247,
            48.3612305
          ],
          [
            10.9131713,
            48.3611159
          ],
          [
            10.913385,
            48.3610299
          ],
          [
            10.9139437,
            48.3610002
          ]
        ]
      }
    },
    {
      "type": "Feature",
      "properties": {
        "segment_id": 24,
        "start_stop": "40",
        "end_stop": "15",
        "bus": "94",
        "timestamps": [
          2490.0,
          2496.0,
          2502.0,
          2508.0,
          2514.0,
          2520.0
        ]
      },
      "geometry": {
        "type": "LineString",
        "coordinates": [
          [
            10.9139437,
            48.3610002
          ],
          [
            10.9142906,
            48.361053
          ],
          [
            10.9156119,
            48.3609201
          ],
          [
            10.9157826,
            48.3610428
          ],
          [
            10.9159229,
            48.362045
          ],
          [
            10.9167793,
            48.3619986
          ]
        ]
      }
    },
    {
      "type": "Feature",
      "properties": {
        "segment_id": 25,
        "start_stop": "15",
        "end_stop": "38",
        "bus": "94",
        "timestamps": [
          2520.0,
          2535.0,
          2550.0
        ]
      },
      "geometry": {
        "type": "LineString",
        "coordinates": [
          [
            10.9167793,
            48.3619986
          ],
          [
            10.9206622,
            48.3618368
          ],
          [
            10.9220647,
            48.3620092
          ]
        ]
      }
    },
    {
      "type": "Feature",
      "properties": {
        "segment_id": 26,
        "start_stop": "38",
        "end_stop": "14",
        "bus": "94",
        "timestamps": [
          2550.0,
          2557.5,
          2565.0,
          2572.5,
          2580.0
        ]
      },
      "geometry": {
        "type": "LineString",
        "coordinates": [
          [
            10.9220647,
            48.3620092
          ],
          [
            10.9276464,
            48.363186
          ],
          [
            10.927793,
            48.3632009
          ],
          [
            10.9279083,
            48.363115
          ],
          [
            10.9280637,
            48.3627351
          ]
        ]
      }
    },
    {
      "type": "Feature",
      "properties": {
        "segment_id": 27,
        "start_stop": "14",
        "end_stop": "37",
        "bus": "94",
        "timestamps": [
          2580.0,
          2587.5,
          2595.0,
          2602.5,
          2610.0
        ]
      },
      "geometry": {
        "type": "LineString",
        "coordinates": [
          [
            10.9280637,
            48.3627351
          ],
          [
            10.9290713,
            48.3613003
          ],
          [
            10.9295637,
            48.3604421
          ],
          [
            10.9297695,
            48.3599347
          ],
          [
            10.9299376,
            48.3590044
          ]
        ]
      }
    },
    {
      "type": "Feature",
      "properties": {
        "segment_id": 28,
        "start_stop": "37",
        "end_stop": "36",
        "bus": "94",
        "timestamps": [
          2610.0,
          2614.2857,
          2618.5714,
          2622.8571,
          2627.1429,
          2631.4286,
          2635.7143,
          2640.0
        ]
      },
      "geometry": {
        "type": "LineString",
        "coordinates": [
          [
            10.9299376,
            48.3590044
          ],
          [
            10.9299765,
            48.3573079
          ],
          [
            10.9289224,
            48.357179
          ],
          [
            10.9269652,
            48.3572244
          ],
          [
            10.926609,
            48.3570568
          ],
          [
            10.9265649,
            48.3569995
          ],
          [
            10.9269121,
            48.3563992
          ],
          [
            10.9271029,
            48.355803
          ]
        ]
      }
    },
    {
      "type": "Feature",
      "properties": {
        "segment_id": 29,
        "start_stop": "36",
        "end_stop": "27",
        "bus": "94",
        "timestamps": [
          2640.0,
          2647.5,
          2655.0,
          2662.5,
          2670.0
        ]
      },
      "geometry": {
        "type": "LineString",
        "coordinates": [
          [
            10.9271029,
            48.355803
          ],
          [
            10.9273142,
            48.3551257
          ],
          [
            10.9320564,
            48.3551054
          ],
          [
            10.9323263,
            48.3551866
          ],
          [
            10.9328739,
            48.3551985
          ]
        ]
      }
    },
    {
      "type": "Feature",
      "properties": {
        "segment_id": 30,
        "start_stop": "27",
        "end_stop": "28",
        "bus": "94",
        "timestamps": [
          2670.0,
          2680.0,
          2690.0,
          2700.0
        ]
      },
      "geometry": {
        "type": "LineString",
        "coordinates": [
          [
            10.9328739,
            48.3551985
          ],
          [
            10.9331464,
            48.3551248
          ],
          [
            10.9351141,
            48.3550665
          ],
          [
            10.9382602,
            48.3551267
          ]
        ]
      }
    },
    {
      "type": "Feature",
      "properties": {
        "segment_id": 31,
        "start_stop": "28",
        "end_stop": "6",
        "bus": "94",
        "timestamps": [
          2700.0,
          2715.0,
          2730.0
        ]
      },
      "geometry": {
        "type": "LineString",
        "coordinates": [
          [
            10.9382602,
            48.3551267
          ],
          [
            10.9424382,
            48.3548909
          ],
          [
            10.9454751,
            48.3550587
          ]
        ]
      }
    },
    {
      "type": "Feature",
      "properties": {
        "segment_id": 32,
        "start_stop": "6",
        "end_stop": "29",
        "bus": "94",
        "timestamps": [
          2730.0,
          2740.0,
          2750.0,
          2760.0
        ]
      },
      "geometry": {
        "type": "LineString",
        "coordinates": [
          [
            10.9454751,
            48.3550587
          ],
          [
            10.9482846,
            48.3552108
          ],
          [
            10.9493096,
            48.3551838
          ],
          [
            10.9509834,
            48.3553437
          ]
        ]
      }
    },
    {
      "type": "Feature",
      "properties": {
        "segment_id": 33,
        "start_stop": "29",
        "end_stop": "7",
        "bus": "94",
        "timestamps": [
          2760.0,
          2767.5,
          2775.0,
          2782.5,
          2790.0
        ]
      },
      "geometry": {
        "type": "LineString",
        "coordinates": [
          [
            10.9509834,
            48.3553437
          ],
          [
            10.9519567,
            48.3554341
          ],
          [
            10.9519796,
            48.3553518
          ],
          [
            10.9548539,
            48.3556882
          ],
          [
            10.9571469,
            48.3557677
          ]
        ]
      }
    },
    {
      "type": "Feature",
      "properties": {
        "segment_id": 34,
        "start_stop": "7",
        "end_stop": "44",
        "bus": "94",
        "timestamps": [
          2790.0,
          2800.0,
          2810.0,
          2820.0
        ]
      },
      "geometry": {
        "type": "LineString",
        "coordinates": [
          [
            10.9571469,
            48.3557677
          ],
          [
            10.9574362,
            48.3556837
          ],
          [
            10.9603654,
            48.355685
          ],
          [
            10.9646034,
            48.355866
          ]
        ]
      }
    },
    {
      "type": "Feature",
      "properties": {
        "segment_id": 35,
        "start_stop": "44",
        "end_stop": "23",
        "bus": "94",
        "timestamps": [
          2820.0,
          2826.0,
          2832.0,
          2838.0,
          2844.0,
          2850.0
        ]
      },
      "geometry": {
        "type": "LineString",
        "coordinates": [
          [
            10.9646034,
            48.355866
          ],
          [
            10.966434,
            48.356073
          ],
          [
            10.9690968,
            48.3567025
          ],
          [
            10.9692373,
            48.3565421
          ],
          [
            10.9697529,
            48.3564477
          ],
          [
            10.9714653,
            48.3563234
          ]
        ]
      }
    },
    {
      "type": "Feature",
      "properties": {
        "segment_id": 36,
        "start_stop": "23",
        "end_stop": "9",
        "bus": "94",
        "timestamps": [
          2850.0,
          2852.5,
          2855.0,
          2857.5,
          2860.0,
          2862.5,
          2865.0,
          2867.5,
          2870.0,
          2872.5,
          2875.0,
          2877.5,
          2880.0
        ]
      },
      "geometry": {
        "type": "LineString",
        "coordinates": [
          [
            10.9714653,
            48.3563234
          ],
          [
            10.9729825,
            48.3563078
          ],
          [
            10.9732924,
            48.3561829
          ],
          [
            10.9736568,
            48.3563526
          ],
          [
            10.9742973,
            48.3564293
          ],
          [
            10.9757694,
            48.3568053
          ],
          [
            10.9762876,
            48.3568439
          ],
          [
            10.9765472,
            48.3566851
          ],
          [
            10.9766845,
            48.3557316
          ],
          [
            10.9769667,
            48.355087
          ],
          [
            10.9772494,
            48.3549821
          ],
          [
            10.9787108,
            48.3550832
          ],
          [
            10.9789231,
            48.354875
          ]
        ]
      }
    },
    {
      "type": "Feature",
      "properties": {
        "segment_id": 37,
        "start_stop": "9",
        "end_stop": "22",
        "bus": "94",
        "timestamps": [
          2880.0,
          2886.0,
          2892.0,
          2898.0,
          2904.0,
          2910.0
        ]
      },
      "geometry": {
        "type": "LineString",
        "coordinates": [
          [
            10.9789231,
            48.354875
          ],
          [
            10.9791156,
            48.3547945
          ],
          [
            10.9810681,
            48.3550538
          ],
          [
            10.9818951,
            48.3555026
          ],
          [
            10.9825847,
            48.3554686
          ],
          [
            10.9838018,
            48.3556183
          ]
        ]
      }
    },
    {
      "type": "Feature",
      "properties": {
        "segment_id": 38,
        "start_stop": "22",
        "end_stop": "8",
        "bus": "94",
        "timestamps": [
          2910.0,
          2925.0,
          2940.0
        ]
      },
      "geometry": {
        "type": "LineString",
        "coordinates": [
          [
            10.9838018,
            48.3556183
          ],
          [
            10.9842156,
            48.3556548
          ],
          [
            10.9842121,
            48.3564297
          ]
        ]
      }
    },
    {
      "type": "Feature",
      "properties": {
        "segment_id": 39,
        "start_stop": "8",
        "end_stop": "0",
        "bus": "94",
        "timestamps": [
          2940.0,
          2946.0,
          2952.0,
          2958.0,
          2964.0,
          2970.0
        ]
      },
      "geometry": {
        "type": "LineString",
        "coordinates": [
          [
            10.9842121,
            48.3564297
          ],
          [
            10.9841671,
            48.3571731
          ],
          [
            10.9843616,
            48.3575824
          ],
          [
            10.9847185,
            48.3579091
          ],
          [
            10.9859195,
            48.358528
          ],
          [
            10.9869091,
            48.3595972
          ]
        ]
      }
    },
    {
      "type": "Feature",
      "properties": {
        "segment_id": 40,
        "start_stop": "0",
        "end_stop": "21",
        "bus": "94",
        "timestamps": [
          2970.0,
          2980.0,
          2990.0,
          3000.0
        ]
      },
      "geometry": {
        "type": "LineString",
        "coordinates": [
          [
            10.9869091,
            48.3595972
          ],
          [
            10.9872306,
            48.3600787
          ],
          [
            10.9873157,
            48.3604751
          ],
          [
            10.9900254,
            48.3609088
          ]
        ]
      }
    },
    {
      "type": "Feature",
      "properties": {
        "segment_id": 41,
        "start_stop": "21",
        "end_stop": "20",
        "bus": "94",
        "timestamps": [
          3000.0,
          3007.5,
          3015.0,
          3022.5,
          3030.0
        ]
      },
      "geometry": {
        "type": "LineString",
        "coordinates": [
          [
            10.9900254,
            48.3609088
          ],
          [
            10.9931172,
            48.36141
          ],
          [
            10.9940319,
            48.3616536
          ],
          [
            10.9948951,
            48.3620279
          ],
          [
            10.9946995,
            48.3622941
          ]
        ]
      }
    },
    {
      "type": "Feature",
      "properties": {
        "segment_id": 42,
        "start_stop": "20",
        "end_stop": "19",
        "bus": "94",
        "timestamps": [
          3030.0,
          3040.0,
          3050.0,
          3060.0
        ]
      },
      "geometry": {
        "type": "LineString",
        "coordinates": [
          [
            10.9946995,
            48.3622941
          ],
          [
            10.9938923,
            48.3632084
          ],
          [
            10.9934988,
            48.3639134
          ],
          [
            10.9935812,
            48.3656389
          ]
        ]
      }
    },
    {
      "type": "Feature",
      "properties": {
        "segment_id": 43,
        "start_stop": "19",
        "end_stop": "24",
        "bus": "94",
        "timestamps": [
          3060.0,
          3075.0,
          3090.0
        ]
      },
      "geometry": {
        "type": "LineString",
        "coordinates": [
          [
            10.9935812,
            48.3656389
          ],
          [
            10.9932202,
            48.3662787
          ],
          [
            10.9914609,
            48.3656451
          ]
        ]
      }
    },
    {
      "type": "Feature",
      "properties": {
        "segment_id": 44,
        "start_stop": "24",
        "end_stop": "End",
        "bus": "94",
        "timestamps": [
          3090.0,
          3095.0,
          3100.0,
          3105.0,
          3110.0,
          3115.0,
          3120.0
        ]
      },
      "geometry": {
        "type": "LineString",
        "coordinates": [
          [
            10.9914609,
            48.3656451
          ],
          [
            10.9909361,
            48.3654171
          ],
          [
            10.9908388,
            48.3654884
          ],
          [
            10.9901991,
            48.3663426
          ],
          [
            10.9899329,
            48.3674024
          ],
          [
            10.9877419,
            48.3673399
          ],
          [
            10.9878787,
            48.3667308
          ]
        ]
      }
    },
    {
      "type": "Feature",
      "properties": {
        "segment_id": 1,
        "start_stop": "Start",
        "end_stop": "30",
        "bus": "94",
        "timestamps": [
          1800.0,
          1806.0,
          1812.0,
          1818.0,
          1824.0,
          1830.0
        ]
      },
      "geometry": {
        "type": "LineString",
        "coordinates": [
          [
            10.8941732,
            48.2960603
          ],
          [
            10.8959064,
            48.2957225
          ],
          [
            10.8969575,
            48.2956024
          ],
          [
            10.8974583,
            48.2956252
          ],
          [
            10.8978624,
            48.2959432
          ],
          [
            10.8985565,
            48.2972306
          ]
        ]
      }
    },
    {
      "type": "Feature",
      "properties": {
        "segment_id": 2,
        "start_stop": "30",
        "end_stop": "31",
        "bus": "94",
        "timestamps": [
          1860.0,
          1866.0,
          1872.0,
          1878.0,
          1884.0,
          1890.0
        ]
      },
      "geometry": {
        "type": "LineString",
        "coordinates": [
          [
            10.8985565,
            48.2972306
          ],
          [
            10.8988868,
            48.2979468
          ],
          [
            10.8992159,
            48.2981532
          ],
          [
            10.9008481,
            48.2980855
          ],
          [
            10.9016703,
            48.2982025
          ],
          [
            10.9031762,
            48.2980796
          ]
        ]
      }
    },
    {
      "type": "Feature",
      "properties": {
        "segment_id": 3,
        "start_stop": "31",
        "end_stop": "32",
        "bus": "94",
        "timestamps": [
          1920.0,
          1930.0,
          1940.0,
          1950.0
        ]
      },
      "geometry": {
        "type": "LineString",
        "coordinates": [
          [
            10.9031762,
            48.2980796
          ],
          [
            10.9042957,
            48.2980061
          ],
          [
            10.9045265,
            48.2980718
          ],
          [
            10.9056635,
            48.3002047
          ]
        ]
      }
    },
    {
      "type": "Feature",
      "properties": {
        "segment_id": 4,
        "start_stop": "32",
        "end_stop": "33",
        "bus": "94",
        "timestamps": [
          1980.0,
          1987.5,
          1995.0,
          2002.5,
          2010.0
        ]
      },
      "geometry": {
        "type": "LineString",
        "coordinates": [
          [
            10.9056635,
            48.3002047
          ],
          [
            10.9062271,
            48.3010672
          ],
          [
            10.9067614,
            48.302237
          ],
          [
            10.908229,
            48.3040136
          ],
          [
            10.9084003,
            48.304379
          ]
        ]
      }
    },
    {
      "type": "Feature",
      "properties": {
        "segment_id": 5,
        "start_stop": "33",
        "end_stop": "34",
        "bus": "94",
        "timestamps": [
          2040.0,
          2047.5,
          2055.0,
          2062.5,
          2070.0
        ]
      },
      "geometry": {
        "type": "LineString",
        "coordinates": [
          [
            10.9084003,
            48.304379
          ],
          [
            10.9085011,
            48.3047875
          ],
          [
            10.9091192,
            48.3056546
          ],
          [
            10.9102032,
            48.3080158
          ],
          [
            10.9101607,
            48.3085464
          ]
        ]
      }
    },
    {
      "type": "Feature",
      "properties": {
        "segment_id": 6,
        "start_stop": "34",
        "end_stop": "35",
        "bus": "94",
        "timestamps": [
          2100.0,
          2105.0,
          2110.0,
          2115.0,
          2120.0,
          2125.0,
          2130.0
        ]
      },
      "geometry": {
        "type": "LineString",
        "coordinates": [
          [
            10.9101607,
            48.3085464
          ],
          [
            10.9099908,
            48.3091526
          ],
          [
            10.9104912,
            48.3101728
          ],
          [
            10.9106185,
            48.3107051
          ],
          [
            10.911152,
            48.3120137
          ],
          [
            10.9106982,
            48.3129182
          ],
          [
            10.9105945,
            48.3133722
          ]
        ]
      }
    },
    {
      "type": "Feature",
      "properties": {
        "segment_id": 7,
        "start_stop": "35",
        "end_stop": "1",
        "bus": "94",
        "timestamps": [
          2160.0,
          2166.0,
          2172.0,
          2178.0,
          2184.0,
          2190.0
        ]
      },
      "geometry": {
        "type": "LineString",
        "coordinates": [
          [
            10.9105945,
            48.3133722
          ],
          [
            10.9102826,
            48.3156371
          ],
          [
            10.9096163,
            48.3172617
          ],
          [
            10.907403,
            48.3172659
          ],
          [
            10.9071306,
            48.3193996
          ],
          [
            10.90855,
            48.3194936
          ]
        ]
      }
    },
    {
      "type": "Feature",
      "properties": {
        "segment_id": 8,
        "start_stop": "1",
        "end_stop": "11",
        "bus": "94",
        "timestamps": [
          2220.0,
          2235.0,
          2250.0
        ]
      },
      "geometry": {
        "type": "LineString",
        "coordinates": [
          [
            10.90855,
            48.3194936
          ],
          [
            10.9090421,
            48.3195106
          ],
          [
            10.9088194,
            48.3218794
          ]
        ]
      }
    },
    {
      "type": "Feature",
      "properties": {
        "segment_id": 9,
        "start_stop": "11",
        "end_stop": "12",
        "bus": "94",
        "timestamps": [
          2280.0,
          2310.0
        ]
      },
      "geometry": {
        "type": "LineString",
        "coordinates": [
          [
            10.9088194,
            48.3218794
          ],
          [
            10.9086533,
            48.3240607
          ]
        ]
      }
    },
    {
      "type": "Feature",
      "properties": {
        "segment_id": 10,
        "start_stop": "12",
        "end_stop": "13",
        "bus": "94",
        "timestamps": [
          2340.0,
          2370.0
        ]
      },
      "geometry": {
        "type": "LineString",
        "coordinates": [
          [
            10.9086533,
            48.3240607
          ],
          [
            10.9083741,
            48.3272948
          ]
        ]
      }
    },
    {
      "type": "Feature",
      "properties": {
        "segment_id": 11,
        "start_stop": "13",
        "end_stop": "39",
        "bus": "94",
        "timestamps": [
          2400.0,
          2430.0
        ]
      },
      "geometry": {
        "type": "LineString",
        "coordinates": [
          [
            10.9083741,
            48.3272948
          ],
          [
            10.9078924,
            48.3341349
          ]
        ]
      }
    },
    {
      "type": "Feature",
      "properties": {
        "segment_id": 12,
        "start_stop": "39",
        "end_stop": "10",
        "bus": "94",
        "timestamps": [
          2460.0,
          2465.0,
          2470.0,
          2475.0,
          2480.0,
          2485.0,
          2490.0
        ]
      },
      "geometry": {
        "type": "LineString",
        "coordinates": [
          [
            10.9078924,
            48.3341349
          ],
          [
            10.9077694,
            48.3355331
          ],
          [
            10.9079249,
            48.3365656
          ],
          [
            10.9078314,
            48.3376823
          ],
          [
            10.9075202,
            48.3385529
          ],
          [
            10.9071227,
            48.3392933
          ],
          [
            10.906651,
            48.3408885
          ]
        ]
      }
    },
    {
      "type": "Feature",
      "properties": {
        "segment_id": 13,
        "start_stop": "10",
        "end_stop": "17",
        "bus": "94",
        "timestamps": [
          2520.0,
          2535.0,
          2550.0
        ]
      },
      "geometry": {
        "type": "LineString",
        "coordinates": [
          [
            10.906651,
            48.3408885
          ],
          [
            10.9050333,
            48.3460333
          ],
          [
            10.9041628,
            48.3485053
          ]
        ]
      }
    },
    {
      "type": "Feature",
      "properties": {
        "segment_id": 14,
        "start_stop": "17",
        "end_stop": "42",
        "bus": "94",
        "timestamps": [
          2580.0,
          2585.0,
          2590.0,
          2595.0,
          2600.0,
          2605.0,
          2610.0
        ]
      },
      "geometry": {
        "type": "LineString",
        "coordinates": [
          [
            10.9041628,
            48.3485053
          ],
          [
            10.9040469,
            48.348929
          ],
          [
            10.9033541,
            48.350314
          ],
          [
            10.90335,
            48.3505107
          ],
          [
            10.9034633,
            48.3507678
          ],
          [
            10.9030361,
            48.3510488
          ],
          [
            10.9025362,
            48.3519392
          ]
        ]
      }
    },
    {
      "type": "Feature",
      "properties": {
        "segment_id": 15,
        "start_stop": "42",
        "end_stop": "2",
        "bus": "94",
        "timestamps": [
          2640.0,
          2650.0,
          2660.0,
          2670.0
        ]
      },
      "geometry": {
        "type": "LineString",
        "coordinates": [
          [
            10.9025362,
            48.3519392
          ],
          [
            10.902072,
            48.3531086
          ],
          [
            10.9020532,
            48.3539991
          ],
          [
            10.9021739,
            48.3551678
          ]
        ]
      }
    },
    {
      "type": "Feature",
      "properties": {
        "segment_id": 16,
        "start_stop": "2",
        "end_stop": "18",
        "bus": "94",
        "timestamps": [
          2700.0,
          2704.2857,
          2708.5714,
          2712.8571,
          2717.1429,
          2721.4286,
          2725.7143,
          2730.0
        ]
      },
      "geometry": {
        "type": "LineString",
        "coordinates": [
          [
            10.9021739,
            48.3551678
          ],
          [
            10.902288,
            48.3577587
          ],
          [
            10.9042682,
            48.3578541
          ],
          [
            10.9042657,
            48.3579651
          ],
          [
            10.9042109,
            48.358396
          ],
          [
            10.9035815,
            48.3584353
          ],
          [
            10.9023846,
            48.3586788
          ],
          [
            10.9020802,
            48.359307
          ]
        ]
      }
    },
    {
      "type": "Feature",
      "properties": {
        "segment_id": 17,
        "start_stop": "18",
        "end_stop": "25",
        "bus": "94",
        "timestamps": [
          2760.0,
          2766.0,
          2772.0,
          2778.0,
          2784.0,
          2790.0
        ]
      },
      "geometry": {
        "type": "LineString",
        "coordinates": [
          [
            10.9020802,
            48.359307
          ],
          [
            10.9019036,
            48.3595923
          ],
          [
            10.9000472,
            48.3595383
          ],
          [
            10.8983793,
            48.3596944
          ],
          [
            10.8979621,
            48.3597975
          ],
          [
            10.8973794,
            48.360685
          ]
        ]
      }
    },
    {
      "type": "Feature",
      "properties": {
        "segment_id": 18,
        "start_stop": "25",
        "end_stop": "16",
        "bus": "94",
        "timestamps": [
          2820.0,
          2850.0
        ]
      },
      "geometry": {
        "type": "LineString",
        "coordinates": [
          [
            10.8973794,
            48.360685
          ],
          [
            10.8945895,
            48.3657248
          ]
        ]
      }
    },
    {
      "type": "Feature",
      "properties": {
        "segment_id": 19,
        "start_stop": "16",
        "end_stop": "26",
        "bus": "94",
        "timestamps": [
          2880.0,
          2886.0,
          2892.0,
          2898.0,
          2904.0,
          2910.0
        ]
      },
      "geometry": {
        "type": "LineString",
        "coordinates": [
          [
            10.8945895,
            48.3657248
          ],
          [
            10.8945156,
            48.3660132
          ],
          [
            10.8946538,
            48.366358
          ],
          [
            10.8948051,
            48.3664533
          ],
          [
            10.8958507,
            48.3665596
          ],
          [
            10.8979871,
            48.3671896
          ]
        ]
      }
    },
    {
      "type": "Feature",
      "properties": {
        "segment_id": 20,
        "start_stop": "26",
        "end_stop": "5",
        "bus": "94",
        "timestamps": [
          2940.0,
          2943.75,
          2947.5,
          2951.25,
          2955.0,
          2958.75,
          2962.5,
          2966.25,
          2970.0
        ]
      },
      "geometry": {
        "type": "LineString",
        "coordinates": [
          [
            10.8979871,
            48.3671896
          ],
          [
            10.8982788,
            48.3672563
          ],
          [
            10.8986056,
            48.3670083
          ],
          [
            10.8991437,
            48.3659947
          ],
          [
            10.8994201,
            48.3653154
          ],
          [
            10.8994099,
            48.3650799
          ],
          [
            10.8996113,
            48.364825
          ],
          [
            10.9000951,
            48.3633683
          ],
          [
            10.9002309,
            48.3625343
          ]
        ]
      }
    },
    {
      "type": "Feature",
      "properties": {
        "segment_id": 21,
        "start_stop": "5",
        "end_stop": "41",
        "bus": "94",
        "timestamps": [
          3000.0,
          3007.5,
          3015.0,
          3022.5,
          3030.0
        ]
      },
      "geometry": {
        "type": "LineString",
        "coordinates": [
          [
            10.9002309,
            48.3625343
          ],
          [
            10.90038,
            48.362254
          ],
          [
            10.9012625,
            48.3619627
          ],
          [
            10.9025164,
            48.3619384
          ],
          [
            10.9036655,
            48.3621199
          ]
        ]
      }
    },
    {
      "type": "Feature",
      "properties": {
        "segment_id": 22,
        "start_stop": "41",
        "end_stop": "43",
        "bus": "94",
        "timestamps": [
          3060.0,
          3064.2857,
          3068.5714,
          3072.8571,
          3077.1429,
          3081.4286,
          3085.7143,
          3090.0
        ]
      },
      "geometry": {
        "type": "LineString",
        "coordinates": [
          [
            10.9036655,
            48.3621199
          ],
          [
            10.9047953,
            48.3621494
          ],
          [
            10.9046866,
            48.361341
          ],
          [
            10.9049208,
            48.3611724
          ],
          [
            10.9054772,
            48.3610084
          ],
          [
            10.9070646,
            48.3608931
          ],
          [
            10.9081232,
            48.3609098
          ],
          [
            10.9093729,
            48.361046
          ]
        ]
      }
    },
    {
      "type": "Feature",
      "properties": {
        "segment_id": 23,
        "start_stop": "43",
        "end_stop": "40",
        "bus": "94",
        "timestamps": [
          3120.0,
          3127.5,
          3135.0,
          3142.5,
          3150.0
        ]
      },
      "geometry": {
        "type": "LineString",
        "coordinates": [
          [
            10.9093729,
            48.361046
          ],
          [
            10.9107247,
            48.3612305
          ],
          [
            10.9131713,
            48.3611159
          ],
          [
            10.913385,
            48.3610299
          ],
          [
            10.9139437,
            48.3610002
          ]
        ]
      }
    },
    {
      "type": "Feature",
      "properties": {
        "segment_id": 24,
        "start_stop": "40",
        "end_stop": "15",
        "bus": "94",
        "timestamps": [
          3180.0,
          3186.0,
          3192.0,
          3198.0,
          3204.0,
          3210.0
        ]
      },
      "geometry": {
        "type": "LineString",
        "coordinates": [
          [
            10.9139437,
            48.3610002
          ],
          [
            10.9142906,
            48.361053
          ],
          [
            10.9156119,
            48.3609201
          ],
          [
            10.9157826,
            48.3610428
          ],
          [
            10.9159229,
            48.362045
          ],
          [
            10.9167793,
            48.3619986
          ]
        ]
      }
    },
    {
      "type": "Feature",
      "properties": {
        "segment_id": 25,
        "start_stop": "15",
        "end_stop": "38",
        "bus": "94",
        "timestamps": [
          3240.0,
          3255.0,
          3270.0
        ]
      },
      "geometry": {
        "type": "LineString",
        "coordinates": [
          [
            10.9167793,
            48.3619986
          ],
          [
            10.9206622,
            48.3618368
          ],
          [
            10.9220647,
            48.3620092
          ]
        ]
      }
    },
    {
      "type": "Feature",
      "properties": {
        "segment_id": 26,
        "start_stop": "38",
        "end_stop": "14",
        "bus": "94",
        "timestamps": [
          3300.0,
          3307.5,
          3315.0,
          3322.5,
          3330.0
        ]
      },
      "geometry": {
        "type": "LineString",
        "coordinates": [
          [
            10.9220647,
            48.3620092
          ],
          [
            10.9276464,
            48.363186
          ],
          [
            10.927793,
            48.3632009
          ],
          [
            10.9279083,
            48.363115
          ],
          [
            10.9280637,
            48.3627351
          ]
        ]
      }
    },
    {
      "type": "Feature",
      "properties": {
        "segment_id": 27,
        "start_stop": "14",
        "end_stop": "37",
        "bus": "94",
        "timestamps": [
          3360.0,
          3367.5,
          3375.0,
          3382.5,
          3390.0
        ]
      },
      "geometry": {
        "type": "LineString",
        "coordinates": [
          [
            10.9280637,
            48.3627351
          ],
          [
            10.9290713,
            48.3613003
          ],
          [
            10.9295637,
            48.3604421
          ],
          [
            10.9297695,
            48.3599347
          ],
          [
            10.9299376,
            48.3590044
          ]
        ]
      }
    },
    {
      "type": "Feature",
      "properties": {
        "segment_id": 28,
        "start_stop": "37",
        "end_stop": "36",
        "bus": "94",
        "timestamps": [
          3420.0,
          3424.2857,
          3428.5714,
          3432.8571,
          3437.1429,
          3441.4286,
          3445.7143,
          3450.0
        ]
      },
      "geometry": {
        "type": "LineString",
        "coordinates": [
          [
            10.9299376,
            48.3590044
          ],
          [
            10.9299765,
            48.3573079
          ],
          [
            10.9289224,
            48.357179
          ],
          [
            10.9269652,
            48.3572244
          ],
          [
            10.926609,
            48.3570568
          ],
          [
            10.9265649,
            48.3569995
          ],
          [
            10.9269121,
            48.3563992
          ],
          [
            10.9271029,
            48.355803
          ]
        ]
      }
    },
    {
      "type": "Feature",
      "properties": {
        "segment_id": 29,
        "start_stop": "36",
        "end_stop": "27",
        "bus": "94",
        "timestamps": [
          3480.0,
          3487.5,
          3495.0,
          3502.5,
          3510.0
        ]
      },
      "geometry": {
        "type": "LineString",
        "coordinates": [
          [
            10.9271029,
            48.355803
          ],
          [
            10.9273142,
            48.3551257
          ],
          [
            10.9320564,
            48.3551054
          ],
          [
            10.9323263,
            48.3551866
          ],
          [
            10.9328739,
            48.3551985
          ]
        ]
      }
    },
    {
      "type": "Feature",
      "properties": {
        "segment_id": 30,
        "start_stop": "27",
        "end_stop": "28",
        "bus": "94",
        "timestamps": [
          3540.0,
          3550.0,
          3560.0,
          3570.0
        ]
      },
      "geometry": {
        "type": "LineString",
        "coordinates": [
          [
            10.9328739,
            48.3551985
          ],
          [
            10.9331464,
            48.3551248
          ],
          [
            10.9351141,
            48.3550665
          ],
          [
            10.9382602,
            48.3551267
          ]
        ]
      }
    },
    {
      "type": "Feature",
      "properties": {
        "segment_id": 31,
        "start_stop": "28",
        "end_stop": "6",
        "bus": "94",
        "timestamps": [
          3600.0,
          3615.0,
          3630.0
        ]
      },
      "geometry": {
        "type": "LineString",
        "coordinates": [
          [
            10.9382602,
            48.3551267
          ],
          [
            10.9424382,
            48.3548909
          ],
          [
            10.9454751,
            48.3550587
          ]
        ]
      }
    },
    {
      "type": "Feature",
      "properties": {
        "segment_id": 32,
        "start_stop": "6",
        "end_stop": "29",
        "bus": "94",
        "timestamps": [
          3660.0,
          3670.0,
          3680.0,
          3690.0
        ]
      },
      "geometry": {
        "type": "LineString",
        "coordinates": [
          [
            10.9454751,
            48.3550587
          ],
          [
            10.9482846,
            48.3552108
          ],
          [
            10.9493096,
            48.3551838
          ],
          [
            10.9509834,
            48.3553437
          ]
        ]
      }
    },
    {
      "type": "Feature",
      "properties": {
        "segment_id": 33,
        "start_stop": "29",
        "end_stop": "7",
        "bus": "94",
        "timestamps": [
          3720.0,
          3727.5,
          3735.0,
          3742.5,
          3750.0
        ]
      },
      "geometry": {
        "type": "LineString",
        "coordinates": [
          [
            10.9509834,
            48.3553437
          ],
          [
            10.9519567,
            48.3554341
          ],
          [
            10.9519796,
            48.3553518
          ],
          [
            10.9548539,
            48.3556882
          ],
          [
            10.9571469,
            48.3557677
          ]
        ]
      }
    },
    {
      "type": "Feature",
      "properties": {
        "segment_id": 34,
        "start_stop": "7",
        "end_stop": "44",
        "bus": "94",
        "timestamps": [
          3780.0,
          3790.0,
          3800.0,
          3810.0
        ]
      },
      "geometry": {
        "type": "LineString",
        "coordinates": [
          [
            10.9571469,
            48.3557677
          ],
          [
            10.9574362,
            48.3556837
          ],
          [
            10.9603654,
            48.355685
          ],
          [
            10.9646034,
            48.355866
          ]
        ]
      }
    },
    {
      "type": "Feature",
      "properties": {
        "segment_id": 35,
        "start_stop": "44",
        "end_stop": "23",
        "bus": "94",
        "timestamps": [
          3840.0,
          3846.0,
          3852.0,
          3858.0,
          3864.0,
          3870.0
        ]
      },
      "geometry": {
        "type": "LineString",
        "coordinates": [
          [
            10.9646034,
            48.355866
          ],
          [
            10.966434,
            48.356073
          ],
          [
            10.9690968,
            48.3567025
          ],
          [
            10.9692373,
            48.3565421
          ],
          [
            10.9697529,
            48.3564477
          ],
          [
            10.9714653,
            48.3563234
          ]
        ]
      }
    },
    {
      "type": "Feature",
      "properties": {
        "segment_id": 36,
        "start_stop": "23",
        "end_stop": "9",
        "bus": "94",
        "timestamps": [
          3900.0,
          3902.5,
          3905.0,
          3907.5,
          3910.0,
          3912.5,
          3915.0,
          3917.5,
          3920.0,
          3922.5,
          3925.0,
          3927.5,
          3930.0
        ]
      },
      "geometry": {
        "type": "LineString",
        "coordinates": [
          [
            10.9714653,
            48.3563234
          ],
          [
            10.9729825,
            48.3563078
          ],
          [
            10.9732924,
            48.3561829
          ],
          [
            10.9736568,
            48.3563526
          ],
          [
            10.9742973,
            48.3564293
          ],
          [
            10.9757694,
            48.3568053
          ],
          [
            10.9762876,
            48.3568439
          ],
          [
            10.9765472,
            48.3566851
          ],
          [
            10.9766845,
            48.3557316
          ],
          [
            10.9769667,
            48.355087
          ],
          [
            10.9772494,
            48.3549821
          ],
          [
            10.9787108,
            48.3550832
          ],
          [
            10.9789231,
            48.354875
          ]
        ]
      }
    },
    {
      "type": "Feature",
      "properties": {
        "segment_id": 37,
        "start_stop": "9",
        "end_stop": "22",
        "bus": "94",
        "timestamps": [
          3960.0,
          3966.0,
          3972.0,
          3978.0,
          3984.0,
          3990.0
        ]
      },
      "geometry": {
        "type": "LineString",
        "coordinates": [
          [
            10.9789231,
            48.354875
          ],
          [
            10.9791156,
            48.3547945
          ],
          [
            10.9810681,
            48.3550538
          ],
          [
            10.9818951,
            48.3555026
          ],
          [
            10.9825847,
            48.3554686
          ],
          [
            10.9838018,
            48.3556183
          ]
        ]
      }
    },
    {
      "type": "Feature",
      "properties": {
        "segment_id": 38,
        "start_stop": "22",
        "end_stop": "8",
        "bus": "94",
        "timestamps": [
          4020.0,
          4035.0,
          4050.0
        ]
      },
      "geometry": {
        "type": "LineString",
        "coordinates": [
          [
            10.9838018,
            48.3556183
          ],
          [
            10.9842156,
            48.3556548
          ],
          [
            10.9842121,
            48.3564297
          ]
        ]
      }
    },
    {
      "type": "Feature",
      "properties": {
        "segment_id": 39,
        "start_stop": "8",
        "end_stop": "0",
        "bus": "94",
        "timestamps": [
          4080.0,
          4086.0,
          4092.0,
          4098.0,
          4104.0,
          4110.0
        ]
      },
      "geometry": {
        "type": "LineString",
        "coordinates": [
          [
            10.9842121,
            48.3564297
          ],
          [
            10.9841671,
            48.3571731
          ],
          [
            10.9843616,
            48.3575824
          ],
          [
            10.9847185,
            48.3579091
          ],
          [
            10.9859195,
            48.358528
          ],
          [
            10.9869091,
            48.3595972
          ]
        ]
      }
    },
    {
      "type": "Feature",
      "properties": {
        "segment_id": 40,
        "start_stop": "0",
        "end_stop": "21",
        "bus": "94",
        "timestamps": [
          4140.0,
          4150.0,
          4160.0,
          4170.0
        ]
      },
      "geometry": {
        "type": "LineString",
        "coordinates": [
          [
            10.9869091,
            48.3595972
          ],
          [
            10.9872306,
            48.3600787
          ],
          [
            10.9873157,
            48.3604751
          ],
          [
            10.9900254,
            48.3609088
          ]
        ]
      }
    },
    {
      "type": "Feature",
      "properties": {
        "segment_id": 41,
        "start_stop": "21",
        "end_stop": "20",
        "bus": "94",
        "timestamps": [
          4200.0,
          4207.5,
          4215.0,
          4222.5,
          4230.0
        ]
      },
      "geometry": {
        "type": "LineString",
        "coordinates": [
          [
            10.9900254,
            48.3609088
          ],
          [
            10.9931172,
            48.36141
          ],
          [
            10.9940319,
            48.3616536
          ],
          [
            10.9948951,
            48.3620279
          ],
          [
            10.9946995,
            48.3622941
          ]
        ]
      }
    },
    {
      "type": "Feature",
      "properties": {
        "segment_id": 42,
        "start_stop": "20",
        "end_stop": "19",
        "bus": "94",
        "timestamps": [
          4260.0,
          4270.0,
          4280.0,
          4290.0
        ]
      },
      "geometry": {
        "type": "LineString",
        "coordinates": [
          [
            10.9946995,
            48.3622941
          ],
          [
            10.9938923,
            48.3632084
          ],
          [
            10.9934988,
            48.3639134
          ],
          [
            10.9935812,
            48.3656389
          ]
        ]
      }
    },
    {
      "type": "Feature",
      "properties": {
        "segment_id": 43,
        "start_stop": "19",
        "end_stop": "24",
        "bus": "94",
        "timestamps": [
          4320.0,
          4335.0,
          4350.0
        ]
      },
      "geometry": {
        "type": "LineString",
        "coordinates": [
          [
            10.9935812,
            48.3656389
          ],
          [
            10.9932202,
            48.3662787
          ],
          [
            10.9914609,
            48.3656451
          ]
        ]
      }
    },
    {
      "type": "Feature",
      "properties": {
        "segment_id": 44,
        "start_stop": "24",
        "end_stop": "End",
        "bus": "94",
        "timestamps": [
          4380.0,
          4385.0,
          4390.0,
          4395.0,
          4400.0,
          4405.0,
          4410.0
        ]
      },
      "geometry": {
        "type": "LineString",
        "coordinates": [
          [
            10.9914609,
            48.3656451
          ],
          [
            10.9909361,
            48.3654171
          ],
          [
            10.9908388,
            48.3654884
          ],
          [
            10.9901991,
            48.3663426
          ],
          [
            10.9899329,
            48.3674024
          ],
          [
            10.9877419,
            48.3673399
          ],
          [
            10.9878787,
            48.3667308
          ]
        ]
      }
    },
    {
      "type": "Feature",
      "properties": {
        "segment_id": 1,
        "start_stop": "Start",
        "end_stop": "3",
        "bus": "21",
        "timestamps": [
          6300.0,
          6360.0,
          6420.0
        ]
      },
      "geometry": {
        "type": "LineString",
        "coordinates": [
          [
            10.880536,
            48.3854347
          ],
          [
            10.8805494,
            48.3856625
          ],
          [
            10.8797384,
            48.3857436
          ]
        ]
      }
    },
    {
      "type": "Feature",
      "properties": {
        "segment_id": 2,
        "start_stop": "3",
        "end_stop": "5",
        "bus": "21",
        "timestamps": [
          6420.0,
          6450.0,
          6480.0,
          6510.0,
          6540.0
        ]
      },
      "geometry": {
        "type": "LineString",
        "coordinates": [
          [
            10.8797384,
            48.3857436
          ],
          [
            10.878743,
            48.3860638
          ],
          [
            10.8781457,
            48.3869056
          ],
          [
            10.8765165,
            48.3861109
          ],
          [
            10.8759345,
            48.3860066
          ]
        ]
      }
    },
    {
      "type": "Feature",
      "properties": {
        "segment_id": 3,
        "start_stop": "5",
        "end_stop": "0",
        "bus": "21",
        "timestamps": [
          6540.0,
          6553.3333,
          6566.6667,
          6580.0,
          6593.3333,
          6606.6667,
          6620.0,
          6633.3333,
          6646.6667,
          6660.0
        ]
      },
      "geometry": {
        "type": "LineString",
        "coordinates": [
          [
            10.8759345,
            48.3860066
          ],
          [
            10.8753496,
            48.3860349
          ],
          [
            10.8746781,
            48.3861827
          ],
          [
            10.8743329,
            48.386298
          ],
          [
            10.8741513,
            48.3864667
          ],
          [
            10.8740157,
            48.3867597
          ],
          [
            10.8742068,
            48.3873405
          ],
          [
            10.8741075,
            48.3878595
          ],
          [
            10.8741896,
            48.3880469
          ],
          [
            10.8732728,
            48.3887574
          ]
        ]
      }
    },
    {
      "type": "Feature",
      "properties": {
        "segment_id": 4,
        "start_stop": "0",
        "end_stop": "7",
        "bus": "21",
        "timestamps": [
          6660.0,
          6720.0,
          6780.0
        ]
      },
      "geometry": {
        "type": "LineString",
        "coordinates": [
          [
            10.8732728,
            48.3887574
          ],
          [
            10.8704372,
            48.3896183
          ],
          [
            10.867667,
            48.389879
          ]
        ]
      }
    },
    {
      "type": "Feature",
      "properties": {
        "segment_id": 5,
        "start_stop": "7",
        "end_stop": "15",
        "bus": "21",
        "timestamps": [
          6780.0,
          6840.0,
          6900.0
        ]
      },
      "geometry": {
        "type": "LineString",
        "coordinates": [
          [
            10.867667,
            48.389879
          ],
          [
            10.8669123,
            48.3899262
          ],
          [
            10.8643218,
            48.3903426
          ]
        ]
      }
    },
    {
      "type": "Feature",
      "properties": {
        "segment_id": 6,
        "start_stop": "15",
        "end_stop": "8",
        "bus": "21",
        "timestamps": [
          6900.0,
          6960.0,
          7020.0
        ]
      },
      "geometry": {
        "type": "LineString",
        "coordinates": [
          [
            10.8643218,
            48.3903426
          ],
          [
            10.8610588,
            48.3909559
          ],
          [
            10.8569736,
            48.3914651
          ]
        ]
      }
    },
    {
      "type": "Feature",
      "properties": {
        "segment_id": 7,
        "start_stop": "8",
        "end_stop": "9",
        "bus": "21",
        "timestamps": [
          7020.0,
          7044.0,
          7068.0,
          7092.0,
          7116.0,
          7140.0
        ]
      },
      "geometry": {
        "type": "LineString",
        "coordinates": [
          [
            10.8569736,
            48.3914651
          ],
          [
            10.8556793,
            48.3916281
          ],
          [
            10.856553,
            48.3936507
          ],
          [
            10.8565793,
            48.3939265
          ],
          [
            10.857261,
            48.3949822
          ],
          [
            10.857833,
            48.39561
          ]
        ]
      }
    },
    {
      "type": "Feature",
      "properties": {
        "segment_id": 8,
        "start_stop": "9",
        "end_stop": "10",
        "bus": "21",
        "timestamps": [
          7140.0,
          7200.0,
          7260.0
        ]
      },
      "geometry": {
        "type": "LineString",
        "coordinates": [
          [
            10.857833,
            48.39561
          ],
          [
            10.8590533,
            48.3965505
          ],
          [
            10.858453,
            48.3970249
          ]
        ]
      }
    },
    {
      "type": "Feature",
      "properties": {
        "segment_id": 9,
        "start_stop": "10",
        "end_stop": "6",
        "bus": "21",
        "timestamps": [
          7260.0,
          7284.0,
          7308.0,
          7332.0,
          7356.0,
          7380.0
        ]
      },
      "geometry": {
        "type": "LineString",
        "coordinates": [
          [
            10.858453,
            48.3970249
          ],
          [
            10.858309,
            48.3971657
          ],
          [
            10.8583849,
            48.3972821
          ],
          [
            10.8582255,
            48.3973028
          ],
          [
            10.8577941,
            48.3975915
          ],
          [
            10.8550093,
            48.3996518
          ]
        ]
      }
    },
    {
      "type": "Feature",
      "properties": {
        "segment_id": 10,
        "start_stop": "6",
        "end_stop": "11",
        "bus": "21",
        "timestamps": [
          7380.0,
          7404.0,
          7428.0,
          7452.0,
          7476.0,
          7500.0
        ]
      },
      "geometry": {
        "type": "LineString",
        "coordinates": [
          [
            10.8550093,
            48.3996518
          ],
          [
            10.8543866,
            48.4002543
          ],
          [
            10.8530759,
            48.4022931
          ],
          [
            10.8526757,
            48.4027439
          ],
          [
            10.8517343,
            48.4035341
          ],
          [
            10.8512316,
            48.4032726
          ]
        ]
      }
    },
    {
      "type": "Feature",
      "properties": {
        "segment_id": 11,
        "start_stop": "11",
        "end_stop": "12",
        "bus": "21",
        "timestamps": [
          7500.0,
          7560.0,
          7620.0
        ]
      },
      "geometry": {
        "type": "LineString",
        "coordinates": [
          [
            10.8512316,
            48.4032726
          ],
          [
            10.8494497,
            48.402288
          ],
          [
            10.8487649,
            48.4017603
          ]
        ]
      }
    },
    {
      "type": "Feature",
      "properties": {
        "segment_id": 12,
        "start_stop": "12",
        "end_stop": "13",
        "bus": "21",
        "timestamps": [
          7620.0,
          7660.0,
          7700.0,
          7740.0
        ]
      },
      "geometry": {
        "type": "LineString",
        "coordinates": [
          [
            10.8487649,
            48.4017603
          ],
          [
            10.8482456,
            48.4011453
          ],
          [
            10.8479231,
            48.4004777
          ],
          [
            10.8475167,
            48.3979823
          ]
        ]
      }
    },
    {
      "type": "Feature",
      "properties": {
        "segment_id": 13,
        "start_stop": "13",
        "end_stop": "2",
        "bus": "21",
        "timestamps": [
          7740.0,
          7800.0,
          7860.0
        ]
      },
      "geometry": {
        "type": "LineString",
        "coordinates": [
          [
            10.8475167,
            48.3979823
          ],
          [
            10.8474317,
            48.3974153
          ],
          [
            10.8474322,
            48.3947956
          ]
        ]
      }
    },
    {
      "type": "Feature",
      "properties": {
        "segment_id": 14,
        "start_stop": "2",
        "end_stop": "14",
        "bus": "21",
        "timestamps": [
          7860.0,
          7920.0,
          7980.0
        ]
      },
      "geometry": {
        "type": "LineString",
        "coordinates": [
          [
            10.8474322,
            48.3947956
          ],
          [
            10.8474376,
            48.3945731
          ],
          [
            10.8479093,
            48.3945742
          ]
        ]
      }
    },
    {
      "type": "Feature",
      "properties": {
        "segment_id": 15,
        "start_stop": "14",
        "end_stop": "4",
        "bus": "21",
        "timestamps": [
          7980.0,
          8010.0,
          8040.0,
          8070.0,
          8100.0
        ]
      },
      "geometry": {
        "type": "LineString",
        "coordinates": [
          [
            10.8479093,
            48.3945742
          ],
          [
            10.8497467,
            48.3945784
          ],
          [
            10.84964,
            48.393837
          ],
          [
            10.8492254,
            48.3930961
          ],
          [
            10.8487805,
            48.3932452
          ]
        ]
      }
    },
    {
      "type": "Feature",
      "properties": {
        "segment_id": 16,
        "start_stop": "4",
        "end_stop": "End",
        "bus": "21",
        "timestamps": [
          8100.0,
          8160.0,
          8220.0
        ]
      },
      "geometry": {
        "type": "LineString",
        "coordinates": [
          [
            10.8487805,
            48.3932452
          ],
          [
            10.8473782,
            48.393793
          ],
          [
            10.8474376,
            48.3945731
          ]
        ]
      }
    },
    {
      "type": "Feature",
      "properties": {
        "segment_id": 1,
        "start_stop": "Start",
        "end_stop": "3",
        "bus": "21",
        "timestamps": [
          6300.0,
          6360.0,
          6420.0
        ]
      },
      "geometry": {
        "type": "LineString",
        "coordinates": [
          [
            10.880536,
            48.3854347
          ],
          [
            10.8805494,
            48.3856625
          ],
          [
            10.8797384,
            48.3857436
          ]
        ]
      }
    },
    {
      "type": "Feature",
      "properties": {
        "segment_id": 2,
        "start_stop": "3",
        "end_stop": "5",
        "bus": "21",
        "timestamps": [
          6450.0,
          6480.0,
          6510.0,
          6540.0,
          6570.0
        ]
      },
      "geometry": {
        "type": "LineString",
        "coordinates": [
          [
            10.8797384,
            48.3857436
          ],
          [
            10.878743,
            48.3860638
          ],
          [
            10.8781457,
            48.3869056
          ],
          [
            10.8765165,
            48.3861109
          ],
          [
            10.8759345,
            48.3860066
          ]
        ]
      }
    },
    {
      "type": "Feature",
      "properties": {
        "segment_id": 3,
        "start_stop": "5",
        "end_stop": "0",
        "bus": "21",
        "timestamps": [
          6600.0,
          6613.3333,
          6626.6667,
          6640.0,
          6653.3333,
          6666.6667,
          6680.0,
          6693.3333,
          6706.6667,
          6720.0
        ]
      },
      "geometry": {
        "type": "LineString",
        "coordinates": [
          [
            10.8759345,
            48.3860066
          ],
          [
            10.8753496,
            48.3860349
          ],
          [
            10.8746781,
            48.3861827
          ],
          [
            10.8743329,
            48.386298
          ],
          [
            10.8741513,
            48.3864667
          ],
          [
            10.8740157,
            48.3867597
          ],
          [
            10.8742068,
            48.3873405
          ],
          [
            10.8741075,
            48.3878595
          ],
          [
            10.8741896,
            48.3880469
          ],
          [
            10.8732728,
            48.3887574
          ]
        ]
      }
    },
    {
      "type": "Feature",
      "properties": {
        "segment_id": 4,
        "start_stop": "0",
        "end_stop": "7",
        "bus": "21",
        "timestamps": [
          6750.0,
          6810.0,
          6870.0
        ]
      },
      "geometry": {
        "type": "LineString",
        "coordinates": [
          [
            10.8732728,
            48.3887574
          ],
          [
            10.8704372,
            48.3896183
          ],
          [
            10.867667,
            48.389879
          ]
        ]
      }
    },
    {
      "type": "Feature",
      "properties": {
        "segment_id": 5,
        "start_stop": "7",
        "end_stop": "15",
        "bus": "21",
        "timestamps": [
          6900.0,
          6960.0,
          7020.0
        ]
      },
      "geometry": {
        "type": "LineString",
        "coordinates": [
          [
            10.867667,
            48.389879
          ],
          [
            10.8669123,
            48.3899262
          ],
          [
            10.8643218,
            48.3903426
          ]
        ]
      }
    },
    {
      "type": "Feature",
      "properties": {
        "segment_id": 6,
        "start_stop": "15",
        "end_stop": "8",
        "bus": "21",
        "timestamps": [
          7050.0,
          7110.0,
          7170.0
        ]
      },
      "geometry": {
        "type": "LineString",
        "coordinates": [
          [
            10.8643218,
            48.3903426
          ],
          [
            10.8610588,
            48.3909559
          ],
          [
            10.8569736,
            48.3914651
          ]
        ]
      }
    },
    {
      "type": "Feature",
      "properties": {
        "segment_id": 7,
        "start_stop": "8",
        "end_stop": "9",
        "bus": "21",
        "timestamps": [
          7200.0,
          7224.0,
          7248.0,
          7272.0,
          7296.0,
          7320.0
        ]
      },
      "geometry": {
        "type": "LineString",
        "coordinates": [
          [
            10.8569736,
            48.3914651
          ],
          [
            10.8556793,
            48.3916281
          ],
          [
            10.856553,
            48.3936507
          ],
          [
            10.8565793,
            48.3939265
          ],
          [
            10.857261,
            48.3949822
          ],
          [
            10.857833,
            48.39561
          ]
        ]
      }
    },
    {
      "type": "Feature",
      "properties": {
        "segment_id": 8,
        "start_stop": "9",
        "end_stop": "10",
        "bus": "21",
        "timestamps": [
          7350.0,
          7410.0,
          7470.0
        ]
      },
      "geometry": {
        "type": "LineString",
        "coordinates": [
          [
            10.857833,
            48.39561
          ],
          [
            10.8590533,
            48.3965505
          ],
          [
            10.858453,
            48.3970249
          ]
        ]
      }
    },
    {
      "type": "Feature",
      "properties": {
        "segment_id": 9,
        "start_stop": "10",
        "end_stop": "6",
        "bus": "21",
        "timestamps": [
          7500.0,
          7524.0,
          7548.0,
          7572.0,
          7596.0,
          7620.0
        ]
      },
      "geometry": {
        "type": "LineString",
        "coordinates": [
          [
            10.858453,
            48.3970249
          ],
          [
            10.858309,
            48.3971657
          ],
          [
            10.8583849,
            48.3972821
          ],
          [
            10.8582255,
            48.3973028
          ],
          [
            10.8577941,
            48.3975915
          ],
          [
            10.8550093,
            48.3996518
          ]
        ]
      }
    },
    {
      "type": "Feature",
      "properties": {
        "segment_id": 10,
        "start_stop": "6",
        "end_stop": "11",
        "bus": "21",
        "timestamps": [
          7650.0,
          7674.0,
          7698.0,
          7722.0,
          7746.0,
          7770.0
        ]
      },
      "geometry": {
        "type": "LineString",
        "coordinates": [
          [
            10.8550093,
            48.3996518
          ],
          [
            10.8543866,
            48.4002543
          ],
          [
            10.8530759,
            48.4022931
          ],
          [
            10.8526757,
            48.4027439
          ],
          [
            10.8517343,
            48.4035341
          ],
          [
            10.8512316,
            48.4032726
          ]
        ]
      }
    },
    {
      "type": "Feature",
      "properties": {
        "segment_id": 11,
        "start_stop": "11",
        "end_stop": "12",
        "bus": "21",
        "timestamps": [
          7800.0,
          7860.0,
          7920.0
        ]
      },
      "geometry": {
        "type": "LineString",
        "coordinates": [
          [
            10.8512316,
            48.4032726
          ],
          [
            10.8494497,
            48.402288
          ],
          [
            10.8487649,
            48.4017603
          ]
        ]
      }
    },
    {
      "type": "Feature",
      "properties": {
        "segment_id": 12,
        "start_stop": "12",
        "end_stop": "13",
        "bus": "21",
        "timestamps": [
          7950.0,
          7990.0,
          8030.0,
          8070.0
        ]
      },
      "geometry": {
        "type": "LineString",
        "coordinates": [
          [
            10.8487649,
            48.4017603
          ],
          [
            10.8482456,
            48.4011453
          ],
          [
            10.8479231,
            48.4004777
          ],
          [
            10.8475167,
            48.3979823
          ]
        ]
      }
    },
    {
      "type": "Feature",
      "properties": {
        "segment_id": 13,
        "start_stop": "13",
        "end_stop": "2",
        "bus": "21",
        "timestamps": [
          8100.0,
          8160.0,
          8220.0
        ]
      },
      "geometry": {
        "type": "LineString",
        "coordinates": [
          [
            10.8475167,
            48.3979823
          ],
          [
            10.8474317,
            48.3974153
          ],
          [
            10.8474322,
            48.3947956
          ]
        ]
      }
    },
    {
      "type": "Feature",
      "properties": {
        "segment_id": 14,
        "start_stop": "2",
        "end_stop": "14",
        "bus": "21",
        "timestamps": [
          8250.0,
          8310.0,
          8370.0
        ]
      },
      "geometry": {
        "type": "LineString",
        "coordinates": [
          [
            10.8474322,
            48.3947956
          ],
          [
            10.8474376,
            48.3945731
          ],
          [
            10.8479093,
            48.3945742
          ]
        ]
      }
    },
    {
      "type": "Feature",
      "properties": {
        "segment_id": 15,
        "start_stop": "14",
        "end_stop": "4",
        "bus": "21",
        "timestamps": [
          8400.0,
          8430.0,
          8460.0,
          8490.0,
          8520.0
        ]
      },
      "geometry": {
        "type": "LineString",
        "coordinates": [
          [
            10.8479093,
            48.3945742
          ],
          [
            10.8497467,
            48.3945784
          ],
          [
            10.84964,
            48.393837
          ],
          [
            10.8492254,
            48.3930961
          ],
          [
            10.8487805,
            48.3932452
          ]
        ]
      }
    },
    {
      "type": "Feature",
      "properties": {
        "segment_id": 16,
        "start_stop": "4",
        "end_stop": "End",
        "bus": "21",
        "timestamps": [
          8550.0,
          8610.0,
          8670.0
        ]
      },
      "geometry": {
        "type": "LineString",
        "coordinates": [
          [
            10.8487805,
            48.3932452
          ],
          [
            10.8473782,
            48.393793
          ],
          [
            10.8474376,
            48.3945731
          ]
        ]
      }
    },
    {
      "type": "Feature",
      "properties": {
        "segment_id": 1,
        "start_stop": "Start",
        "end_stop": "13",
        "bus": "21",
        "timestamps": [
          1500.0,
          1620.0
        ]
      },
      "geometry": {
        "type": "LineString",
        "coordinates": [
          [
            10.8474322,
            48.3947956
          ],
          [
            10.84743,
            48.3972687
          ]
        ]
      }
    },
    {
      "type": "Feature",
      "properties": {
        "segment_id": 2,
        "start_stop": "13",
        "end_stop": "12",
        "bus": "21",
        "timestamps": [
          1620.0,
          1740.0
        ]
      },
      "geometry": {
        "type": "LineString",
        "coordinates": [
          [
            10.84743,
            48.3972687
          ],
          [
            10.8477771,
            48.3997928
          ]
        ]
      }
    },
    {
      "type": "Feature",
      "properties": {
        "segment_id": 3,
        "start_stop": "12",
        "end_stop": "4",
        "bus": "21",
        "timestamps": [
          1740.0,
          1760.0,
          1780.0,
          1800.0,
          1820.0,
          1840.0,
          1860.0
        ]
      },
      "geometry": {
        "type": "LineString",
        "coordinates": [
          [
            10.8477771,
            48.3997928
          ],
          [
            10.8479231,
            48.4004777
          ],
          [
            10.8481559,
            48.401007
          ],
          [
            10.848633,
            48.4016331
          ],
          [
            10.8491291,
            48.4020612
          ],
          [
            10.8517343,
            48.4035341
          ],
          [
            10.8521651,
            48.403192
          ]
        ]
      }
    },
    {
      "type": "Feature",
      "properties": {
        "segment_id": 4,
        "start_stop": "4",
        "end_stop": "6",
        "bus": "21",
        "timestamps": [
          1860.0,
          1890.0,
          1920.0,
          1950.0,
          1980.0
        ]
      },
      "geometry": {
        "type": "LineString",
        "coordinates": [
          [
            10.8521651,
            48.403192
          ],
          [
            10.8530759,
            48.4022931
          ],
          [
            10.8543866,
            48.4002543
          ],
          [
            10.8547933,
            48.3998267
          ],
          [
            10.8556656,
            48.3991281
          ]
        ]
      }
    },
    {
      "type": "Feature",
      "properties": {
        "segment_id": 5,
        "start_stop": "6",
        "end_stop": "11",
        "bus": "21",
        "timestamps": [
          1980.0,
          2010.0,
          2040.0,
          2070.0,
          2100.0
        ]
      },
      "geometry": {
        "type": "LineString",
        "coordinates": [
          [
            10.8556656,
            48.3991281
          ],
          [
            10.8581671,
            48.3973583
          ],
          [
            10.8582255,
            48.3973028
          ],
          [
            10.8581881,
            48.3972058
          ],
          [
            10.8587188,
            48.3968243
          ]
        ]
      }
    },
    {
      "type": "Feature",
      "properties": {
        "segment_id": 6,
        "start_stop": "11",
        "end_stop": "0",
        "bus": "21",
        "timestamps": [
          2100.0,
          2140.0,
          2180.0,
          2220.0
        ]
      },
      "geometry": {
        "type": "LineString",
        "coordinates": [
          [
            10.8587188,
            48.3968243
          ],
          [
            10.8590533,
            48.3965505
          ],
          [
            10.8581528,
            48.395913
          ],
          [
            10.8574904,
            48.3952578
          ]
        ]
      }
    },
    {
      "type": "Feature",
      "properties": {
        "segment_id": 7,
        "start_stop": "0",
        "end_stop": "8",
        "bus": "21",
        "timestamps": [
          2220.0,
          2250.0,
          2280.0,
          2310.0,
          2340.0
        ]
      },
      "geometry": {
        "type": "LineString",
        "coordinates": [
          [
            10.8574904,
            48.3952578
          ],
          [
            10.8565793,
            48.3939265
          ],
          [
            10.856553,
            48.3936507
          ],
          [
            10.8556793,
            48.3916281
          ],
          [
            10.8568889,
            48.3914761
          ]
        ]
      }
    },
    {
      "type": "Feature",
      "properties": {
        "segment_id": 8,
        "start_stop": "8",
        "end_stop": "10",
        "bus": "21",
        "timestamps": [
          2340.0,
          2400.0,
          2460.0
        ]
      },
      "geometry": {
        "type": "LineString",
        "coordinates": [
          [
            10.8568889,
            48.3914761
          ],
          [
            10.8604599,
            48.3910228
          ],
          [
            10.8644631,
            48.3903174
          ]
        ]
      }
    },
    {
      "type": "Feature",
      "properties": {
        "segment_id": 9,
        "start_stop": "10",
        "end_stop": "9",
        "bus": "21",
        "timestamps": [
          2460.0,
          2472.0,
          2484.0,
          2496.0,
          2508.0,
          2520.0,
          2532.0,
          2544.0,
          2556.0,
          2568.0,
          2580.0
        ]
      },
      "geometry": {
        "type": "LineString",
        "coordinates": [
          [
            10.8644631,
            48.3903174
          ],
          [
            10.8648039,
            48.3902581
          ],
          [
            10.8643563,
            48.3889684
          ],
          [
            10.8639907,
            48.3886374
          ],
          [
            10.8630395,
            48.3883727
          ],
          [
            10.86278,
            48.3881797
          ],
          [
            10.8622986,
            48.3871939
          ],
          [
            10.862253,
            48.3869385
          ],
          [
            10.8624428,
            48.3866231
          ],
          [
            10.8627796,
            48.3864348
          ],
          [
            10.8647738,
            48.3862274
          ]
        ]
      }
    },
    {
      "type": "Feature",
      "properties": {
        "segment_id": 10,
        "start_stop": "9",
        "end_stop": "7",
        "bus": "21",
        "timestamps": [
          2580.0,
          2592.0,
          2604.0,
          2616.0,
          2628.0,
          2640.0,
          2652.0,
          2664.0,
          2676.0,
          2688.0,
          2700.0
        ]
      },
      "geometry": {
        "type": "LineString",
        "coordinates": [
          [
            10.8647738,
            48.3862274
          ],
          [
            10.8685605,
            48.3858817
          ],
          [
            10.8686027,
            48.3860181
          ],
          [
            10.8691232,
            48.3866042
          ],
          [
            10.8692175,
            48.3871014
          ],
          [
            10.8690664,
            48.3875528
          ],
          [
            10.8683385,
            48.3884621
          ],
          [
            10.868266,
            48.3888369
          ],
          [
            10.8683118,
            48.3893469
          ],
          [
            10.8684113,
            48.3898333
          ],
          [
            10.8691502,
            48.3897761
          ]
        ]
      }
    },
    {
      "type": "Feature",
      "properties": {
        "segment_id": 11,
        "start_stop": "7",
        "end_stop": "5",
        "bus": "21",
        "timestamps": [
          2700.0,
          2730.0,
          2760.0,
          2790.0,
          2820.0
        ]
      },
      "geometry": {
        "type": "LineString",
        "coordinates": [
          [
            10.8691502,
            48.3897761
          ],
          [
            10.8704372,
            48.3896183
          ],
          [
            10.8731152,
            48.3888286
          ],
          [
            10.873388,
            48.3886867
          ],
          [
            10.8739171,
            48.3882095
          ]
        ]
      }
    },
    {
      "type": "Feature",
      "properties": {
        "segment_id": 12,
        "start_stop": "5",
        "end_stop": "1",
        "bus": "21",
        "timestamps": [
          2820.0,
          2830.9091,
          2841.8182,
          2852.7273,
          2863.6364,
          2874.5455,
          2885.4545,
          2896.3636,
          2907.2727,
          2918.1818,
          2929.0909,
          2940.0
        ]
      },
      "geometry": {
        "type": "LineString",
        "coordinates": [
          [
            10.8739171,
            48.3882095
          ],
          [
            10.8741896,
            48.3880469
          ],
          [
            10.8741075,
            48.3878595
          ],
          [
            10.8742068,
            48.3873405
          ],
          [
            10.8740157,
            48.3867597
          ],
          [
            10.8740967,
            48.3865439
          ],
          [
            10.8743329,
            48.386298
          ],
          [
            10.8751875,
            48.3860603
          ],
          [
            10.8761077,
            48.3860058
          ],
          [
            10.87641,
            48.3859135
          ],
          [
            10.8764349,
            48.3855686
          ],
          [
            10.8770296,
            48.3855718
          ]
        ]
      }
    },
    {
      "type": "Feature",
      "properties": {
        "segment_id": 13,
        "start_stop": "1",
        "end_stop": "End",
        "bus": "21",
        "timestamps": [
          2940.0,
          2960.0,
          2980.0,
          3000.0,
          3020.0,
          3040.0,
          3060.0
        ]
      },
      "geometry": {
        "type": "LineString",
        "coordinates": [
          [
            10.8770296,
            48.3855718
          ],
          [
            10.8786737,
            48.3860745
          ],
          [
            10.8792489,
            48.385815
          ],
          [
            10.8803345,
            48.3855217
          ],
          [
            10.8802305,
            48.3849896
          ],
          [
            10.8805469,
            48.3850053
          ],
          [
            10.880536,
            48.3854347
          ]
        ]
      }
    },
    {
      "type": "Feature",
      "properties": {
        "segment_id": 1,
        "start_stop": "Start",
        "end_stop": "13",
        "bus": "21",
        "timestamps": [
          1500.0,
          1620.0
        ]
      },
      "geometry": {
        "type": "LineString",
        "coordinates": [
          [
            10.8474322,
            48.3947956
          ],
          [
            10.84743,
            48.3972687
          ]
        ]
      }
    },
    {
      "type": "Feature",
      "properties": {
        "segment_id": 2,
        "start_stop": "13",
        "end_stop": "12",
        "bus": "21",
        "timestamps": [
          1650.0,
          1770.0
        ]
      },
      "geometry": {
        "type": "LineString",
        "coordinates": [
          [
            10.84743,
            48.3972687
          ],
          [
            10.8477771,
            48.3997928
          ]
        ]
      }
    },
    {
      "type": "Feature",
      "properties": {
        "segment_id": 3,
        "start_stop": "12",
        "end_stop": "4",
        "bus": "21",
        "timestamps": [
          1800.0,
          1820.0,
          1840.0,
          1860.0,
          1880.0,
          1900.0,
          1920.0
        ]
      },
      "geometry": {
        "type": "LineString",
        "coordinates": [
          [
            10.8477771,
            48.3997928
          ],
          [
            10.8479231,
            48.4004777
          ],
          [
            10.8481559,
            48.401007
          ],
          [
            10.848633,
            48.4016331
          ],
          [
            10.8491291,
            48.4020612
          ],
          [
            10.8517343,
            48.4035341
          ],
          [
            10.8521651,
            48.403192
          ]
        ]
      }
    },
    {
      "type": "Feature",
      "properties": {
        "segment_id": 4,
        "start_stop": "4",
        "end_stop": "6",
        "bus": "21",
        "timestamps": [
          1950.0,
          1980.0,
          2010.0,
          2040.0,
          2070.0
        ]
      },
      "geometry": {
        "type": "LineString",
        "coordinates": [
          [
            10.8521651,
            48.403192
          ],
          [
            10.8530759,
            48.4022931
          ],
          [
            10.8543866,
            48.4002543
          ],
          [
            10.8547933,
            48.3998267
          ],
          [
            10.8556656,
            48.3991281
          ]
        ]
      }
    },
    {
      "type": "Feature",
      "properties": {
        "segment_id": 5,
        "start_stop": "6",
        "end_stop": "11",
        "bus": "21",
        "timestamps": [
          2100.0,
          2130.0,
          2160.0,
          2190.0,
          2220.0
        ]
      },
      "geometry": {
        "type": "LineString",
        "coordinates": [
          [
            10.8556656,
            48.3991281
          ],
          [
            10.8581671,
            48.3973583
          ],
          [
            10.8582255,
            48.3973028
          ],
          [
            10.8581881,
            48.3972058
          ],
          [
            10.8587188,
            48.3968243
          ]
        ]
      }
    },
    {
      "type": "Feature",
      "properties": {
        "segment_id": 6,
        "start_stop": "11",
        "end_stop": "0",
        "bus": "21",
        "timestamps": [
          2250.0,
          2290.0,
          2330.0,
          2370.0
        ]
      },
      "geometry": {
        "type": "LineString",
        "coordinates": [
          [
            10.8587188,
            48.3968243
          ],
          [
            10.8590533,
            48.3965505
          ],
          [
            10.8581528,
            48.395913
          ],
          [
            10.8574904,
            48.3952578
          ]
        ]
      }
    },
    {
      "type": "Feature",
      "properties": {
        "segment_id": 7,
        "start_stop": "0",
        "end_stop": "8",
        "bus": "21",
        "timestamps": [
          2400.0,
          2430.0,
          2460.0,
          2490.0,
          2520.0
        ]
      },
      "geometry": {
        "type": "LineString",
        "coordinates": [
          [
            10.8574904,
            48.3952578
          ],
          [
            10.8565793,
            48.3939265
          ],
          [
            10.856553,
            48.3936507
          ],
          [
            10.8556793,
            48.3916281
          ],
          [
            10.8568889,
            48.3914761
          ]
        ]
      }
    },
    {
      "type": "Feature",
      "properties": {
        "segment_id": 8,
        "start_stop": "8",
        "end_stop": "10",
        "bus": "21",
        "timestamps": [
          2550.0,
          2610.0,
          2670.0
        ]
      },
      "geometry": {
        "type": "LineString",
        "coordinates": [
          [
            10.8568889,
            48.3914761
          ],
          [
            10.8604599,
            48.3910228
          ],
          [
            10.8644631,
            48.3903174
          ]
        ]
      }
    },
    {
      "type": "Feature",
      "properties": {
        "segment_id": 9,
        "start_stop": "10",
        "end_stop": "9",
        "bus": "21",
        "timestamps": [
          2700.0,
          2712.0,
          2724.0,
          2736.0,
          2748.0,
          2760.0,
          2772.0,
          2784.0,
          2796.0,
          2808.0,
          2820.0
        ]
      },
      "geometry": {
        "type": "LineString",
        "coordinates": [
          [
            10.8644631,
            48.3903174
          ],
          [
            10.8648039,
            48.3902581
          ],
          [
            10.8643563,
            48.3889684
          ],
          [
            10.8639907,
            48.3886374
          ],
          [
            10.8630395,
            48.3883727
          ],
          [
            10.86278,
            48.3881797
          ],
          [
            10.8622986,
            48.3871939
          ],
          [
            10.862253,
            48.3869385
          ],
          [
            10.8624428,
            48.3866231
          ],
          [
            10.8627796,
            48.3864348
          ],
          [
            10.8647738,
            48.3862274
          ]
        ]
      }
    },
    {
      "type": "Feature",
      "properties": {
        "segment_id": 10,
        "start_stop": "9",
        "end_stop": "7",
        "bus": "21",
        "timestamps": [
          2850.0,
          2862.0,
          2874.0,
          2886.0,
          2898.0,
          2910.0,
          2922.0,
          2934.0,
          2946.0,
          2958.0,
          2970.0
        ]
      },
      "geometry": {
        "type": "LineString",
        "coordinates": [
          [
            10.8647738,
            48.3862274
          ],
          [
            10.8685605,
            48.3858817
          ],
          [
            10.8686027,
            48.3860181
          ],
          [
            10.8691232,
            48.3866042
          ],
          [
            10.8692175,
            48.3871014
          ],
          [
            10.8690664,
            48.3875528
          ],
          [
            10.8683385,
            48.3884621
          ],
          [
            10.868266,
            48.3888369
          ],
          [
            10.8683118,
            48.3893469
          ],
          [
            10.8684113,
            48.3898333
          ],
          [
            10.8691502,
            48.3897761
          ]
        ]
      }
    },
    {
      "type": "Feature",
      "properties": {
        "segment_id": 11,
        "start_stop": "7",
        "end_stop": "5",
        "bus": "21",
        "timestamps": [
          3000.0,
          3030.0,
          3060.0,
          3090.0,
          3120.0
        ]
      },
      "geometry": {
        "type": "LineString",
        "coordinates": [
          [
            10.8691502,
            48.3897761
          ],
          [
            10.8704372,
            48.3896183
          ],
          [
            10.8731152,
            48.3888286
          ],
          [
            10.873388,
            48.3886867
          ],
          [
            10.8739171,
            48.3882095
          ]
        ]
      }
    },
    {
      "type": "Feature",
      "properties": {
        "segment_id": 12,
        "start_stop": "5",
        "end_stop": "1",
        "bus": "21",
        "timestamps": [
          3150.0,
          3160.9091,
          3171.8182,
          3182.7273,
          3193.6364,
          3204.5455,
          3215.4545,
          3226.3636,
          3237.2727,
          3248.1818,
          3259.0909,
          3270.0
        ]
      },
      "geometry": {
        "type": "LineString",
        "coordinates": [
          [
            10.8739171,
            48.3882095
          ],
          [
            10.8741896,
            48.3880469
          ],
          [
            10.8741075,
            48.3878595
          ],
          [
            10.8742068,
            48.3873405
          ],
          [
            10.8740157,
            48.3867597
          ],
          [
            10.8740967,
            48.3865439
          ],
          [
            10.8743329,
            48.386298
          ],
          [
            10.8751875,
            48.3860603
          ],
          [
            10.8761077,
            48.3860058
          ],
          [
            10.87641,
            48.3859135
          ],
          [
            10.8764349,
            48.3855686
          ],
          [
            10.8770296,
            48.3855718
          ]
        ]
      }
    },
    {
      "type": "Feature",
      "properties": {
        "segment_id": 13,
        "start_stop": "1",
        "end_stop": "End",
        "bus": "21",
        "timestamps": [
          3300.0,
          3320.0,
          3340.0,
          3360.0,
          3380.0,
          3400.0,
          3420.0
        ]
      },
      "geometry": {
        "type": "LineString",
        "coordinates": [
          [
            10.8770296,
            48.3855718
          ],
          [
            10.8786737,
            48.3860745
          ],
          [
            10.8792489,
            48.385815
          ],
          [
            10.8803345,
            48.3855217
          ],
          [
            10.8802305,
            48.3849896
          ],
          [
            10.8805469,
            48.3850053
          ],
          [
            10.880536,
            48.3854347
          ]
        ]
      }
    },
    {
      "type": "Feature",
      "properties": {
        "segment_id": 1,
        "start_stop": "Start",
        "end_stop": "14",
        "bus": "22",
        "timestamps": [
          2100.0,
          2117.1429,
          2134.2857,
          2151.4286,
          2168.5714,
          2185.7143,
          2202.8571,
          2220.0
        ]
      },
      "geometry": {
        "type": "LineString",
        "coordinates": [
          [
            10.8941338,
            48.4077796
          ],
          [
            10.8936945,
            48.4078701
          ],
          [
            10.8934972,
            48.4064393
          ],
          [
            10.8934124,
            48.4063363
          ],
          [
            10.8929207,
            48.4061732
          ],
          [
            10.8926399,
            48.4048031
          ],
          [
            10.8927146,
            48.4039562
          ],
          [
            10.8935118,
            48.4019794
          ]
        ]
      }
    },
    {
      "type": "Feature",
      "properties": {
        "segment_id": 2,
        "start_stop": "14",
        "end_stop": "13",
        "bus": "22",
        "timestamps": [
          2220.0,
          2340.0
        ]
      },
      "geometry": {
        "type": "LineString",
        "coordinates": [
          [
            10.8935118,
            48.4019794
          ],
          [
            10.8962808,
            48.3980074
          ]
        ]
      }
    },
    {
      "type": "Feature",
      "properties": {
        "segment_id": 3,
        "start_stop": "13",
        "end_stop": "10",
        "bus": "22",
        "timestamps": [
          2340.0,
          2460.0
        ]
      },
      "geometry": {
        "type": "LineString",
        "coordinates": [
          [
            10.8962808,
            48.3980074
          ],
          [
            10.8982817,
            48.3952198
          ]
        ]
      }
    },
    {
      "type": "Feature",
      "properties": {
        "segment_id": 4,
        "start_stop": "10",
        "end_stop": "12",
        "bus": "22",
        "timestamps": [
          2460.0,
          2580.0
        ]
      },
      "geometry": {
        "type": "LineString",
        "coordinates": [
          [
            10.8982817,
            48.3952198
          ],
          [
            10.9020781,
            48.3914823
          ]
        ]
      }
    },
    {
      "type": "Feature",
      "properties": {
        "segment_id": 5,
        "start_stop": "12",
        "end_stop": "11",
        "bus": "22",
        "timestamps": [
          2580.0,
          2640.0,
          2700.0
        ]
      },
      "geometry": {
        "type": "LineString",
        "coordinates": [
          [
            10.9020781,
            48.3914823
          ],
          [
            10.9037252,
            48.3899035
          ],
          [
            10.9053749,
            48.3880941
          ]
        ]
      }
    },
    {
      "type": "Feature",
      "properties": {
        "segment_id": 6,
        "start_stop": "11",
        "end_stop": "8",
        "bus": "22",
        "timestamps": [
          2700.0,
          2720.0,
          2740.0,
          2760.0,
          2780.0,
          2800.0,
          2820.0
        ]
      },
      "geometry": {
        "type": "LineString",
        "coordinates": [
          [
            10.9053749,
            48.3880941
          ],
          [
            10.9067532,
            48.3865699
          ],
          [
            10.9072067,
            48.3859478
          ],
          [
            10.907374,
            48.3858963
          ],
          [
            10.9076366,
            48.3854654
          ],
          [
            10.9081316,
            48.3848942
          ],
          [
            10.9083768,
            48.384375
          ]
        ]
      }
    },
    {
      "type": "Feature",
      "properties": {
        "segment_id": 7,
        "start_stop": "8",
        "end_stop": "0",
        "bus": "22",
        "timestamps": [
          2820.0,
          2850.0,
          2880.0,
          2910.0,
          2940.0
        ]
      },
      "geometry": {
        "type": "LineString",
        "coordinates": [
          [
            10.9083768,
            48.384375
          ],
          [
            10.9088072,
            48.3834231
          ],
          [
            10.9091594,
            48.3809818
          ],
          [
            10.9096498,
            48.3802943
          ],
          [
            10.9101986,
            48.3798702
          ]
        ]
      }
    },
    {
      "type": "Feature",
      "properties": {
        "segment_id": 8,
        "start_stop": "0",
        "end_stop": "1",
        "bus": "22",
        "timestamps": [
          2940.0,
          2970.0,
          3000.0,
          3030.0,
          3060.0
        ]
      },
      "geometry": {
        "type": "LineString",
        "coordinates": [
          [
            10.9101986,
            48.3798702
          ],
          [
            10.9134439,
            48.3781349
          ],
          [
            10.9137934,
            48.3786058
          ],
          [
            10.9145195,
            48.3784033
          ],
          [
            10.9142824,
            48.3778705
          ]
        ]
      }
    },
    {
      "type": "Feature",
      "properties": {
        "segment_id": 9,
        "start_stop": "1",
        "end_stop": "9",
        "bus": "22",
        "timestamps": [
          3060.0,
          3100.0,
          3140.0,
          3180.0
        ]
      },
      "geometry": {
        "type": "LineString",
        "coordinates": [
          [
            10.9142824,
            48.3778705
          ],
          [
            10.9138549,
            48.3769258
          ],
          [
            10.9127926,
            48.3753902
          ],
          [
            10.9124101,
            48.3744899
          ]
        ]
      }
    },
    {
      "type": "Feature",
      "properties": {
        "segment_id": 10,
        "start_stop": "9",
        "end_stop": "5",
        "bus": "22",
        "timestamps": [
          3180.0,
          3220.0,
          3260.0,
          3300.0
        ]
      },
      "geometry": {
        "type": "LineString",
        "coordinates": [
          [
            10.9124101,
            48.3744899
          ],
          [
            10.9120288,
            48.3736772
          ],
          [
            10.9101932,
            48.3717465
          ],
          [
            10.9097038,
            48.3708749
          ]
        ]
      }
    },
    {
      "type": "Feature",
      "properties": {
        "segment_id": 11,
        "start_stop": "5",
        "end_stop": "4",
        "bus": "22",
        "timestamps": [
          3300.0,
          3308.0,
          3316.0,
          3324.0,
          3332.0,
          3340.0,
          3348.0,
          3356.0,
          3364.0,
          3372.0,
          3380.0,
          3388.0,
          3396.0,
          3404.0,
          3412.0,
          3420.0
        ]
      },
      "geometry": {
        "type": "LineString",
        "coordinates": [
          [
            10.9097038,
            48.3708749
          ],
          [
            10.9094312,
            48.3704219
          ],
          [
            10.9095107,
            48.3703473
          ],
          [
            10.9094802,
            48.3701541
          ],
          [
            10.9095997,
            48.3695964
          ],
          [
            10.9098199,
            48.3693691
          ],
          [
            10.9104755,
            48.3690266
          ],
          [
            10.9106285,
            48.368833
          ],
          [
            10.910665,
            48.3684989
          ],
          [
            10.9105003,
            48.3682251
          ],
          [
            10.9101374,
            48.3679874
          ],
          [
            10.9098729,
            48.3679173
          ],
          [
            10.9087578,
            48.3678391
          ],
          [
            10.9049915,
            48.3662585
          ],
          [
            10.9046585,
            48.3660056
          ],
          [
            10.904277,
            48.3658448
          ]
        ]
      }
    },
    {
      "type": "Feature",
      "properties": {
        "segment_id": 12,
        "start_stop": "4",
        "end_stop": "15",
        "bus": "22",
        "timestamps": [
          3420.0,
          3440.0,
          3460.0,
          3480.0,
          3500.0,
          3520.0,
          3540.0
        ]
      },
      "geometry": {
        "type": "LineString",
        "coordinates": [
          [
            10.904277,
            48.3658448
          ],
          [
            10.9038318,
            48.3657085
          ],
          [
            10.9043622,
            48.3648363
          ],
          [
            10.9044808,
            48.3633132
          ],
          [
            10.9047953,
            48.3621494
          ],
          [
            10.9043011,
            48.3621842
          ],
          [
            10.9034103,
            48.3620995
          ]
        ]
      }
    },
    {
      "type": "Feature",
      "properties": {
        "segment_id": 13,
        "start_stop": "15",
        "end_stop": "16",
        "bus": "22",
        "timestamps": [
          3540.0,
          3560.0,
          3580.0,
          3600.0,
          3620.0,
          3640.0,
          3660.0
        ]
      },
      "geometry": {
        "type": "LineString",
        "coordinates": [
          [
            10.9034103,
            48.3620995
          ],
          [
            10.9026514,
            48.3619477
          ],
          [
            10.9013897,
            48.3619533
          ],
          [
            10.9005538,
            48.3621726
          ],
          [
            10.9002992,
            48.362327
          ],
          [
            10.9002659,
            48.3629332
          ],
          [
            10.900116,
            48.3632816
          ]
        ]
      }
    },
    {
      "type": "Feature",
      "properties": {
        "segment_id": 14,
        "start_stop": "16",
        "end_stop": "3",
        "bus": "22",
        "timestamps": [
          3660.0,
          3675.0,
          3690.0,
          3705.0,
          3720.0,
          3735.0,
          3750.0,
          3765.0,
          3780.0
        ]
      },
      "geometry": {
        "type": "LineString",
        "coordinates": [
          [
            10.900116,
            48.3632816
          ],
          [
            10.8996113,
            48.364825
          ],
          [
            10.8996868,
            48.3648861
          ],
          [
            10.8996634,
            48.3650767
          ],
          [
            10.8995722,
            48.3652444
          ],
          [
            10.8994201,
            48.3653154
          ],
          [
            10.8986884,
            48.3669126
          ],
          [
            10.8982788,
            48.3672563
          ],
          [
            10.8974953,
            48.3670837
          ]
        ]
      }
    },
    {
      "type": "Feature",
      "properties": {
        "segment_id": 15,
        "start_stop": "3",
        "end_stop": "7",
        "bus": "22",
        "timestamps": [
          3780.0,
          3820.0,
          3860.0,
          3900.0
        ]
      },
      "geometry": {
        "type": "LineString",
        "coordinates": [
          [
            10.8974953,
            48.3670837
          ],
          [
            10.8958507,
            48.3665596
          ],
          [
            10.894765,
            48.3664357
          ],
          [
            10.8938971,
            48.3653113
          ]
        ]
      }
    },
    {
      "type": "Feature",
      "properties": {
        "segment_id": 16,
        "start_stop": "7",
        "end_stop": "End",
        "bus": "22",
        "timestamps": [
          3900.0,
          3940.0,
          3980.0,
          4020.0
        ]
      },
      "geometry": {
        "type": "LineString",
        "coordinates": [
          [
            10.8938971,
            48.3653113
          ],
          [
            10.8936888,
            48.3650812
          ],
          [
            10.8929626,
            48.3650299
          ],
          [
            10.8881204,
            48.36548
          ]
        ]
      }
    },
    {
      "type": "Feature",
      "properties": {
        "segment_id": 1,
        "start_stop": "Start",
        "end_stop": "14",
        "bus": "22",
        "timestamps": [
          2100.0,
          2117.1429,
          2134.2857,
          2151.4286,
          2168.5714,
          2185.7143,
          2202.8571,
          2220.0
        ]
      },
      "geometry": {
        "type": "LineString",
        "coordinates": [
          [
            10.8941338,
            48.4077796
          ],
          [
            10.8936945,
            48.4078701
          ],
          [
            10.8934972,
            48.4064393
          ],
          [
            10.8934124,
            48.4063363
          ],
          [
            10.8929207,
            48.4061732
          ],
          [
            10.8926399,
            48.4048031
          ],
          [
            10.8927146,
            48.4039562
          ],
          [
            10.8935118,
            48.4019794
          ]
        ]
      }
    },
    {
      "type": "Feature",
      "properties": {
        "segment_id": 2,
        "start_stop": "14",
        "end_stop": "13",
        "bus": "22",
        "timestamps": [
          2250.0,
          2370.0
        ]
      },
      "geometry": {
        "type": "LineString",
        "coordinates": [
          [
            10.8935118,
            48.4019794
          ],
          [
            10.8962808,
            48.3980074
          ]
        ]
      }
    },
    {
      "type": "Feature",
      "properties": {
        "segment_id": 3,
        "start_stop": "13",
        "end_stop": "10",
        "bus": "22",
        "timestamps": [
          2400.0,
          2520.0
        ]
      },
      "geometry": {
        "type": "LineString",
        "coordinates": [
          [
            10.8962808,
            48.3980074
          ],
          [
            10.8982817,
            48.3952198
          ]
        ]
      }
    },
    {
      "type": "Feature",
      "properties": {
        "segment_id": 4,
        "start_stop": "10",
        "end_stop": "12",
        "bus": "22",
        "timestamps": [
          2550.0,
          2670.0
        ]
      },
      "geometry": {
        "type": "LineString",
        "coordinates": [
          [
            10.8982817,
            48.3952198
          ],
          [
            10.9020781,
            48.3914823
          ]
        ]
      }
    },
    {
      "type": "Feature",
      "properties": {
        "segment_id": 5,
        "start_stop": "12",
        "end_stop": "11",
        "bus": "22",
        "timestamps": [
          2700.0,
          2760.0,
          2820.0
        ]
      },
      "geometry": {
        "type": "LineString",
        "coordinates": [
          [
            10.9020781,
            48.3914823
          ],
          [
            10.9037252,
            48.3899035
          ],
          [
            10.9053749,
            48.3880941
          ]
        ]
      }
    },
    {
      "type": "Feature",
      "properties": {
        "segment_id": 6,
        "start_stop": "11",
        "end_stop": "8",
        "bus": "22",
        "timestamps": [
          2850.0,
          2870.0,
          2890.0,
          2910.0,
          2930.0,
          2950.0,
          2970.0
        ]
      },
      "geometry": {
        "type": "LineString",
        "coordinates": [
          [
            10.9053749,
            48.3880941
          ],
          [
            10.9067532,
            48.3865699
          ],
          [
            10.9072067,
            48.3859478
          ],
          [
            10.907374,
            48.3858963
          ],
          [
            10.9076366,
            48.3854654
          ],
          [
            10.9081316,
            48.3848942
          ],
          [
            10.9083768,
            48.384375
          ]
        ]
      }
    },
    {
      "type": "Feature",
      "properties": {
        "segment_id": 7,
        "start_stop": "8",
        "end_stop": "0",
        "bus": "22",
        "timestamps": [
          3000.0,
          3030.0,
          3060.0,
          3090.0,
          3120.0
        ]
      },
      "geometry": {
        "type": "LineString",
        "coordinates": [
          [
            10.9083768,
            48.384375
          ],
          [
            10.9088072,
            48.3834231
          ],
          [
            10.9091594,
            48.3809818
          ],
          [
            10.9096498,
            48.3802943
          ],
          [
            10.9101986,
            48.3798702
          ]
        ]
      }
    },
    {
      "type": "Feature",
      "properties": {
        "segment_id": 8,
        "start_stop": "0",
        "end_stop": "1",
        "bus": "22",
        "timestamps": [
          3150.0,
          3180.0,
          3210.0,
          3240.0,
          3270.0
        ]
      },
      "geometry": {
        "type": "LineString",
        "coordinates": [
          [
            10.9101986,
            48.3798702
          ],
          [
            10.9134439,
            48.3781349
          ],
          [
            10.9137934,
            48.3786058
          ],
          [
            10.9145195,
            48.3784033
          ],
          [
            10.9142824,
            48.3778705
          ]
        ]
      }
    },
    {
      "type": "Feature",
      "properties": {
        "segment_id": 9,
        "start_stop": "1",
        "end_stop": "9",
        "bus": "22",
        "timestamps": [
          3300.0,
          3340.0,
          3380.0,
          3420.0
        ]
      },
      "geometry": {
        "type": "LineString",
        "coordinates": [
          [
            10.9142824,
            48.3778705
          ],
          [
            10.9138549,
            48.3769258
          ],
          [
            10.9127926,
            48.3753902
          ],
          [
            10.9124101,
            48.3744899
          ]
        ]
      }
    },
    {
      "type": "Feature",
      "properties": {
        "segment_id": 10,
        "start_stop": "9",
        "end_stop": "5",
        "bus": "22",
        "timestamps": [
          3450.0,
          3490.0,
          3530.0,
          3570.0
        ]
      },
      "geometry": {
        "type": "LineString",
        "coordinates": [
          [
            10.9124101,
            48.3744899
          ],
          [
            10.9120288,
            48.3736772
          ],
          [
            10.9101932,
            48.3717465
          ],
          [
            10.9097038,
            48.3708749
          ]
        ]
      }
    },
    {
      "type": "Feature",
      "properties": {
        "segment_id": 11,
        "start_stop": "5",
        "end_stop": "4",
        "bus": "22",
        "timestamps": [
          3600.0,
          3608.0,
          3616.0,
          3624.0,
          3632.0,
          3640.0,
          3648.0,
          3656.0,
          3664.0,
          3672.0,
          3680.0,
          3688.0,
          3696.0,
          3704.0,
          3712.0,
          3720.0
        ]
      },
      "geometry": {
        "type": "LineString",
        "coordinates": [
          [
            10.9097038,
            48.3708749
          ],
          [
            10.9094312,
            48.3704219
          ],
          [
            10.9095107,
            48.3703473
          ],
          [
            10.9094802,
            48.3701541
          ],
          [
            10.9095997,
            48.3695964
          ],
          [
            10.9098199,
            48.3693691
          ],
          [
            10.9104755,
            48.3690266
          ],
          [
            10.9106285,
            48.368833
          ],
          [
            10.910665,
            48.3684989
          ],
          [
            10.9105003,
            48.3682251
          ],
          [
            10.9101374,
            48.3679874
          ],
          [
            10.9098729,
            48.3679173
          ],
          [
            10.9087578,
            48.3678391
          ],
          [
            10.9049915,
            48.3662585
          ],
          [
            10.9046585,
            48.3660056
          ],
          [
            10.904277,
            48.3658448
          ]
        ]
      }
    },
    {
      "type": "Feature",
      "properties": {
        "segment_id": 12,
        "start_stop": "4",
        "end_stop": "15",
        "bus": "22",
        "timestamps": [
          3750.0,
          3770.0,
          3790.0,
          3810.0,
          3830.0,
          3850.0,
          3870.0
        ]
      },
      "geometry": {
        "type": "LineString",
        "coordinates": [
          [
            10.904277,
            48.3658448
          ],
          [
            10.9038318,
            48.3657085
          ],
          [
            10.9043622,
            48.3648363
          ],
          [
            10.9044808,
            48.3633132
          ],
          [
            10.9047953,
            48.3621494
          ],
          [
            10.9043011,
            48.3621842
          ],
          [
            10.9034103,
            48.3620995
          ]
        ]
      }
    },
    {
      "type": "Feature",
      "properties": {
        "segment_id": 13,
        "start_stop": "15",
        "end_stop": "16",
        "bus": "22",
        "timestamps": [
          3900.0,
          3920.0,
          3940.0,
          3960.0,
          3980.0,
          4000.0,
          4020.0
        ]
      },
      "geometry": {
        "type": "LineString",
        "coordinates": [
          [
            10.9034103,
            48.3620995
          ],
          [
            10.9026514,
            48.3619477
          ],
          [
            10.9013897,
            48.3619533
          ],
          [
            10.9005538,
            48.3621726
          ],
          [
            10.9002992,
            48.362327
          ],
          [
            10.9002659,
            48.3629332
          ],
          [
            10.900116,
            48.3632816
          ]
        ]
      }
    },
    {
      "type": "Feature",
      "properties": {
        "segment_id": 14,
        "start_stop": "16",
        "end_stop": "3",
        "bus": "22",
        "timestamps": [
          4050.0,
          4065.0,
          4080.0,
          4095.0,
          4110.0,
          4125.0,
          4140.0,
          4155.0,
          4170.0
        ]
      },
      "geometry": {
        "type": "LineString",
        "coordinates": [
          [
            10.900116,
            48.3632816
          ],
          [
            10.8996113,
            48.364825
          ],
          [
            10.8996868,
            48.3648861
          ],
          [
            10.8996634,
            48.3650767
          ],
          [
            10.8995722,
            48.3652444
          ],
          [
            10.8994201,
            48.3653154
          ],
          [
            10.8986884,
            48.3669126
          ],
          [
            10.8982788,
            48.3672563
          ],
          [
            10.8974953,
            48.3670837
          ]
        ]
      }
    },
    {
      "type": "Feature",
      "properties": {
        "segment_id": 15,
        "start_stop": "3",
        "end_stop": "7",
        "bus": "22",
        "timestamps": [
          4200.0,
          4240.0,
          4280.0,
          4320.0
        ]
      },
      "geometry": {
        "type": "LineString",
        "coordinates": [
          [
            10.8974953,
            48.3670837
          ],
          [
            10.8958507,
            48.3665596
          ],
          [
            10.894765,
            48.3664357
          ],
          [
            10.8938971,
            48.3653113
          ]
        ]
      }
    },
    {
      "type": "Feature",
      "properties": {
        "segment_id": 16,
        "start_stop": "7",
        "end_stop": "End",
        "bus": "22",
        "timestamps": [
          4350.0,
          4390.0,
          4430.0,
          4470.0
        ]
      },
      "geometry": {
        "type": "LineString",
        "coordinates": [
          [
            10.8938971,
            48.3653113
          ],
          [
            10.8936888,
            48.3650812
          ],
          [
            10.8929626,
            48.3650299
          ],
          [
            10.8881204,
            48.36548
          ]
        ]
      }
    },
    {
      "type": "Feature",
      "properties": {
        "segment_id": 1,
        "start_stop": "Start",
        "end_stop": "12",
        "bus": "23",
        "timestamps": [
          3000.0,
          3017.1429,
          3034.2857,
          3051.4286,
          3068.5714,
          3085.7143,
          3102.8571,
          3120.0
        ]
      },
      "geometry": {
        "type": "LineString",
        "coordinates": [
          [
            10.8938012,
            48.4061743
          ],
          [
            10.8934668,
            48.4062495
          ],
          [
            10.8934124,
            48.4063363
          ],
          [
            10.8929656,
            48.4062113
          ],
          [
            10.8927704,
            48.4056117
          ],
          [
            10.892636,
            48.4043992
          ],
          [
            10.8927146,
            48.4039562
          ],
          [
            10.8932134,
            48.4026646
          ]
        ]
      }
    },
    {
      "type": "Feature",
      "properties": {
        "segment_id": 2,
        "start_stop": "12",
        "end_stop": "13",
        "bus": "23",
        "timestamps": [
          3120.0,
          3180.0,
          3240.0
        ]
      },
      "geometry": {
        "type": "LineString",
        "coordinates": [
          [
            10.8932134,
            48.4026646
          ],
          [
            10.8932383,
            48.4025935
          ],
          [
            10.8983075,
            48.4032376
          ]
        ]
      }
    },
    {
      "type": "Feature",
      "properties": {
        "segment_id": 3,
        "start_stop": "13",
        "end_stop": "23",
        "bus": "23",
        "timestamps": [
          3240.0,
          3280.0,
          3320.0,
          3360.0
        ]
      },
      "geometry": {
        "type": "LineString",
        "coordinates": [
          [
            10.8983075,
            48.4032376
          ],
          [
            10.903216,
            48.4038998
          ],
          [
            10.9033617,
            48.4038584
          ],
          [
            10.9055617,
            48.4042254
          ]
        ]
      }
    },
    {
      "type": "Feature",
      "properties": {
        "segment_id": 5,
        "start_stop": "2",
        "end_stop": "14",
        "bus": "23",
        "timestamps": [
          3360.0,
          3420.0,
          3480.0
        ]
      },
      "geometry": {
        "type": "LineString",
        "coordinates": [
          [
            10.9109419,
            48.402436
          ],
          [
            10.9117038,
            48.401426
          ],
          [
            10.9141644,
            48.3990238
          ]
        ]
      }
    },
    {
      "type": "Feature",
      "properties": {
        "segment_id": 6,
        "start_stop": "14",
        "end_stop": "15",
        "bus": "23",
        "timestamps": [
          3480.0,
          3520.0,
          3560.0,
          3600.0
        ]
      },
      "geometry": {
        "type": "LineString",
        "coordinates": [
          [
            10.9141644,
            48.3990238
          ],
          [
            10.9148412,
            48.3982242
          ],
          [
            10.9103718,
            48.3972692
          ],
          [
            10.9105958,
            48.3959605
          ]
        ]
      }
    },
    {
      "type": "Feature",
      "properties": {
        "segment_id": 7,
        "start_stop": "15",
        "end_stop": "16",
        "bus": "23",
        "timestamps": [
          3600.0,
          3640.0,
          3680.0,
          3720.0
        ]
      },
      "geometry": {
        "type": "LineString",
        "coordinates": [
          [
            10.9105958,
            48.3959605
          ],
          [
            10.9106206,
            48.3957677
          ],
          [
            10.9127768,
            48.3961896
          ],
          [
            10.9146007,
            48.3963918
          ]
        ]
      }
    },
    {
      "type": "Feature",
      "properties": {
        "segment_id": 8,
        "start_stop": "16",
        "end_stop": "20",
        "bus": "23",
        "timestamps": [
          3720.0,
          3760.0,
          3800.0,
          3840.0
        ]
      },
      "geometry": {
        "type": "LineString",
        "coordinates": [
          [
            10.9146007,
            48.3963918
          ],
          [
            10.9154765,
            48.3964918
          ],
          [
            10.9155256,
            48.3958808
          ],
          [
            10.9153742,
            48.3951479
          ]
        ]
      }
    },
    {
      "type": "Feature",
      "properties": {
        "segment_id": 9,
        "start_stop": "20",
        "end_stop": "10",
        "bus": "23",
        "timestamps": [
          3840.0,
          3870.0,
          3900.0,
          3930.0,
          3960.0
        ]
      },
      "geometry": {
        "type": "LineString",
        "coordinates": [
          [
            10.9153742,
            48.3951479
          ],
          [
            10.915131,
            48.3941858
          ],
          [
            10.9150065,
            48.3928745
          ],
          [
            10.9151397,
            48.3912137
          ],
          [
            10.9152742,
            48.3905333
          ]
        ]
      }
    },
    {
      "type": "Feature",
      "properties": {
        "segment_id": 10,
        "start_stop": "10",
        "end_stop": "17",
        "bus": "23",
        "timestamps": [
          3960.0,
          3990.0,
          4020.0,
          4050.0,
          4080.0
        ]
      },
      "geometry": {
        "type": "LineString",
        "coordinates": [
          [
            10.9152742,
            48.3905333
          ],
          [
            10.9154782,
            48.3890301
          ],
          [
            10.9156389,
            48.3886317
          ],
          [
            10.9161236,
            48.3877353
          ],
          [
            10.9165527,
            48.3878803
          ]
        ]
      }
    },
    {
      "type": "Feature",
      "properties": {
        "segment_id": 11,
        "start_stop": "17",
        "end_stop": "18",
        "bus": "23",
        "timestamps": [
          4080.0,
          4140.0,
          4200.0
        ]
      },
      "geometry": {
        "type": "LineString",
        "coordinates": [
          [
            10.9165527,
            48.3878803
          ],
          [
            10.920827,
            48.3889756
          ],
          [
            10.9212246,
            48.3882263
          ]
        ]
      }
    },
    {
      "type": "Feature",
      "properties": {
        "segment_id": 12,
        "start_stop": "18",
        "end_stop": "19",
        "bus": "23",
        "timestamps": [
          4200.0,
          4240.0,
          4280.0,
          4320.0
        ]
      },
      "geometry": {
        "type": "LineString",
        "coordinates": [
          [
            10.9212246,
            48.3882263
          ],
          [
            10.9220948,
            48.3869545
          ],
          [
            10.923735,
            48.3850226
          ],
          [
            10.9228813,
            48.3847941
          ]
        ]
      }
    },
    {
      "type": "Feature",
      "properties": {
        "segment_id": 13,
        "start_stop": "19",
        "end_stop": "22",
        "bus": "23",
        "timestamps": [
          4320.0,
          4440.0
        ]
      },
      "geometry": {
        "type": "LineString",
        "coordinates": [
          [
            10.9228813,
            48.3847941
          ],
          [
            10.9182973,
            48.3834946
          ]
        ]
      }
    },
    {
      "type": "Feature",
      "properties": {
        "segment_id": 14,
        "start_stop": "22",
        "end_stop": "4",
        "bus": "23",
        "timestamps": [
          4440.0,
          4457.1429,
          4474.2857,
          4491.4286,
          4508.5714,
          4525.7143,
          4542.8571,
          4560.0
        ]
      },
      "geometry": {
        "type": "LineString",
        "coordinates": [
          [
            10.9182973,
            48.3834946
          ],
          [
            10.917936,
            48.3834003
          ],
          [
            10.9174086,
            48.3834204
          ],
          [
            10.9171905,
            48.3828772
          ],
          [
            10.9163433,
            48.3814231
          ],
          [
            10.916032,
            48.3811826
          ],
          [
            10.9160927,
            48.3811099
          ],
          [
            10.9157206,
            48.3807189
          ]
        ]
      }
    },
    {
      "type": "Feature",
      "properties": {
        "segment_id": 15,
        "start_stop": "4",
        "end_stop": "1",
        "bus": "23",
        "timestamps": [
          4560.0,
          4600.0,
          4640.0,
          4680.0
        ]
      },
      "geometry": {
        "type": "LineString",
        "coordinates": [
          [
            10.9157206,
            48.3807189
          ],
          [
            10.9153754,
            48.3802812
          ],
          [
            10.9150017,
            48.3796125
          ],
          [
            10.9142824,
            48.3778705
          ]
        ]
      }
    },
    {
      "type": "Feature",
      "properties": {
        "segment_id": 16,
        "start_stop": "1",
        "end_stop": "8",
        "bus": "23",
        "timestamps": [
          4680.0,
          4720.0,
          4760.0,
          4800.0
        ]
      },
      "geometry": {
        "type": "LineString",
        "coordinates": [
          [
            10.9142824,
            48.3778705
          ],
          [
            10.9138549,
            48.3769258
          ],
          [
            10.9127926,
            48.3753902
          ],
          [
            10.9124101,
            48.3744899
          ]
        ]
      }
    },
    {
      "type": "Feature",
      "properties": {
        "segment_id": 17,
        "start_stop": "8",
        "end_stop": "5",
        "bus": "23",
        "timestamps": [
          4800.0,
          4840.0,
          4880.0,
          4920.0
        ]
      },
      "geometry": {
        "type": "LineString",
        "coordinates": [
          [
            10.9124101,
            48.3744899
          ],
          [
            10.9120288,
            48.3736772
          ],
          [
            10.9101932,
            48.3717465
          ],
          [
            10.9097038,
            48.3708749
          ]
        ]
      }
    },
    {
      "type": "Feature",
      "properties": {
        "segment_id": 18,
        "start_stop": "5",
        "end_stop": "0",
        "bus": "23",
        "timestamps": [
          4920.0,
          4944.0,
          4968.0,
          4992.0,
          5016.0,
          5040.0
        ]
      },
      "geometry": {
        "type": "LineString",
        "coordinates": [
          [
            10.9097038,
            48.3708749
          ],
          [
            10.9094671,
            48.3704486
          ],
          [
            10.9092102,
            48.3703622
          ],
          [
            10.9080719,
            48.3703753
          ],
          [
            10.9061315,
            48.3701209
          ],
          [
            10.9048742,
            48.3702842
          ]
        ]
      }
    },
    {
      "type": "Feature",
      "properties": {
        "segment_id": 19,
        "start_stop": "0",
        "end_stop": "6",
        "bus": "23",
        "timestamps": [
          5040.0,
          5080.0,
          5120.0,
          5160.0
        ]
      },
      "geometry": {
        "type": "LineString",
        "coordinates": [
          [
            10.9048742,
            48.3702842
          ],
          [
            10.9035524,
            48.3703518
          ],
          [
            10.902243,
            48.3706033
          ],
          [
            10.9013338,
            48.37067
          ]
        ]
      }
    },
    {
      "type": "Feature",
      "properties": {
        "segment_id": 20,
        "start_stop": "6",
        "end_stop": "21",
        "bus": "23",
        "timestamps": [
          5160.0,
          5220.0,
          5280.0
        ]
      },
      "geometry": {
        "type": "LineString",
        "coordinates": [
          [
            10.9013338,
            48.37067
          ],
          [
            10.8984191,
            48.370579
          ],
          [
            10.897199,
            48.3703969
          ]
        ]
      }
    },
    {
      "type": "Feature",
      "properties": {
        "segment_id": 21,
        "start_stop": "21",
        "end_stop": "9",
        "bus": "23",
        "timestamps": [
          5280.0,
          5304.0,
          5328.0,
          5352.0,
          5376.0,
          5400.0
        ]
      },
      "geometry": {
        "type": "LineString",
        "coordinates": [
          [
            10.897199,
            48.3703969
          ],
          [
            10.8966359,
            48.3702282
          ],
          [
            10.8924912,
            48.3696867
          ],
          [
            10.8923747,
            48.3695185
          ],
          [
            10.8928391,
            48.3691847
          ],
          [
            10.8930545,
            48.3688205
          ]
        ]
      }
    },
    {
      "type": "Feature",
      "properties": {
        "segment_id": 22,
        "start_stop": "9",
        "end_stop": "3",
        "bus": "23",
        "timestamps": [
          5400.0,
          5424.0,
          5448.0,
          5472.0,
          5496.0,
          5520.0
        ]
      },
      "geometry": {
        "type": "LineString",
        "coordinates": [
          [
            10.8930545,
            48.3688205
          ],
          [
            10.8933642,
            48.3680606
          ],
          [
            10.8895576,
            48.3673275
          ],
          [
            10.8889738,
            48.3675177
          ],
          [
            10.8866746,
            48.3666703
          ],
          [
            10.8877355,
            48.3654998
          ]
        ]
      }
    },
    {
      "type": "Feature",
      "properties": {
        "segment_id": 1,
        "start_stop": "Start",
        "end_stop": "12",
        "bus": "23",
        "timestamps": [
          3000.0,
          3017.1429,
          3034.2857,
          3051.4286,
          3068.5714,
          3085.7143,
          3102.8571,
          3120.0
        ]
      },
      "geometry": {
        "type": "LineString",
        "coordinates": [
          [
            10.8938012,
            48.4061743
          ],
          [
            10.8934668,
            48.4062495
          ],
          [
            10.8934124,
            48.4063363
          ],
          [
            10.8929656,
            48.4062113
          ],
          [
            10.8927704,
            48.4056117
          ],
          [
            10.892636,
            48.4043992
          ],
          [
            10.8927146,
            48.4039562
          ],
          [
            10.8932134,
            48.4026646
          ]
        ]
      }
    },
    {
      "type": "Feature",
      "properties": {
        "segment_id": 2,
        "start_stop": "12",
        "end_stop": "13",
        "bus": "23",
        "timestamps": [
          3150.0,
          3210.0,
          3270.0
        ]
      },
      "geometry": {
        "type": "LineString",
        "coordinates": [
          [
            10.8932134,
            48.4026646
          ],
          [
            10.8932383,
            48.4025935
          ],
          [
            10.8983075,
            48.4032376
          ]
        ]
      }
    },
    {
      "type": "Feature",
      "properties": {
        "segment_id": 3,
        "start_stop": "13",
        "end_stop": "23",
        "bus": "23",
        "timestamps": [
          3300.0,
          3340.0,
          3380.0,
          3420.0
        ]
      },
      "geometry": {
        "type": "LineString",
        "coordinates": [
          [
            10.8983075,
            48.4032376
          ],
          [
            10.903216,
            48.4038998
          ],
          [
            10.9033617,
            48.4038584
          ],
          [
            10.9055617,
            48.4042254
          ]
        ]
      }
    },
    {
      "type": "Feature",
      "properties": {
        "segment_id": 5,
        "start_stop": "2",
        "end_stop": "14",
        "bus": "23",
        "timestamps": [
          3450.0,
          3510.0,
          3570.0
        ]
      },
      "geometry": {
        "type": "LineString",
        "coordinates": [
          [
            10.9109419,
            48.402436
          ],
          [
            10.9117038,
            48.401426
          ],
          [
            10.9141644,
            48.3990238
          ]
        ]
      }
    },
    {
      "type": "Feature",
      "properties": {
        "segment_id": 6,
        "start_stop": "14",
        "end_stop": "15",
        "bus": "23",
        "timestamps": [
          3600.0,
          3640.0,
          3680.0,
          3720.0
        ]
      },
      "geometry": {
        "type": "LineString",
        "coordinates": [
          [
            10.9141644,
            48.3990238
          ],
          [
            10.9148412,
            48.3982242
          ],
          [
            10.9103718,
            48.3972692
          ],
          [
            10.9105958,
            48.3959605
          ]
        ]
      }
    },
    {
      "type": "Feature",
      "properties": {
        "segment_id": 7,
        "start_stop": "15",
        "end_stop": "16",
        "bus": "23",
        "timestamps": [
          3750.0,
          3790.0,
          3830.0,
          3870.0
        ]
      },
      "geometry": {
        "type": "LineString",
        "coordinates": [
          [
            10.9105958,
            48.3959605
          ],
          [
            10.9106206,
            48.3957677
          ],
          [
            10.9127768,
            48.3961896
          ],
          [
            10.9146007,
            48.3963918
          ]
        ]
      }
    },
    {
      "type": "Feature",
      "properties": {
        "segment_id": 8,
        "start_stop": "16",
        "end_stop": "20",
        "bus": "23",
        "timestamps": [
          3900.0,
          3940.0,
          3980.0,
          4020.0
        ]
      },
      "geometry": {
        "type": "LineString",
        "coordinates": [
          [
            10.9146007,
            48.3963918
          ],
          [
            10.9154765,
            48.3964918
          ],
          [
            10.9155256,
            48.3958808
          ],
          [
            10.9153742,
            48.3951479
          ]
        ]
      }
    },
    {
      "type": "Feature",
      "properties": {
        "segment_id": 9,
        "start_stop": "20",
        "end_stop": "10",
        "bus": "23",
        "timestamps": [
          4050.0,
          4080.0,
          4110.0,
          4140.0,
          4170.0
        ]
      },
      "geometry": {
        "type": "LineString",
        "coordinates": [
          [
            10.9153742,
            48.3951479
          ],
          [
            10.915131,
            48.3941858
          ],
          [
            10.9150065,
            48.3928745
          ],
          [
            10.9151397,
            48.3912137
          ],
          [
            10.9152742,
            48.3905333
          ]
        ]
      }
    },
    {
      "type": "Feature",
      "properties": {
        "segment_id": 10,
        "start_stop": "10",
        "end_stop": "17",
        "bus": "23",
        "timestamps": [
          4200.0,
          4230.0,
          4260.0,
          4290.0,
          4320.0
        ]
      },
      "geometry": {
        "type": "LineString",
        "coordinates": [
          [
            10.9152742,
            48.3905333
          ],
          [
            10.9154782,
            48.3890301
          ],
          [
            10.9156389,
            48.3886317
          ],
          [
            10.9161236,
            48.3877353
          ],
          [
            10.9165527,
            48.3878803
          ]
        ]
      }
    },
    {
      "type": "Feature",
      "properties": {
        "segment_id": 11,
        "start_stop": "17",
        "end_stop": "18",
        "bus": "23",
        "timestamps": [
          4350.0,
          4410.0,
          4470.0
        ]
      },
      "geometry": {
        "type": "LineString",
        "coordinates": [
          [
            10.9165527,
            48.3878803
          ],
          [
            10.920827,
            48.3889756
          ],
          [
            10.9212246,
            48.3882263
          ]
        ]
      }
    },
    {
      "type": "Feature",
      "properties": {
        "segment_id": 12,
        "start_stop": "18",
        "end_stop": "19",
        "bus": "23",
        "timestamps": [
          4500.0,
          4540.0,
          4580.0,
          4620.0
        ]
      },
      "geometry": {
        "type": "LineString",
        "coordinates": [
          [
            10.9212246,
            48.3882263
          ],
          [
            10.9220948,
            48.3869545
          ],
          [
            10.923735,
            48.3850226
          ],
          [
            10.9228813,
            48.3847941
          ]
        ]
      }
    },
    {
      "type": "Feature",
      "properties": {
        "segment_id": 13,
        "start_stop": "19",
        "end_stop": "22",
        "bus": "23",
        "timestamps": [
          4650.0,
          4770.0
        ]
      },
      "geometry": {
        "type": "LineString",
        "coordinates": [
          [
            10.9228813,
            48.3847941
          ],
          [
            10.9182973,
            48.3834946
          ]
        ]
      }
    },
    {
      "type": "Feature",
      "properties": {
        "segment_id": 14,
        "start_stop": "22",
        "end_stop": "4",
        "bus": "23",
        "timestamps": [
          4800.0,
          4817.1429,
          4834.2857,
          4851.4286,
          4868.5714,
          4885.7143,
          4902.8571,
          4920.0
        ]
      },
      "geometry": {
        "type": "LineString",
        "coordinates": [
          [
            10.9182973,
            48.3834946
          ],
          [
            10.917936,
            48.3834003
          ],
          [
            10.9174086,
            48.3834204
          ],
          [
            10.9171905,
            48.3828772
          ],
          [
            10.9163433,
            48.3814231
          ],
          [
            10.916032,
            48.3811826
          ],
          [
            10.9160927,
            48.3811099
          ],
          [
            10.9157206,
            48.3807189
          ]
        ]
      }
    },
    {
      "type": "Feature",
      "properties": {
        "segment_id": 15,
        "start_stop": "4",
        "end_stop": "1",
        "bus": "23",
        "timestamps": [
          4950.0,
          4990.0,
          5030.0,
          5070.0
        ]
      },
      "geometry": {
        "type": "LineString",
        "coordinates": [
          [
            10.9157206,
            48.3807189
          ],
          [
            10.9153754,
            48.3802812
          ],
          [
            10.9150017,
            48.3796125
          ],
          [
            10.9142824,
            48.3778705
          ]
        ]
      }
    },
    {
      "type": "Feature",
      "properties": {
        "segment_id": 16,
        "start_stop": "1",
        "end_stop": "8",
        "bus": "23",
        "timestamps": [
          5100.0,
          5140.0,
          5180.0,
          5220.0
        ]
      },
      "geometry": {
        "type": "LineString",
        "coordinates": [
          [
            10.9142824,
            48.3778705
          ],
          [
            10.9138549,
            48.3769258
          ],
          [
            10.9127926,
            48.3753902
          ],
          [
            10.9124101,
            48.3744899
          ]
        ]
      }
    },
    {
      "type": "Feature",
      "properties": {
        "segment_id": 17,
        "start_stop": "8",
        "end_stop": "5",
        "bus": "23",
        "timestamps": [
          5250.0,
          5290.0,
          5330.0,
          5370.0
        ]
      },
      "geometry": {
        "type": "LineString",
        "coordinates": [
          [
            10.9124101,
            48.3744899
          ],
          [
            10.9120288,
            48.3736772
          ],
          [
            10.9101932,
            48.3717465
          ],
          [
            10.9097038,
            48.3708749
          ]
        ]
      }
    },
    {
      "type": "Feature",
      "properties": {
        "segment_id": 18,
        "start_stop": "5",
        "end_stop": "0",
        "bus": "23",
        "timestamps": [
          5400.0,
          5424.0,
          5448.0,
          5472.0,
          5496.0,
          5520.0
        ]
      },
      "geometry": {
        "type": "LineString",
        "coordinates": [
          [
            10.9097038,
            48.3708749
          ],
          [
            10.9094671,
            48.3704486
          ],
          [
            10.9092102,
            48.3703622
          ],
          [
            10.9080719,
            48.3703753
          ],
          [
            10.9061315,
            48.3701209
          ],
          [
            10.9048742,
            48.3702842
          ]
        ]
      }
    },
    {
      "type": "Feature",
      "properties": {
        "segment_id": 19,
        "start_stop": "0",
        "end_stop": "6",
        "bus": "23",
        "timestamps": [
          5550.0,
          5590.0,
          5630.0,
          5670.0
        ]
      },
      "geometry": {
        "type": "LineString",
        "coordinates": [
          [
            10.9048742,
            48.3702842
          ],
          [
            10.9035524,
            48.3703518
          ],
          [
            10.902243,
            48.3706033
          ],
          [
            10.9013338,
            48.37067
          ]
        ]
      }
    },
    {
      "type": "Feature",
      "properties": {
        "segment_id": 20,
        "start_stop": "6",
        "end_stop": "21",
        "bus": "23",
        "timestamps": [
          5700.0,
          5760.0,
          5820.0
        ]
      },
      "geometry": {
        "type": "LineString",
        "coordinates": [
          [
            10.9013338,
            48.37067
          ],
          [
            10.8984191,
            48.370579
          ],
          [
            10.897199,
            48.3703969
          ]
        ]
      }
    },
    {
      "type": "Feature",
      "properties": {
        "segment_id": 21,
        "start_stop": "21",
        "end_stop": "9",
        "bus": "23",
        "timestamps": [
          5850.0,
          5874.0,
          5898.0,
          5922.0,
          5946.0,
          5970.0
        ]
      },
      "geometry": {
        "type": "LineString",
        "coordinates": [
          [
            10.897199,
            48.3703969
          ],
          [
            10.8966359,
            48.3702282
          ],
          [
            10.8924912,
            48.3696867
          ],
          [
            10.8923747,
            48.3695185
          ],
          [
            10.8928391,
            48.3691847
          ],
          [
            10.8930545,
            48.3688205
          ]
        ]
      }
    },
    {
      "type": "Feature",
      "properties": {
        "segment_id": 22,
        "start_stop": "9",
        "end_stop": "3",
        "bus": "23",
        "timestamps": [
          6000.0,
          6024.0,
          6048.0,
          6072.0,
          6096.0,
          6120.0
        ]
      },
      "geometry": {
        "type": "LineString",
        "coordinates": [
          [
            10.8930545,
            48.3688205
          ],
          [
            10.8933642,
            48.3680606
          ],
          [
            10.8895576,
            48.3673275
          ],
          [
            10.8889738,
            48.3675177
          ],
          [
            10.8866746,
            48.3666703
          ],
          [
            10.8877355,
            48.3654998
          ]
        ]
      }
    },
    {
      "type": "Feature",
      "properties": {
        "segment_id": 1,
        "start_stop": "Start",
        "end_stop": "14",
        "bus": "23",
        "timestamps": [
          1500.0,
          1560.0,
          1620.0
        ]
      },
      "geometry": {
        "type": "LineString",
        "coordinates": [
          [
            10.8938012,
            48.4061743
          ],
          [
            10.8963397,
            48.4060172
          ],
          [
            10.8963283,
            48.4059513
          ]
        ]
      }
    },
    {
      "type": "Feature",
      "properties": {
        "segment_id": 2,
        "start_stop": "14",
        "end_stop": "15",
        "bus": "23",
        "timestamps": [
          1620.0,
          1740.0
        ]
      },
      "geometry": {
        "type": "LineString",
        "coordinates": [
          [
            10.8963283,
            48.4059513
          ],
          [
            10.8958448,
            48.4032435
          ]
        ]
      }
    },
    {
      "type": "Feature",
      "properties": {
        "segment_id": 3,
        "start_stop": "15",
        "end_stop": "23",
        "bus": "23",
        "timestamps": [
          1740.0,
          1800.0,
          1860.0
        ]
      },
      "geometry": {
        "type": "LineString",
        "coordinates": [
          [
            10.8958448,
            48.4032435
          ],
          [
            10.8957883,
            48.4029097
          ],
          [
            10.8984359,
            48.4032532
          ]
        ]
      }
    },
    {
      "type": "Feature",
      "properties": {
        "segment_id": 4,
        "start_stop": "23",
        "end_stop": "10",
        "bus": "23",
        "timestamps": [
          1860.0,
          1980.0
        ]
      },
      "geometry": {
        "type": "LineString",
        "coordinates": [
          [
            10.8984359,
            48.4032532
          ],
          [
            10.9057701,
            48.4042562
          ]
        ]
      }
    },
    {
      "type": "Feature",
      "properties": {
        "segment_id": 5,
        "start_stop": "10",
        "end_stop": "16",
        "bus": "23",
        "timestamps": [
          1980.0,
          2004.0,
          2028.0,
          2052.0,
          2076.0,
          2100.0
        ]
      },
      "geometry": {
        "type": "LineString",
        "coordinates": [
          [
            10.9057701,
            48.4042562
          ],
          [
            10.907758,
            48.4045936
          ],
          [
            10.9082146,
            48.4045777
          ],
          [
            10.9098956,
            48.4048279
          ],
          [
            10.9103399,
            48.4034789
          ],
          [
            10.9111579,
            48.4021214
          ]
        ]
      }
    },
    {
      "type": "Feature",
      "properties": {
        "segment_id": 6,
        "start_stop": "16",
        "end_stop": "17",
        "bus": "23",
        "timestamps": [
          2100.0,
          2160.0,
          2220.0
        ]
      },
      "geometry": {
        "type": "LineString",
        "coordinates": [
          [
            10.9111579,
            48.4021214
          ],
          [
            10.9117038,
            48.401426
          ],
          [
            10.9140765,
            48.399113
          ]
        ]
      }
    },
    {
      "type": "Feature",
      "properties": {
        "segment_id": 7,
        "start_stop": "17",
        "end_stop": "18",
        "bus": "23",
        "timestamps": [
          2220.0,
          2260.0,
          2300.0,
          2340.0
        ]
      },
      "geometry": {
        "type": "LineString",
        "coordinates": [
          [
            10.9140765,
            48.399113
          ],
          [
            10.9148412,
            48.3982242
          ],
          [
            10.9103718,
            48.3972692
          ],
          [
            10.9104778,
            48.3967402
          ]
        ]
      }
    },
    {
      "type": "Feature",
      "properties": {
        "segment_id": 8,
        "start_stop": "18",
        "end_stop": "24",
        "bus": "23",
        "timestamps": [
          2340.0,
          2380.0,
          2420.0,
          2460.0
        ]
      },
      "geometry": {
        "type": "LineString",
        "coordinates": [
          [
            10.9104778,
            48.3967402
          ],
          [
            10.9106206,
            48.3957677
          ],
          [
            10.9127768,
            48.3961896
          ],
          [
            10.9147043,
            48.396404
          ]
        ]
      }
    },
    {
      "type": "Feature",
      "properties": {
        "segment_id": 9,
        "start_stop": "24",
        "end_stop": "21",
        "bus": "23",
        "timestamps": [
          2460.0,
          2500.0,
          2540.0,
          2580.0
        ]
      },
      "geometry": {
        "type": "LineString",
        "coordinates": [
          [
            10.9147043,
            48.396404
          ],
          [
            10.9154765,
            48.3964918
          ],
          [
            10.9155256,
            48.3958808
          ],
          [
            10.9153471,
            48.3950431
          ]
        ]
      }
    },
    {
      "type": "Feature",
      "properties": {
        "segment_id": 10,
        "start_stop": "21",
        "end_stop": "11",
        "bus": "23",
        "timestamps": [
          2580.0,
          2610.0,
          2640.0,
          2670.0,
          2700.0
        ]
      },
      "geometry": {
        "type": "LineString",
        "coordinates": [
          [
            10.9153471,
            48.3950431
          ],
          [
            10.915131,
            48.3941858
          ],
          [
            10.9150065,
            48.3928745
          ],
          [
            10.9151725,
            48.3913776
          ],
          [
            10.9152749,
            48.3911304
          ]
        ]
      }
    },
    {
      "type": "Feature",
      "properties": {
        "segment_id": 11,
        "start_stop": "11",
        "end_stop": "19",
        "bus": "23",
        "timestamps": [
          2700.0,
          2740.0,
          2780.0,
          2820.0
        ]
      },
      "geometry": {
        "type": "LineString",
        "coordinates": [
          [
            10.9152749,
            48.3911304
          ],
          [
            10.9152669,
            48.390601
          ],
          [
            10.9154782,
            48.3890301
          ],
          [
            10.9158839,
            48.3881789
          ]
        ]
      }
    },
    {
      "type": "Feature",
      "properties": {
        "segment_id": 12,
        "start_stop": "19",
        "end_stop": "20",
        "bus": "23",
        "timestamps": [
          2820.0,
          2850.0,
          2880.0,
          2910.0,
          2940.0
        ]
      },
      "geometry": {
        "type": "LineString",
        "coordinates": [
          [
            10.9158839,
            48.3881789
          ],
          [
            10.9161236,
            48.3877353
          ],
          [
            10.9199481,
            48.3887668
          ],
          [
            10.920827,
            48.3889756
          ],
          [
            10.9208649,
            48.3889041
          ]
        ]
      }
    },
    {
      "type": "Feature",
      "properties": {
        "segment_id": 13,
        "start_stop": "20",
        "end_stop": "6",
        "bus": "23",
        "timestamps": [
          2940.0,
          3000.0,
          3060.0
        ]
      },
      "geometry": {
        "type": "LineString",
        "coordinates": [
          [
            10.9208649,
            48.3889041
          ],
          [
            10.921882,
            48.3872374
          ],
          [
            10.9234651,
            48.3853148
          ]
        ]
      }
    },
    {
      "type": "Feature",
      "properties": {
        "segment_id": 14,
        "start_stop": "6",
        "end_stop": "22",
        "bus": "23",
        "timestamps": [
          3060.0,
          3120.0,
          3180.0
        ]
      },
      "geometry": {
        "type": "LineString",
        "coordinates": [
          [
            10.9234651,
            48.3853148
          ],
          [
            10.923735,
            48.3850226
          ],
          [
            10.9182973,
            48.3834946
          ]
        ]
      }
    },
    {
      "type": "Feature",
      "properties": {
        "segment_id": 15,
        "start_stop": "22",
        "end_stop": "3",
        "bus": "23",
        "timestamps": [
          3180.0,
          3200.0,
          3220.0,
          3240.0,
          3260.0,
          3280.0,
          3300.0
        ]
      },
      "geometry": {
        "type": "LineString",
        "coordinates": [
          [
            10.9182973,
            48.3834946
          ],
          [
            10.917936,
            48.3834003
          ],
          [
            10.9174086,
            48.3834204
          ],
          [
            10.9172393,
            48.3829711
          ],
          [
            10.9164315,
            48.3815868
          ],
          [
            10.9162889,
            48.3812072
          ],
          [
            10.9159429,
            48.3810018
          ]
        ]
      }
    },
    {
      "type": "Feature",
      "properties": {
        "segment_id": 16,
        "start_stop": "3",
        "end_stop": "1",
        "bus": "23",
        "timestamps": [
          3300.0,
          3330.0,
          3360.0,
          3390.0,
          3420.0
        ]
      },
      "geometry": {
        "type": "LineString",
        "coordinates": [
          [
            10.9159429,
            48.3810018
          ],
          [
            10.9151597,
            48.3799182
          ],
          [
            10.9138549,
            48.3769258
          ],
          [
            10.9127926,
            48.3753902
          ],
          [
            10.9123673,
            48.3743667
          ]
        ]
      }
    },
    {
      "type": "Feature",
      "properties": {
        "segment_id": 17,
        "start_stop": "1",
        "end_stop": "4",
        "bus": "23",
        "timestamps": [
          3420.0,
          3460.0,
          3500.0,
          3540.0
        ]
      },
      "geometry": {
        "type": "LineString",
        "coordinates": [
          [
            10.9123673,
            48.3743667
          ],
          [
            10.9120288,
            48.3736772
          ],
          [
            10.9101932,
            48.3717465
          ],
          [
            10.9097038,
            48.3708749
          ]
        ]
      }
    },
    {
      "type": "Feature",
      "properties": {
        "segment_id": 18,
        "start_stop": "4",
        "end_stop": "0",
        "bus": "23",
        "timestamps": [
          3540.0,
          3557.1429,
          3574.2857,
          3591.4286,
          3608.5714,
          3625.7143,
          3642.8571,
          3660.0
        ]
      },
      "geometry": {
        "type": "LineString",
        "coordinates": [
          [
            10.9097038,
            48.3708749
          ],
          [
            10.9095141,
            48.3705017
          ],
          [
            10.90933,
            48.3703817
          ],
          [
            10.9078671,
            48.3703561
          ],
          [
            10.9059181,
            48.37005
          ],
          [
            10.9049785,
            48.3702351
          ],
          [
            10.9035563,
            48.3703113
          ],
          [
            10.9024131,
            48.3705245
          ]
        ]
      }
    },
    {
      "type": "Feature",
      "properties": {
        "segment_id": 19,
        "start_stop": "0",
        "end_stop": "2",
        "bus": "23",
        "timestamps": [
          3660.0,
          3700.0,
          3740.0,
          3780.0
        ]
      },
      "geometry": {
        "type": "LineString",
        "coordinates": [
          [
            10.9024131,
            48.3705245
          ],
          [
            10.90042,
            48.3706678
          ],
          [
            10.8979802,
            48.3705493
          ],
          [
            10.8973349,
            48.3704369
          ]
        ]
      }
    },
    {
      "type": "Feature",
      "properties": {
        "segment_id": 20,
        "start_stop": "2",
        "end_stop": "8",
        "bus": "23",
        "timestamps": [
          3780.0,
          3820.0,
          3860.0,
          3900.0
        ]
      },
      "geometry": {
        "type": "LineString",
        "coordinates": [
          [
            10.8973349,
            48.3704369
          ],
          [
            10.8966359,
            48.3702282
          ],
          [
            10.8932394,
            48.3698249
          ],
          [
            10.8921595,
            48.3693998
          ]
        ]
      }
    },
    {
      "type": "Feature",
      "properties": {
        "segment_id": 21,
        "start_stop": "8",
        "end_stop": "12",
        "bus": "23",
        "timestamps": [
          3900.0,
          3930.0,
          3960.0,
          3990.0,
          4020.0
        ]
      },
      "geometry": {
        "type": "LineString",
        "coordinates": [
          [
            10.8921595,
            48.3693998
          ],
          [
            10.8891662,
            48.3679578
          ],
          [
            10.8890211,
            48.3677849
          ],
          [
            10.8889738,
            48.3675177
          ],
          [
            10.8885818,
            48.3673518
          ]
        ]
      }
    },
    {
      "type": "Feature",
      "properties": {
        "segment_id": 22,
        "start_stop": "12",
        "end_stop": "7",
        "bus": "23",
        "timestamps": [
          4020.0,
          4050.0,
          4080.0,
          4110.0,
          4140.0
        ]
      },
      "geometry": {
        "type": "LineString",
        "coordinates": [
          [
            10.8885818,
            48.3673518
          ],
          [
            10.8868324,
            48.3667339
          ],
          [
            10.8877702,
            48.3656787
          ],
          [
            10.8879492,
            48.3655131
          ],
          [
            10.8881204,
            48.36548
          ]
        ]
      }
    },
    {
      "type": "Feature",
      "properties": {
        "segment_id": 23,
        "start_stop": "7",
        "end_stop": "9",
        "bus": "23",
        "timestamps": [
          4140.0,
          4180.0,
          4220.0,
          4260.0
        ]
      },
      "geometry": {
        "type": "LineString",
        "coordinates": [
          [
            10.8881204,
            48.36548
          ],
          [
            10.8929626,
            48.3650299
          ],
          [
            10.8936888,
            48.3650812
          ],
          [
            10.8938971,
            48.3653113
          ]
        ]
      }
    },
    {
      "type": "Feature",
      "properties": {
        "segment_id": 24,
        "start_stop": "9",
        "end_stop": "5",
        "bus": "23",
        "timestamps": [
          4260.0,
          4320.0,
          4380.0
        ]
      },
      "geometry": {
        "type": "LineString",
        "coordinates": [
          [
            10.8938971,
            48.3653113
          ],
          [
            10.9154415,
            48.3914136
          ],
          [
            10.9196522,
            48.3923318
          ]
        ]
      }
    },
    {
      "type": "Feature",
      "properties": {
        "segment_id": 25,
        "start_stop": "5",
        "end_stop": "End",
        "bus": "23",
        "timestamps": [
          4380.0,
          4400.0,
          4420.0,
          4440.0,
          4460.0,
          4480.0,
          4500.0
        ]
      },
      "geometry": {
        "type": "LineString",
        "coordinates": [
          [
            10.9196522,
            48.3923318
          ],
          [
            10.9200453,
            48.3924228
          ],
          [
            10.9201578,
            48.3925221
          ],
          [
            10.9200503,
            48.3924027
          ],
          [
            10.9202584,
            48.3923485
          ],
          [
            10.9203193,
            48.3924626
          ],
          [
            10.9202078,
            48.3925229
          ]
        ]
      }
    },
    {
      "type": "Feature",
      "properties": {
        "segment_id": 1,
        "start_stop": "Start",
        "end_stop": "14",
        "bus": "23",
        "timestamps": [
          1500.0,
          1560.0,
          1620.0
        ]
      },
      "geometry": {
        "type": "LineString",
        "coordinates": [
          [
            10.8938012,
            48.4061743
          ],
          [
            10.8963397,
            48.4060172
          ],
          [
            10.8963283,
            48.4059513
          ]
        ]
      }
    },
    {
      "type": "Feature",
      "properties": {
        "segment_id": 2,
        "start_stop": "14",
        "end_stop": "15",
        "bus": "23",
        "timestamps": [
          1650.0,
          1770.0
        ]
      },
      "geometry": {
        "type": "LineString",
        "coordinates": [
          [
            10.8963283,
            48.4059513
          ],
          [
            10.8958448,
            48.4032435
          ]
        ]
      }
    },
    {
      "type": "Feature",
      "properties": {
        "segment_id": 3,
        "start_stop": "15",
        "end_stop": "23",
        "bus": "23",
        "timestamps": [
          1800.0,
          1860.0,
          1920.0
        ]
      },
      "geometry": {
        "type": "LineString",
        "coordinates": [
          [
            10.8958448,
            48.4032435
          ],
          [
            10.8957883,
            48.4029097
          ],
          [
            10.8984359,
            48.4032532
          ]
        ]
      }
    },
    {
      "type": "Feature",
      "properties": {
        "segment_id": 4,
        "start_stop": "23",
        "end_stop": "10",
        "bus": "23",
        "timestamps": [
          1950.0,
          2070.0
        ]
      },
      "geometry": {
        "type": "LineString",
        "coordinates": [
          [
            10.8984359,
            48.4032532
          ],
          [
            10.9057701,
            48.4042562
          ]
        ]
      }
    },
    {
      "type": "Feature",
      "properties": {
        "segment_id": 5,
        "start_stop": "10",
        "end_stop": "16",
        "bus": "23",
        "timestamps": [
          2100.0,
          2124.0,
          2148.0,
          2172.0,
          2196.0,
          2220.0
        ]
      },
      "geometry": {
        "type": "LineString",
        "coordinates": [
          [
            10.9057701,
            48.4042562
          ],
          [
            10.907758,
            48.4045936
          ],
          [
            10.9082146,
            48.4045777
          ],
          [
            10.9098956,
            48.4048279
          ],
          [
            10.9103399,
            48.4034789
          ],
          [
            10.9111579,
            48.4021214
          ]
        ]
      }
    },
    {
      "type": "Feature",
      "properties": {
        "segment_id": 6,
        "start_stop": "16",
        "end_stop": "17",
        "bus": "23",
        "timestamps": [
          2250.0,
          2310.0,
          2370.0
        ]
      },
      "geometry": {
        "type": "LineString",
        "coordinates": [
          [
            10.9111579,
            48.4021214
          ],
          [
            10.9117038,
            48.401426
          ],
          [
            10.9140765,
            48.399113
          ]
        ]
      }
    },
    {
      "type": "Feature",
      "properties": {
        "segment_id": 7,
        "start_stop": "17",
        "end_stop": "18",
        "bus": "23",
        "timestamps": [
          2400.0,
          2440.0,
          2480.0,
          2520.0
        ]
      },
      "geometry": {
        "type": "LineString",
        "coordinates": [
          [
            10.9140765,
            48.399113
          ],
          [
            10.9148412,
            48.3982242
          ],
          [
            10.9103718,
            48.3972692
          ],
          [
            10.9104778,
            48.3967402
          ]
        ]
      }
    },
    {
      "type": "Feature",
      "properties": {
        "segment_id": 8,
        "start_stop": "18",
        "end_stop": "24",
        "bus": "23",
        "timestamps": [
          2550.0,
          2590.0,
          2630.0,
          2670.0
        ]
      },
      "geometry": {
        "type": "LineString",
        "coordinates": [
          [
            10.9104778,
            48.3967402
          ],
          [
            10.9106206,
            48.3957677
          ],
          [
            10.9127768,
            48.3961896
          ],
          [
            10.9147043,
            48.396404
          ]
        ]
      }
    },
    {
      "type": "Feature",
      "properties": {
        "segment_id": 9,
        "start_stop": "24",
        "end_stop": "21",
        "bus": "23",
        "timestamps": [
          2700.0,
          2740.0,
          2780.0,
          2820.0
        ]
      },
      "geometry": {
        "type": "LineString",
        "coordinates": [
          [
            10.9147043,
            48.396404
          ],
          [
            10.9154765,
            48.3964918
          ],
          [
            10.9155256,
            48.3958808
          ],
          [
            10.9153471,
            48.3950431
          ]
        ]
      }
    },
    {
      "type": "Feature",
      "properties": {
        "segment_id": 10,
        "start_stop": "21",
        "end_stop": "11",
        "bus": "23",
        "timestamps": [
          2850.0,
          2880.0,
          2910.0,
          2940.0,
          2970.0
        ]
      },
      "geometry": {
        "type": "LineString",
        "coordinates": [
          [
            10.9153471,
            48.3950431
          ],
          [
            10.915131,
            48.3941858
          ],
          [
            10.9150065,
            48.3928745
          ],
          [
            10.9151725,
            48.3913776
          ],
          [
            10.9152749,
            48.3911304
          ]
        ]
      }
    },
    {
      "type": "Feature",
      "properties": {
        "segment_id": 11,
        "start_stop": "11",
        "end_stop": "19",
        "bus": "23",
        "timestamps": [
          3000.0,
          3040.0,
          3080.0,
          3120.0
        ]
      },
      "geometry": {
        "type": "LineString",
        "coordinates": [
          [
            10.9152749,
            48.3911304
          ],
          [
            10.9152669,
            48.390601
          ],
          [
            10.9154782,
            48.3890301
          ],
          [
            10.9158839,
            48.3881789
          ]
        ]
      }
    },
    {
      "type": "Feature",
      "properties": {
        "segment_id": 12,
        "start_stop": "19",
        "end_stop": "20",
        "bus": "23",
        "timestamps": [
          3150.0,
          3180.0,
          3210.0,
          3240.0,
          3270.0
        ]
      },
      "geometry": {
        "type": "LineString",
        "coordinates": [
          [
            10.9158839,
            48.3881789
          ],
          [
            10.9161236,
            48.3877353
          ],
          [
            10.9199481,
            48.3887668
          ],
          [
            10.920827,
            48.3889756
          ],
          [
            10.9208649,
            48.3889041
          ]
        ]
      }
    },
    {
      "type": "Feature",
      "properties": {
        "segment_id": 13,
        "start_stop": "20",
        "end_stop": "6",
        "bus": "23",
        "timestamps": [
          3300.0,
          3360.0,
          3420.0
        ]
      },
      "geometry": {
        "type": "LineString",
        "coordinates": [
          [
            10.9208649,
            48.3889041
          ],
          [
            10.921882,
            48.3872374
          ],
          [
            10.9234651,
            48.3853148
          ]
        ]
      }
    },
    {
      "type": "Feature",
      "properties": {
        "segment_id": 14,
        "start_stop": "6",
        "end_stop": "22",
        "bus": "23",
        "timestamps": [
          3450.0,
          3510.0,
          3570.0
        ]
      },
      "geometry": {
        "type": "LineString",
        "coordinates": [
          [
            10.9234651,
            48.3853148
          ],
          [
            10.923735,
            48.3850226
          ],
          [
            10.9182973,
            48.3834946
          ]
        ]
      }
    },
    {
      "type": "Feature",
      "properties": {
        "segment_id": 15,
        "start_stop": "22",
        "end_stop": "3",
        "bus": "23",
        "timestamps": [
          3600.0,
          3620.0,
          3640.0,
          3660.0,
          3680.0,
          3700.0,
          3720.0
        ]
      },
      "geometry": {
        "type": "LineString",
        "coordinates": [
          [
            10.9182973,
            48.3834946
          ],
          [
            10.917936,
            48.3834003
          ],
          [
            10.9174086,
            48.3834204
          ],
          [
            10.9172393,
            48.3829711
          ],
          [
            10.9164315,
            48.3815868
          ],
          [
            10.9162889,
            48.3812072
          ],
          [
            10.9159429,
            48.3810018
          ]
        ]
      }
    },
    {
      "type": "Feature",
      "properties": {
        "segment_id": 16,
        "start_stop": "3",
        "end_stop": "1",
        "bus": "23",
        "timestamps": [
          3750.0,
          3780.0,
          3810.0,
          3840.0,
          3870.0
        ]
      },
      "geometry": {
        "type": "LineString",
        "coordinates": [
          [
            10.9159429,
            48.3810018
          ],
          [
            10.9151597,
            48.3799182
          ],
          [
            10.9138549,
            48.3769258
          ],
          [
            10.9127926,
            48.3753902
          ],
          [
            10.9123673,
            48.3743667
          ]
        ]
      }
    },
    {
      "type": "Feature",
      "properties": {
        "segment_id": 17,
        "start_stop": "1",
        "end_stop": "4",
        "bus": "23",
        "timestamps": [
          3900.0,
          3940.0,
          3980.0,
          4020.0
        ]
      },
      "geometry": {
        "type": "LineString",
        "coordinates": [
          [
            10.9123673,
            48.3743667
          ],
          [
            10.9120288,
            48.3736772
          ],
          [
            10.9101932,
            48.3717465
          ],
          [
            10.9097038,
            48.3708749
          ]
        ]
      }
    },
    {
      "type": "Feature",
      "properties": {
        "segment_id": 18,
        "start_stop": "4",
        "end_stop": "0",
        "bus": "23",
        "timestamps": [
          4050.0,
          4067.1429,
          4084.2857,
          4101.4286,
          4118.5714,
          4135.7143,
          4152.8571,
          4170.0
        ]
      },
      "geometry": {
        "type": "LineString",
        "coordinates": [
          [
            10.9097038,
            48.3708749
          ],
          [
            10.9095141,
            48.3705017
          ],
          [
            10.90933,
            48.3703817
          ],
          [
            10.9078671,
            48.3703561
          ],
          [
            10.9059181,
            48.37005
          ],
          [
            10.9049785,
            48.3702351
          ],
          [
            10.9035563,
            48.3703113
          ],
          [
            10.9024131,
            48.3705245
          ]
        ]
      }
    },
    {
      "type": "Feature",
      "properties": {
        "segment_id": 19,
        "start_stop": "0",
        "end_stop": "2",
        "bus": "23",
        "timestamps": [
          4200.0,
          4240.0,
          4280.0,
          4320.0
        ]
      },
      "geometry": {
        "type": "LineString",
        "coordinates": [
          [
            10.9024131,
            48.3705245
          ],
          [
            10.90042,
            48.3706678
          ],
          [
            10.8979802,
            48.3705493
          ],
          [
            10.8973349,
            48.3704369
          ]
        ]
      }
    },
    {
      "type": "Feature",
      "properties": {
        "segment_id": 20,
        "start_stop": "2",
        "end_stop": "8",
        "bus": "23",
        "timestamps": [
          4350.0,
          4390.0,
          4430.0,
          4470.0
        ]
      },
      "geometry": {
        "type": "LineString",
        "coordinates": [
          [
            10.8973349,
            48.3704369
          ],
          [
            10.8966359,
            48.3702282
          ],
          [
            10.8932394,
            48.3698249
          ],
          [
            10.8921595,
            48.3693998
          ]
        ]
      }
    },
    {
      "type": "Feature",
      "properties": {
        "segment_id": 21,
        "start_stop": "8",
        "end_stop": "12",
        "bus": "23",
        "timestamps": [
          4500.0,
          4530.0,
          4560.0,
          4590.0,
          4620.0
        ]
      },
      "geometry": {
        "type": "LineString",
        "coordinates": [
          [
            10.8921595,
            48.3693998
          ],
          [
            10.8891662,
            48.3679578
          ],
          [
            10.8890211,
            48.3677849
          ],
          [
            10.8889738,
            48.3675177
          ],
          [
            10.8885818,
            48.3673518
          ]
        ]
      }
    },
    {
      "type": "Feature",
      "properties": {
        "segment_id": 22,
        "start_stop": "12",
        "end_stop": "7",
        "bus": "23",
        "timestamps": [
          4650.0,
          4680.0,
          4710.0,
          4740.0,
          4770.0
        ]
      },
      "geometry": {
        "type": "LineString",
        "coordinates": [
          [
            10.8885818,
            48.3673518
          ],
          [
            10.8868324,
            48.3667339
          ],
          [
            10.8877702,
            48.3656787
          ],
          [
            10.8879492,
            48.3655131
          ],
          [
            10.8881204,
            48.36548
          ]
        ]
      }
    },
    {
      "type": "Feature",
      "properties": {
        "segment_id": 23,
        "start_stop": "7",
        "end_stop": "9",
        "bus": "23",
        "timestamps": [
          4800.0,
          4840.0,
          4880.0,
          4920.0
        ]
      },
      "geometry": {
        "type": "LineString",
        "coordinates": [
          [
            10.8881204,
            48.36548
          ],
          [
            10.8929626,
            48.3650299
          ],
          [
            10.8936888,
            48.3650812
          ],
          [
            10.8938971,
            48.3653113
          ]
        ]
      }
    },
    {
      "type": "Feature",
      "properties": {
        "segment_id": 24,
        "start_stop": "9",
        "end_stop": "5",
        "bus": "23",
        "timestamps": [
          4950.0,
          5010.0,
          5070.0
        ]
      },
      "geometry": {
        "type": "LineString",
        "coordinates": [
          [
            10.8938971,
            48.3653113
          ],
          [
            10.9154415,
            48.3914136
          ],
          [
            10.9196522,
            48.3923318
          ]
        ]
      }
    },
    {
      "type": "Feature",
      "properties": {
        "segment_id": 25,
        "start_stop": "5",
        "end_stop": "End",
        "bus": "23",
        "timestamps": [
          5100.0,
          5120.0,
          5140.0,
          5160.0,
          5180.0,
          5200.0,
          5220.0
        ]
      },
      "geometry": {
        "type": "LineString",
        "coordinates": [
          [
            10.9196522,
            48.3923318
          ],
          [
            10.9200453,
            48.3924228
          ],
          [
            10.9201578,
            48.3925221
          ],
          [
            10.9200503,
            48.3924027
          ],
          [
            10.9202584,
            48.3923485
          ],
          [
            10.9203193,
            48.3924626
          ],
          [
            10.9202078,
            48.3925229
          ]
        ]
      }
    },
    {
      "type": "Feature",
      "properties": {
        "segment_id": 1,
        "start_stop": "Start",
        "end_stop": "2",
        "bus": "24",
        "timestamps": [
          2400.0,
          2417.1429,
          2434.2857,
          2451.4286,
          2468.5714,
          2485.7143,
          2502.8571,
          2520.0
        ]
      },
      "geometry": {
        "type": "LineString",
        "coordinates": [
          [
            10.8941732,
            48.2960603
          ],
          [
            10.8921743,
            48.2964245
          ],
          [
            10.8926302,
            48.2974155
          ],
          [
            10.8930136,
            48.297727
          ],
          [
            10.8936451,
            48.2979039
          ],
          [
            10.8966753,
            48.2977504
          ],
          [
            10.8986093,
            48.2973587
          ],
          [
            10.8987912,
            48.2977623
          ]
        ]
      }
    },
    {
      "type": "Feature",
      "properties": {
        "segment_id": 2,
        "start_stop": "2",
        "end_stop": "3",
        "bus": "24",
        "timestamps": [
          2520.0,
          2544.0,
          2568.0,
          2592.0,
          2616.0,
          2640.0
        ]
      },
      "geometry": {
        "type": "LineString",
        "coordinates": [
          [
            10.8987912,
            48.2977623
          ],
          [
            10.8989663,
            48.2980318
          ],
          [
            10.8992159,
            48.2981532
          ],
          [
            10.9008481,
            48.2980855
          ],
          [
            10.9016703,
            48.2982025
          ],
          [
            10.9023304,
            48.2981519
          ]
        ]
      }
    },
    {
      "type": "Feature",
      "properties": {
        "segment_id": 3,
        "start_stop": "3",
        "end_stop": "7",
        "bus": "24",
        "timestamps": [
          2640.0,
          2680.0,
          2720.0,
          2760.0
        ]
      },
      "geometry": {
        "type": "LineString",
        "coordinates": [
          [
            10.9023304,
            48.2981519
          ],
          [
            10.9044634,
            48.2980335
          ],
          [
            10.9045981,
            48.2981554
          ],
          [
            10.9056268,
            48.3001486
          ]
        ]
      }
    },
    {
      "type": "Feature",
      "properties": {
        "segment_id": 4,
        "start_stop": "7",
        "end_stop": "4",
        "bus": "24",
        "timestamps": [
          2760.0,
          2800.0,
          2840.0,
          2880.0
        ]
      },
      "geometry": {
        "type": "LineString",
        "coordinates": [
          [
            10.9056268,
            48.3001486
          ],
          [
            10.9062271,
            48.3010672
          ],
          [
            10.9067614,
            48.302237
          ],
          [
            10.9076909,
            48.3034081
          ]
        ]
      }
    },
    {
      "type": "Feature",
      "properties": {
        "segment_id": 5,
        "start_stop": "4",
        "end_stop": "5",
        "bus": "24",
        "timestamps": [
          2880.0,
          2900.0,
          2920.0,
          2940.0,
          2960.0,
          2980.0,
          3000.0
        ]
      },
      "geometry": {
        "type": "LineString",
        "coordinates": [
          [
            10.9076909,
            48.3034081
          ],
          [
            10.9083557,
            48.3042441
          ],
          [
            10.9085011,
            48.3047875
          ],
          [
            10.9091192,
            48.3056546
          ],
          [
            10.9102032,
            48.3080158
          ],
          [
            10.9102138,
            48.3083335
          ],
          [
            10.9100029,
            48.3090942
          ]
        ]
      }
    },
    {
      "type": "Feature",
      "properties": {
        "segment_id": 6,
        "start_stop": "5",
        "end_stop": "6",
        "bus": "24",
        "timestamps": [
          3000.0,
          3017.1429,
          3034.2857,
          3051.4286,
          3068.5714,
          3085.7143,
          3102.8571,
          3120.0
        ]
      },
      "geometry": {
        "type": "LineString",
        "coordinates": [
          [
            10.9100029,
            48.3090942
          ],
          [
            10.9098005,
            48.3102262
          ],
          [
            10.9100443,
            48.3113269
          ],
          [
            10.9102453,
            48.3114673
          ],
          [
            10.9109709,
            48.3115667
          ],
          [
            10.911152,
            48.3120137
          ],
          [
            10.9106982,
            48.3129182
          ],
          [
            10.9105374,
            48.3137131
          ]
        ]
      }
    },
    {
      "type": "Feature",
      "properties": {
        "segment_id": 7,
        "start_stop": "6",
        "end_stop": "End",
        "bus": "24",
        "timestamps": [
          3120.0,
          3150.0,
          3180.0,
          3210.0,
          3240.0
        ]
      },
      "geometry": {
        "type": "LineString",
        "coordinates": [
          [
            10.9105374,
            48.3137131
          ],
          [
            10.9102826,
            48.3156371
          ],
          [
            10.9091838,
            48.318471
          ],
          [
            10.9090421,
            48.3195106
          ],
          [
            10.90855,
            48.3194936
          ]
        ]
      }
    },
    {
      "type": "Feature",
      "properties": {
        "segment_id": 1,
        "start_stop": "Start",
        "end_stop": "2",
        "bus": "24",
        "timestamps": [
          2400.0,
          2417.1429,
          2434.2857,
          2451.4286,
          2468.5714,
          2485.7143,
          2502.8571,
          2520.0
        ]
      },
      "geometry": {
        "type": "LineString",
        "coordinates": [
          [
            10.8941732,
            48.2960603
          ],
          [
            10.8921743,
            48.2964245
          ],
          [
            10.8926302,
            48.2974155
          ],
          [
            10.8930136,
            48.297727
          ],
          [
            10.8936451,
            48.2979039
          ],
          [
            10.8966753,
            48.2977504
          ],
          [
            10.8986093,
            48.2973587
          ],
          [
            10.8987912,
            48.2977623
          ]
        ]
      }
    },
    {
      "type": "Feature",
      "properties": {
        "segment_id": 2,
        "start_stop": "2",
        "end_stop": "3",
        "bus": "24",
        "timestamps": [
          2550.0,
          2574.0,
          2598.0,
          2622.0,
          2646.0,
          2670.0
        ]
      },
      "geometry": {
        "type": "LineString",
        "coordinates": [
          [
            10.8987912,
            48.2977623
          ],
          [
            10.8989663,
            48.2980318
          ],
          [
            10.8992159,
            48.2981532
          ],
          [
            10.9008481,
            48.2980855
          ],
          [
            10.9016703,
            48.2982025
          ],
          [
            10.9023304,
            48.2981519
          ]
        ]
      }
    },
    {
      "type": "Feature",
      "properties": {
        "segment_id": 3,
        "start_stop": "3",
        "end_stop": "7",
        "bus": "24",
        "timestamps": [
          2700.0,
          2740.0,
          2780.0,
          2820.0
        ]
      },
      "geometry": {
        "type": "LineString",
        "coordinates": [
          [
            10.9023304,
            48.2981519
          ],
          [
            10.9044634,
            48.2980335
          ],
          [
            10.9045981,
            48.2981554
          ],
          [
            10.9056268,
            48.3001486
          ]
        ]
      }
    },
    {
      "type": "Feature",
      "properties": {
        "segment_id": 4,
        "start_stop": "7",
        "end_stop": "4",
        "bus": "24",
        "timestamps": [
          2850.0,
          2890.0,
          2930.0,
          2970.0
        ]
      },
      "geometry": {
        "type": "LineString",
        "coordinates": [
          [
            10.9056268,
            48.3001486
          ],
          [
            10.9062271,
            48.3010672
          ],
          [
            10.9067614,
            48.302237
          ],
          [
            10.9076909,
            48.3034081
          ]
        ]
      }
    },
    {
      "type": "Feature",
      "properties": {
        "segment_id": 5,
        "start_stop": "4",
        "end_stop": "5",
        "bus": "24",
        "timestamps": [
          3000.0,
          3020.0,
          3040.0,
          3060.0,
          3080.0,
          3100.0,
          3120.0
        ]
      },
      "geometry": {
        "type": "LineString",
        "coordinates": [
          [
            10.9076909,
            48.3034081
          ],
          [
            10.9083557,
            48.3042441
          ],
          [
            10.9085011,
            48.3047875
          ],
          [
            10.9091192,
            48.3056546
          ],
          [
            10.9102032,
            48.3080158
          ],
          [
            10.9102138,
            48.3083335
          ],
          [
            10.9100029,
            48.3090942
          ]
        ]
      }
    },
    {
      "type": "Feature",
      "properties": {
        "segment_id": 6,
        "start_stop": "5",
        "end_stop": "6",
        "bus": "24",
        "timestamps": [
          3150.0,
          3167.1429,
          3184.2857,
          3201.4286,
          3218.5714,
          3235.7143,
          3252.8571,
          3270.0
        ]
      },
      "geometry": {
        "type": "LineString",
        "coordinates": [
          [
            10.9100029,
            48.3090942
          ],
          [
            10.9098005,
            48.3102262
          ],
          [
            10.9100443,
            48.3113269
          ],
          [
            10.9102453,
            48.3114673
          ],
          [
            10.9109709,
            48.3115667
          ],
          [
            10.911152,
            48.3120137
          ],
          [
            10.9106982,
            48.3129182
          ],
          [
            10.9105374,
            48.3137131
          ]
        ]
      }
    },
    {
      "type": "Feature",
      "properties": {
        "segment_id": 7,
        "start_stop": "6",
        "end_stop": "End",
        "bus": "24",
        "timestamps": [
          3300.0,
          3330.0,
          3360.0,
          3390.0,
          3420.0
        ]
      },
      "geometry": {
        "type": "LineString",
        "coordinates": [
          [
            10.9105374,
            48.3137131
          ],
          [
            10.9102826,
            48.3156371
          ],
          [
            10.9091838,
            48.318471
          ],
          [
            10.9090421,
            48.3195106
          ],
          [
            10.90855,
            48.3194936
          ]
        ]
      }
    },
    {
      "type": "Feature",
      "properties": {
        "segment_id": 1,
        "start_stop": "Start",
        "end_stop": "9",
        "bus": "25",
        "timestamps": [
          3000.0,
          3017.1429,
          3034.2857,
          3051.4286,
          3068.5714,
          3085.7143,
          3102.8571,
          3120.0
        ]
      },
      "geometry": {
        "type": "LineString",
        "coordinates": [
          [
            10.8941732,
            48.2960603
          ],
          [
            10.8921743,
            48.2964245
          ],
          [
            10.8926302,
            48.2974155
          ],
          [
            10.8930136,
            48.297727
          ],
          [
            10.8936451,
            48.2979039
          ],
          [
            10.8966753,
            48.2977504
          ],
          [
            10.8986093,
            48.2973587
          ],
          [
            10.8987912,
            48.2977623
          ]
        ]
      }
    },
    {
      "type": "Feature",
      "properties": {
        "segment_id": 2,
        "start_stop": "9",
        "end_stop": "6",
        "bus": "25",
        "timestamps": [
          3120.0,
          3140.0,
          3160.0,
          3180.0,
          3200.0,
          3220.0,
          3240.0
        ]
      },
      "geometry": {
        "type": "LineString",
        "coordinates": [
          [
            10.8987912,
            48.2977623
          ],
          [
            10.8990726,
            48.298102
          ],
          [
            10.899419,
            48.298174
          ],
          [
            10.90018,
            48.3001264
          ],
          [
            10.8990573,
            48.3002288
          ],
          [
            10.899476,
            48.3021822
          ],
          [
            10.8990075,
            48.3022291
          ]
        ]
      }
    },
    {
      "type": "Feature",
      "properties": {
        "segment_id": 3,
        "start_stop": "6",
        "end_stop": "8",
        "bus": "25",
        "timestamps": [
          3240.0,
          3300.0,
          3360.0
        ]
      },
      "geometry": {
        "type": "LineString",
        "coordinates": [
          [
            10.8990075,
            48.3022291
          ],
          [
            10.8974467,
            48.3024133
          ],
          [
            10.8977164,
            48.3040181
          ]
        ]
      }
    },
    {
      "type": "Feature",
      "properties": {
        "segment_id": 4,
        "start_stop": "8",
        "end_stop": "4",
        "bus": "25",
        "timestamps": [
          3360.0,
          3384.0,
          3408.0,
          3432.0,
          3456.0,
          3480.0
        ]
      },
      "geometry": {
        "type": "LineString",
        "coordinates": [
          [
            10.8977164,
            48.3040181
          ],
          [
            10.8978129,
            48.3046062
          ],
          [
            10.8984408,
            48.3044906
          ],
          [
            10.8990276,
            48.3045175
          ],
          [
            10.9020532,
            48.3042299
          ],
          [
            10.9020719,
            48.3046865
          ]
        ]
      }
    },
    {
      "type": "Feature",
      "properties": {
        "segment_id": 5,
        "start_stop": "4",
        "end_stop": "7",
        "bus": "25",
        "timestamps": [
          3480.0,
          3540.0,
          3600.0
        ]
      },
      "geometry": {
        "type": "LineString",
        "coordinates": [
          [
            10.9020719,
            48.3046865
          ],
          [
            10.9021241,
            48.3067987
          ],
          [
            10.9023876,
            48.3078715
          ]
        ]
      }
    },
    {
      "type": "Feature",
      "properties": {
        "segment_id": 6,
        "start_stop": "7",
        "end_stop": "1",
        "bus": "25",
        "timestamps": [
          3600.0,
          3660.0,
          3720.0
        ]
      },
      "geometry": {
        "type": "LineString",
        "coordinates": [
          [
            10.9023876,
            48.3078715
          ],
          [
            10.9024963,
            48.3083043
          ],
          [
            10.8989416,
            48.3086933
          ]
        ]
      }
    },
    {
      "type": "Feature",
      "properties": {
        "segment_id": 7,
        "start_stop": "1",
        "end_stop": "5",
        "bus": "25",
        "timestamps": [
          3720.0,
          3750.0,
          3780.0,
          3810.0,
          3840.0
        ]
      },
      "geometry": {
        "type": "LineString",
        "coordinates": [
          [
            10.8989416,
            48.3086933
          ],
          [
            10.8937648,
            48.3092037
          ],
          [
            10.8938061,
            48.310534
          ],
          [
            10.8936372,
            48.310552
          ],
          [
            10.8930199,
            48.3101702
          ]
        ]
      }
    },
    {
      "type": "Feature",
      "properties": {
        "segment_id": 8,
        "start_stop": "5",
        "end_stop": "12",
        "bus": "25",
        "timestamps": [
          3840.0,
          3870.0,
          3900.0,
          3930.0,
          3960.0
        ]
      },
      "geometry": {
        "type": "LineString",
        "coordinates": [
          [
            10.8930199,
            48.3101702
          ],
          [
            10.8925363,
            48.3098331
          ],
          [
            10.8924765,
            48.3093624
          ],
          [
            10.8897536,
            48.3096996
          ],
          [
            10.8900606,
            48.3116676
          ]
        ]
      }
    },
    {
      "type": "Feature",
      "properties": {
        "segment_id": 9,
        "start_stop": "12",
        "end_stop": "14",
        "bus": "25",
        "timestamps": [
          3960.0,
          4080.0
        ]
      },
      "geometry": {
        "type": "LineString",
        "coordinates": [
          [
            10.8900606,
            48.3116676
          ],
          [
            10.8904032,
            48.3135644
          ]
        ]
      }
    },
    {
      "type": "Feature",
      "properties": {
        "segment_id": 10,
        "start_stop": "14",
        "end_stop": "13",
        "bus": "25",
        "timestamps": [
          4080.0,
          4140.0,
          4200.0
        ]
      },
      "geometry": {
        "type": "LineString",
        "coordinates": [
          [
            10.8904032,
            48.3135644
          ],
          [
            10.890491,
            48.3139248
          ],
          [
            10.8935372,
            48.3136913
          ]
        ]
      }
    },
    {
      "type": "Feature",
      "properties": {
        "segment_id": 11,
        "start_stop": "13",
        "end_stop": "3",
        "bus": "25",
        "timestamps": [
          4200.0,
          4230.0,
          4260.0,
          4290.0,
          4320.0
        ]
      },
      "geometry": {
        "type": "LineString",
        "coordinates": [
          [
            10.8935372,
            48.3136913
          ],
          [
            10.8943342,
            48.3136121
          ],
          [
            10.8941166,
            48.3130755
          ],
          [
            10.8942616,
            48.3129364
          ],
          [
            10.901598,
            48.3121819
          ]
        ]
      }
    },
    {
      "type": "Feature",
      "properties": {
        "segment_id": 12,
        "start_stop": "3",
        "end_stop": "10",
        "bus": "25",
        "timestamps": [
          4320.0,
          4380.0,
          4440.0
        ]
      },
      "geometry": {
        "type": "LineString",
        "coordinates": [
          [
            10.901598,
            48.3121819
          ],
          [
            10.9023178,
            48.3121092
          ],
          [
            10.9026835,
            48.3134129
          ]
        ]
      }
    },
    {
      "type": "Feature",
      "properties": {
        "segment_id": 13,
        "start_stop": "10",
        "end_stop": "11",
        "bus": "25",
        "timestamps": [
          4440.0,
          4560.0
        ]
      },
      "geometry": {
        "type": "LineString",
        "coordinates": [
          [
            10.9026835,
            48.3134129
          ],
          [
            10.903498,
            48.3164453
          ]
        ]
      }
    },
    {
      "type": "Feature",
      "properties": {
        "segment_id": 14,
        "start_stop": "11",
        "end_stop": "End",
        "bus": "25",
        "timestamps": [
          4560.0,
          4584.0,
          4608.0,
          4632.0,
          4656.0,
          4680.0
        ]
      },
      "geometry": {
        "type": "LineString",
        "coordinates": [
          [
            10.903498,
            48.3164453
          ],
          [
            10.9037244,
            48.317264
          ],
          [
            10.9096163,
            48.3172617
          ],
          [
            10.9091838,
            48.318471
          ],
          [
            10.9090421,
            48.3195106
          ],
          [
            10.90855,
            48.3194936
          ]
        ]
      }
    },
    {
      "type": "Feature",
      "properties": {
        "segment_id": 1,
        "start_stop": "Start",
        "end_stop": "9",
        "bus": "25",
        "timestamps": [
          3000.0,
          3017.1429,
          3034.2857,
          3051.4286,
          3068.5714,
          3085.7143,
          3102.8571,
          3120.0
        ]
      },
      "geometry": {
        "type": "LineString",
        "coordinates": [
          [
            10.8941732,
            48.2960603
          ],
          [
            10.8921743,
            48.2964245
          ],
          [
            10.8926302,
            48.2974155
          ],
          [
            10.8930136,
            48.297727
          ],
          [
            10.8936451,
            48.2979039
          ],
          [
            10.8966753,
            48.2977504
          ],
          [
            10.8986093,
            48.2973587
          ],
          [
            10.8987912,
            48.2977623
          ]
        ]
      }
    },
    {
      "type": "Feature",
      "properties": {
        "segment_id": 2,
        "start_stop": "9",
        "end_stop": "6",
        "bus": "25",
        "timestamps": [
          3150.0,
          3170.0,
          3190.0,
          3210.0,
          3230.0,
          3250.0,
          3270.0
        ]
      },
      "geometry": {
        "type": "LineString",
        "coordinates": [
          [
            10.8987912,
            48.2977623
          ],
          [
            10.8990726,
            48.298102
          ],
          [
            10.899419,
            48.298174
          ],
          [
            10.90018,
            48.3001264
          ],
          [
            10.8990573,
            48.3002288
          ],
          [
            10.899476,
            48.3021822
          ],
          [
            10.8990075,
            48.3022291
          ]
        ]
      }
    },
    {
      "type": "Feature",
      "properties": {
        "segment_id": 3,
        "start_stop": "6",
        "end_stop": "8",
        "bus": "25",
        "timestamps": [
          3300.0,
          3360.0,
          3420.0
        ]
      },
      "geometry": {
        "type": "LineString",
        "coordinates": [
          [
            10.8990075,
            48.3022291
          ],
          [
            10.8974467,
            48.3024133
          ],
          [
            10.8977164,
            48.3040181
          ]
        ]
      }
    },
    {
      "type": "Feature",
      "properties": {
        "segment_id": 4,
        "start_stop": "8",
        "end_stop": "4",
        "bus": "25",
        "timestamps": [
          3450.0,
          3474.0,
          3498.0,
          3522.0,
          3546.0,
          3570.0
        ]
      },
      "geometry": {
        "type": "LineString",
        "coordinates": [
          [
            10.8977164,
            48.3040181
          ],
          [
            10.8978129,
            48.3046062
          ],
          [
            10.8984408,
            48.3044906
          ],
          [
            10.8990276,
            48.3045175
          ],
          [
            10.9020532,
            48.3042299
          ],
          [
            10.9020719,
            48.3046865
          ]
        ]
      }
    },
    {
      "type": "Feature",
      "properties": {
        "segment_id": 5,
        "start_stop": "4",
        "end_stop": "7",
        "bus": "25",
        "timestamps": [
          3600.0,
          3660.0,
          3720.0
        ]
      },
      "geometry": {
        "type": "LineString",
        "coordinates": [
          [
            10.9020719,
            48.3046865
          ],
          [
            10.9021241,
            48.3067987
          ],
          [
            10.9023876,
            48.3078715
          ]
        ]
      }
    },
    {
      "type": "Feature",
      "properties": {
        "segment_id": 6,
        "start_stop": "7",
        "end_stop": "1",
        "bus": "25",
        "timestamps": [
          3750.0,
          3810.0,
          3870.0
        ]
      },
      "geometry": {
        "type": "LineString",
        "coordinates": [
          [
            10.9023876,
            48.3078715
          ],
          [
            10.9024963,
            48.3083043
          ],
          [
            10.8989416,
            48.3086933
          ]
        ]
      }
    },
    {
      "type": "Feature",
      "properties": {
        "segment_id": 7,
        "start_stop": "1",
        "end_stop": "5",
        "bus": "25",
        "timestamps": [
          3900.0,
          3930.0,
          3960.0,
          3990.0,
          4020.0
        ]
      },
      "geometry": {
        "type": "LineString",
        "coordinates": [
          [
            10.8989416,
            48.3086933
          ],
          [
            10.8937648,
            48.3092037
          ],
          [
            10.8938061,
            48.310534
          ],
          [
            10.8936372,
            48.310552
          ],
          [
            10.8930199,
            48.3101702
          ]
        ]
      }
    },
    {
      "type": "Feature",
      "properties": {
        "segment_id": 8,
        "start_stop": "5",
        "end_stop": "12",
        "bus": "25",
        "timestamps": [
          4050.0,
          4080.0,
          4110.0,
          4140.0,
          4170.0
        ]
      },
      "geometry": {
        "type": "LineString",
        "coordinates": [
          [
            10.8930199,
            48.3101702
          ],
          [
            10.8925363,
            48.3098331
          ],
          [
            10.8924765,
            48.3093624
          ],
          [
            10.8897536,
            48.3096996
          ],
          [
            10.8900606,
            48.3116676
          ]
        ]
      }
    },
    {
      "type": "Feature",
      "properties": {
        "segment_id": 9,
        "start_stop": "12",
        "end_stop": "14",
        "bus": "25",
        "timestamps": [
          4200.0,
          4320.0
        ]
      },
      "geometry": {
        "type": "LineString",
        "coordinates": [
          [
            10.8900606,
            48.3116676
          ],
          [
            10.8904032,
            48.3135644
          ]
        ]
      }
    },
    {
      "type": "Feature",
      "properties": {
        "segment_id": 10,
        "start_stop": "14",
        "end_stop": "13",
        "bus": "25",
        "timestamps": [
          4350.0,
          4410.0,
          4470.0
        ]
      },
      "geometry": {
        "type": "LineString",
        "coordinates": [
          [
            10.8904032,
            48.3135644
          ],
          [
            10.890491,
            48.3139248
          ],
          [
            10.8935372,
            48.3136913
          ]
        ]
      }
    },
    {
      "type": "Feature",
      "properties": {
        "segment_id": 11,
        "start_stop": "13",
        "end_stop": "3",
        "bus": "25",
        "timestamps": [
          4500.0,
          4530.0,
          4560.0,
          4590.0,
          4620.0
        ]
      },
      "geometry": {
        "type": "LineString",
        "coordinates": [
          [
            10.8935372,
            48.3136913
          ],
          [
            10.8943342,
            48.3136121
          ],
          [
            10.8941166,
            48.3130755
          ],
          [
            10.8942616,
            48.3129364
          ],
          [
            10.901598,
            48.3121819
          ]
        ]
      }
    },
    {
      "type": "Feature",
      "properties": {
        "segment_id": 12,
        "start_stop": "3",
        "end_stop": "10",
        "bus": "25",
        "timestamps": [
          4650.0,
          4710.0,
          4770.0
        ]
      },
      "geometry": {
        "type": "LineString",
        "coordinates": [
          [
            10.901598,
            48.3121819
          ],
          [
            10.9023178,
            48.3121092
          ],
          [
            10.9026835,
            48.3134129
          ]
        ]
      }
    },
    {
      "type": "Feature",
      "properties": {
        "segment_id": 13,
        "start_stop": "10",
        "end_stop": "11",
        "bus": "25",
        "timestamps": [
          4800.0,
          4920.0
        ]
      },
      "geometry": {
        "type": "LineString",
        "coordinates": [
          [
            10.9026835,
            48.3134129
          ],
          [
            10.903498,
            48.3164453
          ]
        ]
      }
    },
    {
      "type": "Feature",
      "properties": {
        "segment_id": 14,
        "start_stop": "11",
        "end_stop": "End",
        "bus": "25",
        "timestamps": [
          4950.0,
          4974.0,
          4998.0,
          5022.0,
          5046.0,
          5070.0
        ]
      },
      "geometry": {
        "type": "LineString",
        "coordinates": [
          [
            10.903498,
            48.3164453
          ],
          [
            10.9037244,
            48.317264
          ],
          [
            10.9096163,
            48.3172617
          ],
          [
            10.9091838,
            48.318471
          ],
          [
            10.9090421,
            48.3195106
          ],
          [
            10.90855,
            48.3194936
          ]
        ]
      }
    },
    {
      "type": "Feature",
      "properties": {
        "segment_id": 1,
        "start_stop": "Start",
        "end_stop": "7",
        "bus": "25",
        "timestamps": [
          4500.0,
          4524.0,
          4548.0,
          4572.0,
          4596.0,
          4620.0
        ]
      },
      "geometry": {
        "type": "LineString",
        "coordinates": [
          [
            10.8941732,
            48.2960603
          ],
          [
            10.8959064,
            48.2957225
          ],
          [
            10.8969575,
            48.2956024
          ],
          [
            10.8974583,
            48.2956252
          ],
          [
            10.8978624,
            48.2959432
          ],
          [
            10.8985565,
            48.2972306
          ]
        ]
      }
    },
    {
      "type": "Feature",
      "properties": {
        "segment_id": 2,
        "start_stop": "7",
        "end_stop": "6",
        "bus": "25",
        "timestamps": [
          4620.0,
          4644.0,
          4668.0,
          4692.0,
          4716.0,
          4740.0
        ]
      },
      "geometry": {
        "type": "LineString",
        "coordinates": [
          [
            10.8985565,
            48.2972306
          ],
          [
            10.8988868,
            48.2979468
          ],
          [
            10.8990726,
            48.298102
          ],
          [
            10.899419,
            48.298174
          ],
          [
            10.90018,
            48.3001264
          ],
          [
            10.8994273,
            48.30019
          ]
        ]
      }
    },
    {
      "type": "Feature",
      "properties": {
        "segment_id": 3,
        "start_stop": "6",
        "end_stop": "14",
        "bus": "25",
        "timestamps": [
          4740.0,
          4780.0,
          4820.0,
          4860.0
        ]
      },
      "geometry": {
        "type": "LineString",
        "coordinates": [
          [
            10.8994273,
            48.30019
          ],
          [
            10.8990573,
            48.3002288
          ],
          [
            10.899476,
            48.3021822
          ],
          [
            10.8988431,
            48.3022456
          ]
        ]
      }
    },
    {
      "type": "Feature",
      "properties": {
        "segment_id": 4,
        "start_stop": "14",
        "end_stop": "16",
        "bus": "25",
        "timestamps": [
          4860.0,
          4920.0,
          4980.0
        ]
      },
      "geometry": {
        "type": "LineString",
        "coordinates": [
          [
            10.8988431,
            48.3022456
          ],
          [
            10.8974467,
            48.3024133
          ],
          [
            10.8977257,
            48.3040761
          ]
        ]
      }
    },
    {
      "type": "Feature",
      "properties": {
        "segment_id": 5,
        "start_stop": "16",
        "end_stop": "5",
        "bus": "25",
        "timestamps": [
          4980.0,
          5004.0,
          5028.0,
          5052.0,
          5076.0,
          5100.0
        ]
      },
      "geometry": {
        "type": "LineString",
        "coordinates": [
          [
            10.8977257,
            48.3040761
          ],
          [
            10.8978129,
            48.3046062
          ],
          [
            10.8984408,
            48.3044906
          ],
          [
            10.8990276,
            48.3045175
          ],
          [
            10.9020532,
            48.3042299
          ],
          [
            10.9020756,
            48.3049825
          ]
        ]
      }
    },
    {
      "type": "Feature",
      "properties": {
        "segment_id": 6,
        "start_stop": "5",
        "end_stop": "4",
        "bus": "25",
        "timestamps": [
          5100.0,
          5140.0,
          5180.0,
          5220.0
        ]
      },
      "geometry": {
        "type": "LineString",
        "coordinates": [
          [
            10.9020756,
            48.3049825
          ],
          [
            10.9021241,
            48.3067987
          ],
          [
            10.9024963,
            48.3083043
          ],
          [
            10.9020169,
            48.3083544
          ]
        ]
      }
    },
    {
      "type": "Feature",
      "properties": {
        "segment_id": 7,
        "start_stop": "4",
        "end_stop": "11",
        "bus": "25",
        "timestamps": [
          5220.0,
          5340.0
        ]
      },
      "geometry": {
        "type": "LineString",
        "coordinates": [
          [
            10.9020169,
            48.3083544
          ],
          [
            10.8973451,
            48.3088654
          ]
        ]
      }
    },
    {
      "type": "Feature",
      "properties": {
        "segment_id": 8,
        "start_stop": "11",
        "end_stop": "3",
        "bus": "25",
        "timestamps": [
          5340.0,
          5360.0,
          5380.0,
          5400.0,
          5420.0,
          5440.0,
          5460.0
        ]
      },
      "geometry": {
        "type": "LineString",
        "coordinates": [
          [
            10.8973451,
            48.3088654
          ],
          [
            10.8937648,
            48.3092037
          ],
          [
            10.8938097,
            48.3097662
          ],
          [
            10.8936388,
            48.3092098
          ],
          [
            10.8924765,
            48.3093624
          ],
          [
            10.8925363,
            48.3098331
          ],
          [
            10.8930199,
            48.3101702
          ]
        ]
      }
    },
    {
      "type": "Feature",
      "properties": {
        "segment_id": 9,
        "start_stop": "3",
        "end_stop": "13",
        "bus": "25",
        "timestamps": [
          5460.0,
          5480.0,
          5500.0,
          5520.0,
          5540.0,
          5560.0,
          5580.0
        ]
      },
      "geometry": {
        "type": "LineString",
        "coordinates": [
          [
            10.8930199,
            48.3101702
          ],
          [
            10.8936372,
            48.310552
          ],
          [
            10.8938217,
            48.310511
          ],
          [
            10.8938334,
            48.310404
          ],
          [
            10.8920548,
            48.3094309
          ],
          [
            10.8897536,
            48.3096996
          ],
          [
            10.8900178,
            48.3114024
          ]
        ]
      }
    },
    {
      "type": "Feature",
      "properties": {
        "segment_id": 10,
        "start_stop": "13",
        "end_stop": "12",
        "bus": "25",
        "timestamps": [
          5580.0,
          5700.0
        ]
      },
      "geometry": {
        "type": "LineString",
        "coordinates": [
          [
            10.8900178,
            48.3114024
          ],
          [
            10.8903834,
            48.3134831
          ]
        ]
      }
    },
    {
      "type": "Feature",
      "properties": {
        "segment_id": 11,
        "start_stop": "12",
        "end_stop": "2",
        "bus": "25",
        "timestamps": [
          5700.0,
          5760.0,
          5820.0
        ]
      },
      "geometry": {
        "type": "LineString",
        "coordinates": [
          [
            10.8903834,
            48.3134831
          ],
          [
            10.890491,
            48.3139248
          ],
          [
            10.8938386,
            48.3136685
          ]
        ]
      }
    },
    {
      "type": "Feature",
      "properties": {
        "segment_id": 12,
        "start_stop": "2",
        "end_stop": "10",
        "bus": "25",
        "timestamps": [
          5820.0,
          5844.0,
          5868.0,
          5892.0,
          5916.0,
          5940.0
        ]
      },
      "geometry": {
        "type": "LineString",
        "coordinates": [
          [
            10.8938386,
            48.3136685
          ],
          [
            10.8943342,
            48.3136121
          ],
          [
            10.8941166,
            48.3130755
          ],
          [
            10.8941654,
            48.3129756
          ],
          [
            10.8943596,
            48.3128993
          ],
          [
            10.8991772,
            48.3124051
          ]
        ]
      }
    },
    {
      "type": "Feature",
      "properties": {
        "segment_id": 13,
        "start_stop": "10",
        "end_stop": "9",
        "bus": "25",
        "timestamps": [
          5940.0,
          6060.0
        ]
      },
      "geometry": {
        "type": "LineString",
        "coordinates": [
          [
            10.8991772,
            48.3124051
          ],
          [
            10.9011526,
            48.3122178
          ]
        ]
      }
    },
    {
      "type": "Feature",
      "properties": {
        "segment_id": 14,
        "start_stop": "9",
        "end_stop": "8",
        "bus": "25",
        "timestamps": [
          6060.0,
          6120.0,
          6180.0
        ]
      },
      "geometry": {
        "type": "LineString",
        "coordinates": [
          [
            10.9011526,
            48.3122178
          ],
          [
            10.9023178,
            48.3121092
          ],
          [
            10.9027642,
            48.3137196
          ]
        ]
      }
    },
    {
      "type": "Feature",
      "properties": {
        "segment_id": 15,
        "start_stop": "8",
        "end_stop": "15",
        "bus": "25",
        "timestamps": [
          6180.0,
          6300.0
        ]
      },
      "geometry": {
        "type": "LineString",
        "coordinates": [
          [
            10.9027642,
            48.3137196
          ],
          [
            10.9034867,
            48.3164048
          ]
        ]
      }
    },
    {
      "type": "Feature",
      "properties": {
        "segment_id": 16,
        "start_stop": "15",
        "end_stop": "End",
        "bus": "25",
        "timestamps": [
          6300.0,
          6330.0,
          6360.0,
          6390.0,
          6420.0
        ]
      },
      "geometry": {
        "type": "LineString",
        "coordinates": [
          [
            10.9034867,
            48.3164048
          ],
          [
            10.9037244,
            48.317264
          ],
          [
            10.907403,
            48.3172659
          ],
          [
            10.9071306,
            48.3193996
          ],
          [
            10.90855,
            48.3194936
          ]
        ]
      }
    },
    {
      "type": "Feature",
      "properties": {
        "segment_id": 1,
        "start_stop": "Start",
        "end_stop": "7",
        "bus": "25",
        "timestamps": [
          4500.0,
          4524.0,
          4548.0,
          4572.0,
          4596.0,
          4620.0
        ]
      },
      "geometry": {
        "type": "LineString",
        "coordinates": [
          [
            10.8941732,
            48.2960603
          ],
          [
            10.8959064,
            48.2957225
          ],
          [
            10.8969575,
            48.2956024
          ],
          [
            10.8974583,
            48.2956252
          ],
          [
            10.8978624,
            48.2959432
          ],
          [
            10.8985565,
            48.2972306
          ]
        ]
      }
    },
    {
      "type": "Feature",
      "properties": {
        "segment_id": 2,
        "start_stop": "7",
        "end_stop": "6",
        "bus": "25",
        "timestamps": [
          4650.0,
          4674.0,
          4698.0,
          4722.0,
          4746.0,
          4770.0
        ]
      },
      "geometry": {
        "type": "LineString",
        "coordinates": [
          [
            10.8985565,
            48.2972306
          ],
          [
            10.8988868,
            48.2979468
          ],
          [
            10.8990726,
            48.298102
          ],
          [
            10.899419,
            48.298174
          ],
          [
            10.90018,
            48.3001264
          ],
          [
            10.8994273,
            48.30019
          ]
        ]
      }
    },
    {
      "type": "Feature",
      "properties": {
        "segment_id": 3,
        "start_stop": "6",
        "end_stop": "14",
        "bus": "25",
        "timestamps": [
          4800.0,
          4840.0,
          4880.0,
          4920.0
        ]
      },
      "geometry": {
        "type": "LineString",
        "coordinates": [
          [
            10.8994273,
            48.30019
          ],
          [
            10.8990573,
            48.3002288
          ],
          [
            10.899476,
            48.3021822
          ],
          [
            10.8988431,
            48.3022456
          ]
        ]
      }
    },
    {
      "type": "Feature",
      "properties": {
        "segment_id": 4,
        "start_stop": "14",
        "end_stop": "16",
        "bus": "25",
        "timestamps": [
          4950.0,
          5010.0,
          5070.0
        ]
      },
      "geometry": {
        "type": "LineString",
        "coordinates": [
          [
            10.8988431,
            48.3022456
          ],
          [
            10.8974467,
            48.3024133
          ],
          [
            10.8977257,
            48.3040761
          ]
        ]
      }
    },
    {
      "type": "Feature",
      "properties": {
        "segment_id": 5,
        "start_stop": "16",
        "end_stop": "5",
        "bus": "25",
        "timestamps": [
          5100.0,
          5124.0,
          5148.0,
          5172.0,
          5196.0,
          5220.0
        ]
      },
      "geometry": {
        "type": "LineString",
        "coordinates": [
          [
            10.8977257,
            48.3040761
          ],
          [
            10.8978129,
            48.3046062
          ],
          [
            10.8984408,
            48.3044906
          ],
          [
            10.8990276,
            48.3045175
          ],
          [
            10.9020532,
            48.3042299
          ],
          [
            10.9020756,
            48.3049825
          ]
        ]
      }
    },
    {
      "type": "Feature",
      "properties": {
        "segment_id": 6,
        "start_stop": "5",
        "end_stop": "4",
        "bus": "25",
        "timestamps": [
          5250.0,
          5290.0,
          5330.0,
          5370.0
        ]
      },
      "geometry": {
        "type": "LineString",
        "coordinates": [
          [
            10.9020756,
            48.3049825
          ],
          [
            10.9021241,
            48.3067987
          ],
          [
            10.9024963,
            48.3083043
          ],
          [
            10.9020169,
            48.3083544
          ]
        ]
      }
    },
    {
      "type": "Feature",
      "properties": {
        "segment_id": 7,
        "start_stop": "4",
        "end_stop": "11",
        "bus": "25",
        "timestamps": [
          5400.0,
          5520.0
        ]
      },
      "geometry": {
        "type": "LineString",
        "coordinates": [
          [
            10.9020169,
            48.3083544
          ],
          [
            10.8973451,
            48.3088654
          ]
        ]
      }
    },
    {
      "type": "Feature",
      "properties": {
        "segment_id": 8,
        "start_stop": "11",
        "end_stop": "3",
        "bus": "25",
        "timestamps": [
          5550.0,
          5570.0,
          5590.0,
          5610.0,
          5630.0,
          5650.0,
          5670.0
        ]
      },
      "geometry": {
        "type": "LineString",
        "coordinates": [
          [
            10.8973451,
            48.3088654
          ],
          [
            10.8937648,
            48.3092037
          ],
          [
            10.8938097,
            48.3097662
          ],
          [
            10.8936388,
            48.3092098
          ],
          [
            10.8924765,
            48.3093624
          ],
          [
            10.8925363,
            48.3098331
          ],
          [
            10.8930199,
            48.3101702
          ]
        ]
      }
    },
    {
      "type": "Feature",
      "properties": {
        "segment_id": 9,
        "start_stop": "3",
        "end_stop": "13",
        "bus": "25",
        "timestamps": [
          5700.0,
          5720.0,
          5740.0,
          5760.0,
          5780.0,
          5800.0,
          5820.0
        ]
      },
      "geometry": {
        "type": "LineString",
        "coordinates": [
          [
            10.8930199,
            48.3101702
          ],
          [
            10.8936372,
            48.310552
          ],
          [
            10.8938217,
            48.310511
          ],
          [
            10.8938334,
            48.310404
          ],
          [
            10.8920548,
            48.3094309
          ],
          [
            10.8897536,
            48.3096996
          ],
          [
            10.8900178,
            48.3114024
          ]
        ]
      }
    },
    {
      "type": "Feature",
      "properties": {
        "segment_id": 10,
        "start_stop": "13",
        "end_stop": "12",
        "bus": "25",
        "timestamps": [
          5850.0,
          5970.0
        ]
      },
      "geometry": {
        "type": "LineString",
        "coordinates": [
          [
            10.8900178,
            48.3114024
          ],
          [
            10.8903834,
            48.3134831
          ]
        ]
      }
    },
    {
      "type": "Feature",
      "properties": {
        "segment_id": 11,
        "start_stop": "12",
        "end_stop": "2",
        "bus": "25",
        "timestamps": [
          6000.0,
          6060.0,
          6120.0
        ]
      },
      "geometry": {
        "type": "LineString",
        "coordinates": [
          [
            10.8903834,
            48.3134831
          ],
          [
            10.890491,
            48.3139248
          ],
          [
            10.8938386,
            48.3136685
          ]
        ]
      }
    },
    {
      "type": "Feature",
      "properties": {
        "segment_id": 12,
        "start_stop": "2",
        "end_stop": "10",
        "bus": "25",
        "timestamps": [
          6150.0,
          6174.0,
          6198.0,
          6222.0,
          6246.0,
          6270.0
        ]
      },
      "geometry": {
        "type": "LineString",
        "coordinates": [
          [
            10.8938386,
            48.3136685
          ],
          [
            10.8943342,
            48.3136121
          ],
          [
            10.8941166,
            48.3130755
          ],
          [
            10.8941654,
            48.3129756
          ],
          [
            10.8943596,
            48.3128993
          ],
          [
            10.8991772,
            48.3124051
          ]
        ]
      }
    },
    {
      "type": "Feature",
      "properties": {
        "segment_id": 13,
        "start_stop": "10",
        "end_stop": "9",
        "bus": "25",
        "timestamps": [
          6300.0,
          6420.0
        ]
      },
      "geometry": {
        "type": "LineString",
        "coordinates": [
          [
            10.8991772,
            48.3124051
          ],
          [
            10.9011526,
            48.3122178
          ]
        ]
      }
    },
    {
      "type": "Feature",
      "properties": {
        "segment_id": 14,
        "start_stop": "9",
        "end_stop": "8",
        "bus": "25",
        "timestamps": [
          6450.0,
          6510.0,
          6570.0
        ]
      },
      "geometry": {
        "type": "LineString",
        "coordinates": [
          [
            10.9011526,
            48.3122178
          ],
          [
            10.9023178,
            48.3121092
          ],
          [
            10.9027642,
            48.3137196
          ]
        ]
      }
    },
    {
      "type": "Feature",
      "properties": {
        "segment_id": 15,
        "start_stop": "8",
        "end_stop": "15",
        "bus": "25",
        "timestamps": [
          6600.0,
          6720.0
        ]
      },
      "geometry": {
        "type": "LineString",
        "coordinates": [
          [
            10.9027642,
            48.3137196
          ],
          [
            10.9034867,
            48.3164048
          ]
        ]
      }
    },
    {
      "type": "Feature",
      "properties": {
        "segment_id": 16,
        "start_stop": "15",
        "end_stop": "End",
        "bus": "25",
        "timestamps": [
          6750.0,
          6780.0,
          6810.0,
          6840.0,
          6870.0
        ]
      },
      "geometry": {
        "type": "LineString",
        "coordinates": [
          [
            10.9034867,
            48.3164048
          ],
          [
            10.9037244,
            48.317264
          ],
          [
            10.907403,
            48.3172659
          ],
          [
            10.9071306,
            48.3193996
          ],
          [
            10.90855,
            48.3194936
          ]
        ]
      }
    },
    {
      "type": "Feature",
      "properties": {
        "segment_id": 1,
        "start_stop": "Start",
        "end_stop": "8",
        "bus": "29",
        "timestamps": [
          1140.0,
          1160.0,
          1180.0,
          1200.0,
          1220.0,
          1240.0,
          1260.0
        ]
      },
      "geometry": {
        "type": "LineString",
        "coordinates": [
          [
            10.9497489,
            48.3414785
          ],
          [
            10.9498191,
            48.3412902
          ],
          [
            10.9500647,
            48.3412793
          ],
          [
            10.9500741,
            48.3402692
          ],
          [
            10.9503632,
            48.3385738
          ],
          [
            10.9501241,
            48.3384086
          ],
          [
            10.9490405,
            48.3383055
          ]
        ]
      }
    },
    {
      "type": "Feature",
      "properties": {
        "segment_id": 2,
        "start_stop": "8",
        "end_stop": "1",
        "bus": "29",
        "timestamps": [
          1260.0,
          1300.0,
          1340.0,
          1380.0
        ]
      },
      "geometry": {
        "type": "LineString",
        "coordinates": [
          [
            10.9490405,
            48.3383055
          ],
          [
            10.9454502,
            48.3379784
          ],
          [
            10.9446109,
            48.3383417
          ],
          [
            10.9444876,
            48.3387255
          ]
        ]
      }
    },
    {
      "type": "Feature",
      "properties": {
        "segment_id": 3,
        "start_stop": "1",
        "end_stop": "2",
        "bus": "29",
        "timestamps": [
          1380.0,
          1500.0
        ]
      },
      "geometry": {
        "type": "LineString",
        "coordinates": [
          [
            10.9444876,
            48.3387255
          ],
          [
            10.9437897,
            48.3417206
          ]
        ]
      }
    },
    {
      "type": "Feature",
      "properties": {
        "segment_id": 4,
        "start_stop": "2",
        "end_stop": "6",
        "bus": "29",
        "timestamps": [
          1500.0,
          1540.0,
          1580.0,
          1620.0
        ]
      },
      "geometry": {
        "type": "LineString",
        "coordinates": [
          [
            10.9437897,
            48.3417206
          ],
          [
            10.9432868,
            48.3431846
          ],
          [
            10.9431231,
            48.3444326
          ],
          [
            10.9442899,
            48.3444767
          ]
        ]
      }
    },
    {
      "type": "Feature",
      "properties": {
        "segment_id": 5,
        "start_stop": "6",
        "end_stop": "7",
        "bus": "29",
        "timestamps": [
          1620.0,
          1660.0,
          1700.0,
          1740.0
        ]
      },
      "geometry": {
        "type": "LineString",
        "coordinates": [
          [
            10.9442899,
            48.3444767
          ],
          [
            10.9446747,
            48.3445006
          ],
          [
            10.9445137,
            48.3458719
          ],
          [
            10.9445213,
            48.3489282
          ]
        ]
      }
    },
    {
      "type": "Feature",
      "properties": {
        "segment_id": 6,
        "start_stop": "7",
        "end_stop": "5",
        "bus": "29",
        "timestamps": [
          1740.0,
          1800.0,
          1860.0
        ]
      },
      "geometry": {
        "type": "LineString",
        "coordinates": [
          [
            10.9445213,
            48.3489282
          ],
          [
            10.9445258,
            48.351572
          ],
          [
            10.9448932,
            48.3526642
          ]
        ]
      }
    },
    {
      "type": "Feature",
      "properties": {
        "segment_id": 7,
        "start_stop": "5",
        "end_stop": "0",
        "bus": "29",
        "timestamps": [
          1860.0,
          1900.0,
          1940.0,
          1980.0
        ]
      },
      "geometry": {
        "type": "LineString",
        "coordinates": [
          [
            10.9448932,
            48.3526642
          ],
          [
            10.9448981,
            48.3533511
          ],
          [
            10.944544,
            48.3540221
          ],
          [
            10.9444546,
            48.3546627
          ]
        ]
      }
    },
    {
      "type": "Feature",
      "properties": {
        "segment_id": 8,
        "start_stop": "0",
        "end_stop": "10",
        "bus": "29",
        "timestamps": [
          1980.0,
          2040.0,
          2100.0
        ]
      },
      "geometry": {
        "type": "LineString",
        "coordinates": [
          [
            10.9444546,
            48.3546627
          ],
          [
            10.9443521,
            48.3551884
          ],
          [
            10.9412967,
            48.3591776
          ]
        ]
      }
    },
    {
      "type": "Feature",
      "properties": {
        "segment_id": 9,
        "start_stop": "10",
        "end_stop": "9",
        "bus": "29",
        "timestamps": [
          2100.0,
          2220.0
        ]
      },
      "geometry": {
        "type": "LineString",
        "coordinates": [
          [
            10.9412967,
            48.3591776
          ],
          [
            10.9388678,
            48.3622948
          ]
        ]
      }
    },
    {
      "type": "Feature",
      "properties": {
        "segment_id": 10,
        "start_stop": "9",
        "end_stop": "End",
        "bus": "29",
        "timestamps": [
          2220.0,
          2250.0,
          2280.0,
          2310.0,
          2340.0
        ]
      },
      "geometry": {
        "type": "LineString",
        "coordinates": [
          [
            10.9388678,
            48.3622948
          ],
          [
            10.9366486,
            48.3651711
          ],
          [
            10.9372198,
            48.3654136
          ],
          [
            10.9369544,
            48.3657011
          ],
          [
            10.9365074,
            48.3657967
          ]
        ]
      }
    },
    {
      "type": "Feature",
      "properties": {
        "segment_id": 1,
        "start_stop": "Start",
        "end_stop": "8",
        "bus": "29",
        "timestamps": [
          1140.0,
          1160.0,
          1180.0,
          1200.0,
          1220.0,
          1240.0,
          1260.0
        ]
      },
      "geometry": {
        "type": "LineString",
        "coordinates": [
          [
            10.9497489,
            48.3414785
          ],
          [
            10.9498191,
            48.3412902
          ],
          [
            10.9500647,
            48.3412793
          ],
          [
            10.9500741,
            48.3402692
          ],
          [
            10.9503632,
            48.3385738
          ],
          [
            10.9501241,
            48.3384086
          ],
          [
            10.9490405,
            48.3383055
          ]
        ]
      }
    },
    {
      "type": "Feature",
      "properties": {
        "segment_id": 2,
        "start_stop": "8",
        "end_stop": "1",
        "bus": "29",
        "timestamps": [
          1290.0,
          1330.0,
          1370.0,
          1410.0
        ]
      },
      "geometry": {
        "type": "LineString",
        "coordinates": [
          [
            10.9490405,
            48.3383055
          ],
          [
            10.9454502,
            48.3379784
          ],
          [
            10.9446109,
            48.3383417
          ],
          [
            10.9444876,
            48.3387255
          ]
        ]
      }
    },
    {
      "type": "Feature",
      "properties": {
        "segment_id": 3,
        "start_stop": "1",
        "end_stop": "2",
        "bus": "29",
        "timestamps": [
          1440.0,
          1560.0
        ]
      },
      "geometry": {
        "type": "LineString",
        "coordinates": [
          [
            10.9444876,
            48.3387255
          ],
          [
            10.9437897,
            48.3417206
          ]
        ]
      }
    },
    {
      "type": "Feature",
      "properties": {
        "segment_id": 4,
        "start_stop": "2",
        "end_stop": "6",
        "bus": "29",
        "timestamps": [
          1590.0,
          1630.0,
          1670.0,
          1710.0
        ]
      },
      "geometry": {
        "type": "LineString",
        "coordinates": [
          [
            10.9437897,
            48.3417206
          ],
          [
            10.9432868,
            48.3431846
          ],
          [
            10.9431231,
            48.3444326
          ],
          [
            10.9442899,
            48.3444767
          ]
        ]
      }
    },
    {
      "type": "Feature",
      "properties": {
        "segment_id": 5,
        "start_stop": "6",
        "end_stop": "7",
        "bus": "29",
        "timestamps": [
          1740.0,
          1780.0,
          1820.0,
          1860.0
        ]
      },
      "geometry": {
        "type": "LineString",
        "coordinates": [
          [
            10.9442899,
            48.3444767
          ],
          [
            10.9446747,
            48.3445006
          ],
          [
            10.9445137,
            48.3458719
          ],
          [
            10.9445213,
            48.3489282
          ]
        ]
      }
    },
    {
      "type": "Feature",
      "properties": {
        "segment_id": 6,
        "start_stop": "7",
        "end_stop": "5",
        "bus": "29",
        "timestamps": [
          1890.0,
          1950.0,
          2010.0
        ]
      },
      "geometry": {
        "type": "LineString",
        "coordinates": [
          [
            10.9445213,
            48.3489282
          ],
          [
            10.9445258,
            48.351572
          ],
          [
            10.9448932,
            48.3526642
          ]
        ]
      }
    },
    {
      "type": "Feature",
      "properties": {
        "segment_id": 7,
        "start_stop": "5",
        "end_stop": "0",
        "bus": "29",
        "timestamps": [
          2040.0,
          2080.0,
          2120.0,
          2160.0
        ]
      },
      "geometry": {
        "type": "LineString",
        "coordinates": [
          [
            10.9448932,
            48.3526642
          ],
          [
            10.9448981,
            48.3533511
          ],
          [
            10.944544,
            48.3540221
          ],
          [
            10.9444546,
            48.3546627
          ]
        ]
      }
    },
    {
      "type": "Feature",
      "properties": {
        "segment_id": 8,
        "start_stop": "0",
        "end_stop": "10",
        "bus": "29",
        "timestamps": [
          2190.0,
          2250.0,
          2310.0
        ]
      },
      "geometry": {
        "type": "LineString",
        "coordinates": [
          [
            10.9444546,
            48.3546627
          ],
          [
            10.9443521,
            48.3551884
          ],
          [
            10.9412967,
            48.3591776
          ]
        ]
      }
    },
    {
      "type": "Feature",
      "properties": {
        "segment_id": 9,
        "start_stop": "10",
        "end_stop": "9",
        "bus": "29",
        "timestamps": [
          2340.0,
          2460.0
        ]
      },
      "geometry": {
        "type": "LineString",
        "coordinates": [
          [
            10.9412967,
            48.3591776
          ],
          [
            10.9388678,
            48.3622948
          ]
        ]
      }
    },
    {
      "type": "Feature",
      "properties": {
        "segment_id": 10,
        "start_stop": "9",
        "end_stop": "End",
        "bus": "29",
        "timestamps": [
          2490.0,
          2520.0,
          2550.0,
          2580.0,
          2610.0
        ]
      },
      "geometry": {
        "type": "LineString",
        "coordinates": [
          [
            10.9388678,
            48.3622948
          ],
          [
            10.9366486,
            48.3651711
          ],
          [
            10.9372198,
            48.3654136
          ],
          [
            10.9369544,
            48.3657011
          ],
          [
            10.9365074,
            48.3657967
          ]
        ]
      }
    },
    {
      "type": "Feature",
      "properties": {
        "segment_id": 1,
        "start_stop": "Start",
        "end_stop": "3",
        "bus": "30",
        "timestamps": [
          600.0,
          640.0,
          680.0,
          720.0
        ]
      },
      "geometry": {
        "type": "LineString",
        "coordinates": [
          [
            10.9502043,
            48.3552703
          ],
          [
            10.9488289,
            48.3551973
          ],
          [
            10.9487814,
            48.3533715
          ],
          [
            10.9486264,
            48.3519072
          ]
        ]
      }
    },
    {
      "type": "Feature",
      "properties": {
        "segment_id": 2,
        "start_stop": "3",
        "end_stop": "0",
        "bus": "30",
        "timestamps": [
          720.0,
          735.0,
          750.0,
          765.0,
          780.0,
          795.0,
          810.0,
          825.0,
          840.0
        ]
      },
      "geometry": {
        "type": "LineString",
        "coordinates": [
          [
            10.9486264,
            48.3519072
          ],
          [
            10.9487496,
            48.3515013
          ],
          [
            10.9491693,
            48.3508931
          ],
          [
            10.9491727,
            48.3504904
          ],
          [
            10.9489216,
            48.3501422
          ],
          [
            10.9480716,
            48.3495428
          ],
          [
            10.9472226,
            48.3491452
          ],
          [
            10.9461085,
            48.3488014
          ],
          [
            10.9453386,
            48.3486624
          ]
        ]
      }
    },
    {
      "type": "Feature",
      "properties": {
        "segment_id": 3,
        "start_stop": "0",
        "end_stop": "4",
        "bus": "30",
        "timestamps": [
          840.0,
          960.0
        ]
      },
      "geometry": {
        "type": "LineString",
        "coordinates": [
          [
            10.9453386,
            48.3486624
          ],
          [
            10.9430492,
            48.3485418
          ]
        ]
      }
    },
    {
      "type": "Feature",
      "properties": {
        "segment_id": 4,
        "start_stop": "4",
        "end_stop": "5",
        "bus": "30",
        "timestamps": [
          960.0,
          1000.0,
          1040.0,
          1080.0
        ]
      },
      "geometry": {
        "type": "LineString",
        "coordinates": [
          [
            10.9430492,
            48.3485418
          ],
          [
            10.9406708,
            48.3484583
          ],
          [
            10.9405087,
            48.3451846
          ],
          [
            10.9406662,
            48.3446327
          ]
        ]
      }
    },
    {
      "type": "Feature",
      "properties": {
        "segment_id": 5,
        "start_stop": "5",
        "end_stop": "6",
        "bus": "30",
        "timestamps": [
          1080.0,
          1120.0,
          1160.0,
          1200.0
        ]
      },
      "geometry": {
        "type": "LineString",
        "coordinates": [
          [
            10.9406662,
            48.3446327
          ],
          [
            10.9408002,
            48.3444239
          ],
          [
            10.9411671,
            48.3443581
          ],
          [
            10.9442899,
            48.3444767
          ]
        ]
      }
    },
    {
      "type": "Feature",
      "properties": {
        "segment_id": 6,
        "start_stop": "6",
        "end_stop": "7",
        "bus": "30",
        "timestamps": [
          1200.0,
          1240.0,
          1280.0,
          1320.0
        ]
      },
      "geometry": {
        "type": "LineString",
        "coordinates": [
          [
            10.9442899,
            48.3444767
          ],
          [
            10.9487476,
            48.3446418
          ],
          [
            10.9489248,
            48.3445249
          ],
          [
            10.9491665,
            48.3434597
          ]
        ]
      }
    },
    {
      "type": "Feature",
      "properties": {
        "segment_id": 7,
        "start_stop": "7",
        "end_stop": "End",
        "bus": "30",
        "timestamps": [
          1320.0,
          1360.0,
          1400.0,
          1440.0
        ]
      },
      "geometry": {
        "type": "LineString",
        "coordinates": [
          [
            10.9491665,
            48.3434597
          ],
          [
            10.9499246,
            48.3417988
          ],
          [
            10.9497308,
            48.341596
          ],
          [
            10.9497489,
            48.3414785
          ]
        ]
      }
    },
    {
      "type": "Feature",
      "properties": {
        "segment_id": 1,
        "start_stop": "Start",
        "end_stop": "3",
        "bus": "30",
        "timestamps": [
          600.0,
          640.0,
          680.0,
          720.0
        ]
      },
      "geometry": {
        "type": "LineString",
        "coordinates": [
          [
            10.9502043,
            48.3552703
          ],
          [
            10.9488289,
            48.3551973
          ],
          [
            10.9487814,
            48.3533715
          ],
          [
            10.9486264,
            48.3519072
          ]
        ]
      }
    },
    {
      "type": "Feature",
      "properties": {
        "segment_id": 2,
        "start_stop": "3",
        "end_stop": "0",
        "bus": "30",
        "timestamps": [
          750.0,
          765.0,
          780.0,
          795.0,
          810.0,
          825.0,
          840.0,
          855.0,
          870.0
        ]
      },
      "geometry": {
        "type": "LineString",
        "coordinates": [
          [
            10.9486264,
            48.3519072
          ],
          [
            10.9487496,
            48.3515013
          ],
          [
            10.9491693,
            48.3508931
          ],
          [
            10.9491727,
            48.3504904
          ],
          [
            10.9489216,
            48.3501422
          ],
          [
            10.9480716,
            48.3495428
          ],
          [
            10.9472226,
            48.3491452
          ],
          [
            10.9461085,
            48.3488014
          ],
          [
            10.9453386,
            48.3486624
          ]
        ]
      }
    },
    {
      "type": "Feature",
      "properties": {
        "segment_id": 3,
        "start_stop": "0",
        "end_stop": "4",
        "bus": "30",
        "timestamps": [
          900.0,
          1020.0
        ]
      },
      "geometry": {
        "type": "LineString",
        "coordinates": [
          [
            10.9453386,
            48.3486624
          ],
          [
            10.9430492,
            48.3485418
          ]
        ]
      }
    },
    {
      "type": "Feature",
      "properties": {
        "segment_id": 4,
        "start_stop": "4",
        "end_stop": "5",
        "bus": "30",
        "timestamps": [
          1050.0,
          1090.0,
          1130.0,
          1170.0
        ]
      },
      "geometry": {
        "type": "LineString",
        "coordinates": [
          [
            10.9430492,
            48.3485418
          ],
          [
            10.9406708,
            48.3484583
          ],
          [
            10.9405087,
            48.3451846
          ],
          [
            10.9406662,
            48.3446327
          ]
        ]
      }
    },
    {
      "type": "Feature",
      "properties": {
        "segment_id": 5,
        "start_stop": "5",
        "end_stop": "6",
        "bus": "30",
        "timestamps": [
          1200.0,
          1240.0,
          1280.0,
          1320.0
        ]
      },
      "geometry": {
        "type": "LineString",
        "coordinates": [
          [
            10.9406662,
            48.3446327
          ],
          [
            10.9408002,
            48.3444239
          ],
          [
            10.9411671,
            48.3443581
          ],
          [
            10.9442899,
            48.3444767
          ]
        ]
      }
    },
    {
      "type": "Feature",
      "properties": {
        "segment_id": 6,
        "start_stop": "6",
        "end_stop": "7",
        "bus": "30",
        "timestamps": [
          1350.0,
          1390.0,
          1430.0,
          1470.0
        ]
      },
      "geometry": {
        "type": "LineString",
        "coordinates": [
          [
            10.9442899,
            48.3444767
          ],
          [
            10.9487476,
            48.3446418
          ],
          [
            10.9489248,
            48.3445249
          ],
          [
            10.9491665,
            48.3434597
          ]
        ]
      }
    },
    {
      "type": "Feature",
      "properties": {
        "segment_id": 7,
        "start_stop": "7",
        "end_stop": "End",
        "bus": "30",
        "timestamps": [
          1500.0,
          1540.0,
          1580.0,
          1620.0
        ]
      },
      "geometry": {
        "type": "LineString",
        "coordinates": [
          [
            10.9491665,
            48.3434597
          ],
          [
            10.9499246,
            48.3417988
          ],
          [
            10.9497308,
            48.341596
          ],
          [
            10.9497489,
            48.3414785
          ]
        ]
      }
    },
    {
      "type": "Feature",
      "properties": {
        "segment_id": 1,
        "start_stop": "Start",
        "end_stop": "9",
        "bus": "30",
        "timestamps": [
          8100.0,
          8140.0,
          8180.0,
          8220.0
        ]
      },
      "geometry": {
        "type": "LineString",
        "coordinates": [
          [
            10.944315,
            48.339351
          ],
          [
            10.9446109,
            48.3383417
          ],
          [
            10.9454502,
            48.3379784
          ],
          [
            10.9490405,
            48.3383055
          ]
        ]
      }
    },
    {
      "type": "Feature",
      "properties": {
        "segment_id": 2,
        "start_stop": "9",
        "end_stop": "8",
        "bus": "30",
        "timestamps": [
          8220.0,
          8244.0,
          8268.0,
          8292.0,
          8316.0,
          8340.0
        ]
      },
      "geometry": {
        "type": "LineString",
        "coordinates": [
          [
            10.9490405,
            48.3383055
          ],
          [
            10.9501241,
            48.3384086
          ],
          [
            10.9503632,
            48.3385738
          ],
          [
            10.9500741,
            48.3402692
          ],
          [
            10.9500647,
            48.3412793
          ],
          [
            10.9498959,
            48.3418667
          ]
        ]
      }
    },
    {
      "type": "Feature",
      "properties": {
        "segment_id": 3,
        "start_stop": "8",
        "end_stop": "7",
        "bus": "30",
        "timestamps": [
          8340.0,
          8400.0,
          8460.0
        ]
      },
      "geometry": {
        "type": "LineString",
        "coordinates": [
          [
            10.9498959,
            48.3418667
          ],
          [
            10.9492891,
            48.3431486
          ],
          [
            10.9489925,
            48.3441431
          ]
        ]
      }
    },
    {
      "type": "Feature",
      "properties": {
        "segment_id": 4,
        "start_stop": "7",
        "end_stop": "6",
        "bus": "30",
        "timestamps": [
          8460.0,
          8500.0,
          8540.0,
          8580.0
        ]
      },
      "geometry": {
        "type": "LineString",
        "coordinates": [
          [
            10.9489925,
            48.3441431
          ],
          [
            10.9489248,
            48.3445249
          ],
          [
            10.9487476,
            48.3446418
          ],
          [
            10.9450102,
            48.3445138
          ]
        ]
      }
    },
    {
      "type": "Feature",
      "properties": {
        "segment_id": 5,
        "start_stop": "6",
        "end_stop": "5",
        "bus": "30",
        "timestamps": [
          8580.0,
          8604.0,
          8628.0,
          8652.0,
          8676.0,
          8700.0
        ]
      },
      "geometry": {
        "type": "LineString",
        "coordinates": [
          [
            10.9450102,
            48.3445138
          ],
          [
            10.9409683,
            48.3443722
          ],
          [
            10.9408002,
            48.3444239
          ],
          [
            10.9406953,
            48.3445591
          ],
          [
            10.9405191,
            48.345005
          ],
          [
            10.9405461,
            48.345746
          ]
        ]
      }
    },
    {
      "type": "Feature",
      "properties": {
        "segment_id": 6,
        "start_stop": "5",
        "end_stop": "4",
        "bus": "30",
        "timestamps": [
          8700.0,
          8760.0,
          8820.0
        ]
      },
      "geometry": {
        "type": "LineString",
        "coordinates": [
          [
            10.9405461,
            48.345746
          ],
          [
            10.9406708,
            48.3484583
          ],
          [
            10.9430492,
            48.3485418
          ]
        ]
      }
    },
    {
      "type": "Feature",
      "properties": {
        "segment_id": 7,
        "start_stop": "4",
        "end_stop": "0",
        "bus": "30",
        "timestamps": [
          8820.0,
          8880.0,
          8940.0
        ]
      },
      "geometry": {
        "type": "LineString",
        "coordinates": [
          [
            10.9430492,
            48.3485418
          ],
          [
            10.9449504,
            48.3486157
          ],
          [
            10.946291,
            48.3488512
          ]
        ]
      }
    },
    {
      "type": "Feature",
      "properties": {
        "segment_id": 8,
        "start_stop": "0",
        "end_stop": "3",
        "bus": "30",
        "timestamps": [
          8940.0,
          8957.1429,
          8974.2857,
          8991.4286,
          9008.5714,
          9025.7143,
          9042.8571,
          9060.0
        ]
      },
      "geometry": {
        "type": "LineString",
        "coordinates": [
          [
            10.946291,
            48.3488512
          ],
          [
            10.9472226,
            48.3491452
          ],
          [
            10.9480716,
            48.3495428
          ],
          [
            10.9489216,
            48.3501422
          ],
          [
            10.9491727,
            48.3504904
          ],
          [
            10.9491925,
            48.3506606
          ],
          [
            10.9491693,
            48.3508931
          ],
          [
            10.9490231,
            48.3511061
          ]
        ]
      }
    },
    {
      "type": "Feature",
      "properties": {
        "segment_id": 9,
        "start_stop": "3",
        "end_stop": "End",
        "bus": "30",
        "timestamps": [
          9060.0,
          9090.0,
          9120.0,
          9150.0,
          9180.0
        ]
      },
      "geometry": {
        "type": "LineString",
        "coordinates": [
          [
            10.9490231,
            48.3511061
          ],
          [
            10.9486333,
            48.3517564
          ],
          [
            10.9487814,
            48.3533715
          ],
          [
            10.9488289,
            48.3551973
          ],
          [
            10.9509834,
            48.3553437
          ]
        ]
      }
    },
    {
      "type": "Feature",
      "properties": {
        "segment_id": 1,
        "start_stop": "Start",
        "end_stop": "9",
        "bus": "30",
        "timestamps": [
          8100.0,
          8140.0,
          8180.0,
          8220.0
        ]
      },
      "geometry": {
        "type": "LineString",
        "coordinates": [
          [
            10.944315,
            48.339351
          ],
          [
            10.9446109,
            48.3383417
          ],
          [
            10.9454502,
            48.3379784
          ],
          [
            10.9490405,
            48.3383055
          ]
        ]
      }
    },
    {
      "type": "Feature",
      "properties": {
        "segment_id": 2,
        "start_stop": "9",
        "end_stop": "8",
        "bus": "30",
        "timestamps": [
          8250.0,
          8274.0,
          8298.0,
          8322.0,
          8346.0,
          8370.0
        ]
      },
      "geometry": {
        "type": "LineString",
        "coordinates": [
          [
            10.9490405,
            48.3383055
          ],
          [
            10.9501241,
            48.3384086
          ],
          [
            10.9503632,
            48.3385738
          ],
          [
            10.9500741,
            48.3402692
          ],
          [
            10.9500647,
            48.3412793
          ],
          [
            10.9498959,
            48.3418667
          ]
        ]
      }
    },
    {
      "type": "Feature",
      "properties": {
        "segment_id": 3,
        "start_stop": "8",
        "end_stop": "7",
        "bus": "30",
        "timestamps": [
          8400.0,
          8460.0,
          8520.0
        ]
      },
      "geometry": {
        "type": "LineString",
        "coordinates": [
          [
            10.9498959,
            48.3418667
          ],
          [
            10.9492891,
            48.3431486
          ],
          [
            10.9489925,
            48.3441431
          ]
        ]
      }
    },
    {
      "type": "Feature",
      "properties": {
        "segment_id": 4,
        "start_stop": "7",
        "end_stop": "6",
        "bus": "30",
        "timestamps": [
          8550.0,
          8590.0,
          8630.0,
          8670.0
        ]
      },
      "geometry": {
        "type": "LineString",
        "coordinates": [
          [
            10.9489925,
            48.3441431
          ],
          [
            10.9489248,
            48.3445249
          ],
          [
            10.9487476,
            48.3446418
          ],
          [
            10.9450102,
            48.3445138
          ]
        ]
      }
    },
    {
      "type": "Feature",
      "properties": {
        "segment_id": 5,
        "start_stop": "6",
        "end_stop": "5",
        "bus": "30",
        "timestamps": [
          8700.0,
          8724.0,
          8748.0,
          8772.0,
          8796.0,
          8820.0
        ]
      },
      "geometry": {
        "type": "LineString",
        "coordinates": [
          [
            10.9450102,
            48.3445138
          ],
          [
            10.9409683,
            48.3443722
          ],
          [
            10.9408002,
            48.3444239
          ],
          [
            10.9406953,
            48.3445591
          ],
          [
            10.9405191,
            48.345005
          ],
          [
            10.9405461,
            48.345746
          ]
        ]
      }
    },
    {
      "type": "Feature",
      "properties": {
        "segment_id": 6,
        "start_stop": "5",
        "end_stop": "4",
        "bus": "30",
        "timestamps": [
          8850.0,
          8910.0,
          8970.0
        ]
      },
      "geometry": {
        "type": "LineString",
        "coordinates": [
          [
            10.9405461,
            48.345746
          ],
          [
            10.9406708,
            48.3484583
          ],
          [
            10.9430492,
            48.3485418
          ]
        ]
      }
    },
    {
      "type": "Feature",
      "properties": {
        "segment_id": 7,
        "start_stop": "4",
        "end_stop": "0",
        "bus": "30",
        "timestamps": [
          9000.0,
          9060.0,
          9120.0
        ]
      },
      "geometry": {
        "type": "LineString",
        "coordinates": [
          [
            10.9430492,
            48.3485418
          ],
          [
            10.9449504,
            48.3486157
          ],
          [
            10.946291,
            48.3488512
          ]
        ]
      }
    },
    {
      "type": "Feature",
      "properties": {
        "segment_id": 8,
        "start_stop": "0",
        "end_stop": "3",
        "bus": "30",
        "timestamps": [
          9150.0,
          9167.1429,
          9184.2857,
          9201.4286,
          9218.5714,
          9235.7143,
          9252.8571,
          9270.0
        ]
      },
      "geometry": {
        "type": "LineString",
        "coordinates": [
          [
            10.946291,
            48.3488512
          ],
          [
            10.9472226,
            48.3491452
          ],
          [
            10.9480716,
            48.3495428
          ],
          [
            10.9489216,
            48.3501422
          ],
          [
            10.9491727,
            48.3504904
          ],
          [
            10.9491925,
            48.3506606
          ],
          [
            10.9491693,
            48.3508931
          ],
          [
            10.9490231,
            48.3511061
          ]
        ]
      }
    },
    {
      "type": "Feature",
      "properties": {
        "segment_id": 9,
        "start_stop": "3",
        "end_stop": "End",
        "bus": "30",
        "timestamps": [
          9300.0,
          9330.0,
          9360.0,
          9390.0,
          9420.0
        ]
      },
      "geometry": {
        "type": "LineString",
        "coordinates": [
          [
            10.9490231,
            48.3511061
          ],
          [
            10.9486333,
            48.3517564
          ],
          [
            10.9487814,
            48.3533715
          ],
          [
            10.9488289,
            48.3551973
          ],
          [
            10.9509834,
            48.3553437
          ]
        ]
      }
    },
    {
      "type": "Feature",
      "properties": {
        "segment_id": 1,
        "start_stop": "Start",
        "end_stop": "4",
        "bus": "31",
        "timestamps": [
          3000.0,
          3040.0,
          3080.0,
          3120.0
        ]
      },
      "geometry": {
        "type": "LineString",
        "coordinates": [
          [
            10.9502043,
            48.3552703
          ],
          [
            10.9493096,
            48.3551838
          ],
          [
            10.9481035,
            48.3552411
          ],
          [
            10.9479854,
            48.3563799
          ]
        ]
      }
    },
    {
      "type": "Feature",
      "properties": {
        "segment_id": 2,
        "start_stop": "4",
        "end_stop": "1",
        "bus": "31",
        "timestamps": [
          3120.0,
          3160.0,
          3200.0,
          3240.0
        ]
      },
      "geometry": {
        "type": "LineString",
        "coordinates": [
          [
            10.9479854,
            48.3563799
          ],
          [
            10.9476588,
            48.3594162
          ],
          [
            10.9474149,
            48.359688
          ],
          [
            10.9469125,
            48.3599715
          ]
        ]
      }
    },
    {
      "type": "Feature",
      "properties": {
        "segment_id": 3,
        "start_stop": "1",
        "end_stop": "3",
        "bus": "31",
        "timestamps": [
          3240.0,
          3264.0,
          3288.0,
          3312.0,
          3336.0,
          3360.0
        ]
      },
      "geometry": {
        "type": "LineString",
        "coordinates": [
          [
            10.9469125,
            48.3599715
          ],
          [
            10.9465657,
            48.3603419
          ],
          [
            10.9463296,
            48.3609472
          ],
          [
            10.9460521,
            48.3613189
          ],
          [
            10.9452061,
            48.3619092
          ],
          [
            10.9444534,
            48.3626989
          ]
        ]
      }
    },
    {
      "type": "Feature",
      "properties": {
        "segment_id": 4,
        "start_stop": "3",
        "end_stop": "5",
        "bus": "31",
        "timestamps": [
          3360.0,
          3390.0,
          3420.0,
          3450.0,
          3480.0
        ]
      },
      "geometry": {
        "type": "LineString",
        "coordinates": [
          [
            10.9444534,
            48.3626989
          ],
          [
            10.9435446,
            48.3636567
          ],
          [
            10.9427781,
            48.3643101
          ],
          [
            10.9421082,
            48.3647063
          ],
          [
            10.9413121,
            48.3650079
          ]
        ]
      }
    },
    {
      "type": "Feature",
      "properties": {
        "segment_id": 5,
        "start_stop": "5",
        "end_stop": "End",
        "bus": "31",
        "timestamps": [
          3480.0,
          3497.1429,
          3514.2857,
          3531.4286,
          3548.5714,
          3565.7143,
          3582.8571,
          3600.0
        ]
      },
      "geometry": {
        "type": "LineString",
        "coordinates": [
          [
            10.9413121,
            48.3650079
          ],
          [
            10.9401966,
            48.3652754
          ],
          [
            10.939358,
            48.3655885
          ],
          [
            10.9371075,
            48.3645914
          ],
          [
            10.9366486,
            48.3651711
          ],
          [
            10.9372198,
            48.3654136
          ],
          [
            10.9369544,
            48.3657011
          ],
          [
            10.9365074,
            48.3657967
          ]
        ]
      }
    },
    {
      "type": "Feature",
      "properties": {
        "segment_id": 1,
        "start_stop": "Start",
        "end_stop": "4",
        "bus": "31",
        "timestamps": [
          3000.0,
          3040.0,
          3080.0,
          3120.0
        ]
      },
      "geometry": {
        "type": "LineString",
        "coordinates": [
          [
            10.9502043,
            48.3552703
          ],
          [
            10.9493096,
            48.3551838
          ],
          [
            10.9481035,
            48.3552411
          ],
          [
            10.9479854,
            48.3563799
          ]
        ]
      }
    },
    {
      "type": "Feature",
      "properties": {
        "segment_id": 2,
        "start_stop": "4",
        "end_stop": "1",
        "bus": "31",
        "timestamps": [
          3150.0,
          3190.0,
          3230.0,
          3270.0
        ]
      },
      "geometry": {
        "type": "LineString",
        "coordinates": [
          [
            10.9479854,
            48.3563799
          ],
          [
            10.9476588,
            48.3594162
          ],
          [
            10.9474149,
            48.359688
          ],
          [
            10.9469125,
            48.3599715
          ]
        ]
      }
    },
    {
      "type": "Feature",
      "properties": {
        "segment_id": 3,
        "start_stop": "1",
        "end_stop": "3",
        "bus": "31",
        "timestamps": [
          3300.0,
          3324.0,
          3348.0,
          3372.0,
          3396.0,
          3420.0
        ]
      },
      "geometry": {
        "type": "LineString",
        "coordinates": [
          [
            10.9469125,
            48.3599715
          ],
          [
            10.9465657,
            48.3603419
          ],
          [
            10.9463296,
            48.3609472
          ],
          [
            10.9460521,
            48.3613189
          ],
          [
            10.9452061,
            48.3619092
          ],
          [
            10.9444534,
            48.3626989
          ]
        ]
      }
    },
    {
      "type": "Feature",
      "properties": {
        "segment_id": 4,
        "start_stop": "3",
        "end_stop": "5",
        "bus": "31",
        "timestamps": [
          3450.0,
          3480.0,
          3510.0,
          3540.0,
          3570.0
        ]
      },
      "geometry": {
        "type": "LineString",
        "coordinates": [
          [
            10.9444534,
            48.3626989
          ],
          [
            10.9435446,
            48.3636567
          ],
          [
            10.9427781,
            48.3643101
          ],
          [
            10.9421082,
            48.3647063
          ],
          [
            10.9413121,
            48.3650079
          ]
        ]
      }
    },
    {
      "type": "Feature",
      "properties": {
        "segment_id": 5,
        "start_stop": "5",
        "end_stop": "End",
        "bus": "31",
        "timestamps": [
          3600.0,
          3617.1429,
          3634.2857,
          3651.4286,
          3668.5714,
          3685.7143,
          3702.8571,
          3720.0
        ]
      },
      "geometry": {
        "type": "LineString",
        "coordinates": [
          [
            10.9413121,
            48.3650079
          ],
          [
            10.9401966,
            48.3652754
          ],
          [
            10.939358,
            48.3655885
          ],
          [
            10.9371075,
            48.3645914
          ],
          [
            10.9366486,
            48.3651711
          ],
          [
            10.9372198,
            48.3654136
          ],
          [
            10.9369544,
            48.3657011
          ],
          [
            10.9365074,
            48.3657967
          ]
        ]
      }
    },
    {
      "type": "Feature",
      "properties": {
        "segment_id": 1,
        "start_stop": "Start",
        "end_stop": "15",
        "bus": "32",
        "timestamps": [
          1800.0,
          1817.1429,
          1834.2857,
          1851.4286,
          1868.5714,
          1885.7143,
          1902.8571,
          1920.0
        ]
      },
      "geometry": {
        "type": "LineString",
        "coordinates": [
          [
            10.9160352,
            48.3500674
          ],
          [
            10.9163614,
            48.3498383
          ],
          [
            10.9164455,
            48.3496073
          ],
          [
            10.9178602,
            48.3498212
          ],
          [
            10.9174015,
            48.3516191
          ],
          [
            10.9172208,
            48.3519307
          ],
          [
            10.917316,
            48.3522505
          ],
          [
            10.9170288,
            48.3525204
          ]
        ]
      }
    },
    {
      "type": "Feature",
      "properties": {
        "segment_id": 2,
        "start_stop": "15",
        "end_stop": "2",
        "bus": "32",
        "timestamps": [
          1920.0,
          1960.0,
          2000.0,
          2040.0
        ]
      },
      "geometry": {
        "type": "LineString",
        "coordinates": [
          [
            10.9170288,
            48.3525204
          ],
          [
            10.915342,
            48.3548037
          ],
          [
            10.9156142,
            48.3559126
          ],
          [
            10.9145727,
            48.3561736
          ]
        ]
      }
    },
    {
      "type": "Feature",
      "properties": {
        "segment_id": 3,
        "start_stop": "2",
        "end_stop": "12",
        "bus": "32",
        "timestamps": [
          2040.0,
          2080.0,
          2120.0,
          2160.0
        ]
      },
      "geometry": {
        "type": "LineString",
        "coordinates": [
          [
            10.9145727,
            48.3561736
          ],
          [
            10.9136846,
            48.3563766
          ],
          [
            10.912584,
            48.3567653
          ],
          [
            10.91056,
            48.3576872
          ]
        ]
      }
    },
    {
      "type": "Feature",
      "properties": {
        "segment_id": 4,
        "start_stop": "12",
        "end_stop": "5",
        "bus": "32",
        "timestamps": [
          2160.0,
          2190.0,
          2220.0,
          2250.0,
          2280.0
        ]
      },
      "geometry": {
        "type": "LineString",
        "coordinates": [
          [
            10.91056,
            48.3576872
          ],
          [
            10.910181,
            48.3577782
          ],
          [
            10.9076085,
            48.3589931
          ],
          [
            10.9065834,
            48.3593892
          ],
          [
            10.9061697,
            48.3594509
          ]
        ]
      }
    },
    {
      "type": "Feature",
      "properties": {
        "segment_id": 5,
        "start_stop": "5",
        "end_stop": "18",
        "bus": "32",
        "timestamps": [
          2280.0,
          2297.1429,
          2314.2857,
          2331.4286,
          2348.5714,
          2365.7143,
          2382.8571,
          2400.0
        ]
      },
      "geometry": {
        "type": "LineString",
        "coordinates": [
          [
            10.9061697,
            48.3594509
          ],
          [
            10.905945,
            48.3595841
          ],
          [
            10.9053128,
            48.3610506
          ],
          [
            10.9049208,
            48.3611724
          ],
          [
            10.9046866,
            48.361341
          ],
          [
            10.9047953,
            48.3621494
          ],
          [
            10.9043011,
            48.3621842
          ],
          [
            10.9034103,
            48.3620995
          ]
        ]
      }
    },
    {
      "type": "Feature",
      "properties": {
        "segment_id": 6,
        "start_stop": "18",
        "end_stop": "19",
        "bus": "32",
        "timestamps": [
          2400.0,
          2420.0,
          2440.0,
          2460.0,
          2480.0,
          2500.0,
          2520.0
        ]
      },
      "geometry": {
        "type": "LineString",
        "coordinates": [
          [
            10.9034103,
            48.3620995
          ],
          [
            10.9026514,
            48.3619477
          ],
          [
            10.9013897,
            48.3619533
          ],
          [
            10.9005538,
            48.3621726
          ],
          [
            10.9002992,
            48.362327
          ],
          [
            10.9002659,
            48.3629332
          ],
          [
            10.900116,
            48.3632816
          ]
        ]
      }
    },
    {
      "type": "Feature",
      "properties": {
        "segment_id": 7,
        "start_stop": "19",
        "end_stop": "4",
        "bus": "32",
        "timestamps": [
          2520.0,
          2535.0,
          2550.0,
          2565.0,
          2580.0,
          2595.0,
          2610.0,
          2625.0,
          2640.0
        ]
      },
      "geometry": {
        "type": "LineString",
        "coordinates": [
          [
            10.900116,
            48.3632816
          ],
          [
            10.8996113,
            48.364825
          ],
          [
            10.8996868,
            48.3648861
          ],
          [
            10.8996634,
            48.3650767
          ],
          [
            10.8995722,
            48.3652444
          ],
          [
            10.8994201,
            48.3653154
          ],
          [
            10.8986884,
            48.3669126
          ],
          [
            10.8982788,
            48.3672563
          ],
          [
            10.8974953,
            48.3670837
          ]
        ]
      }
    },
    {
      "type": "Feature",
      "properties": {
        "segment_id": 8,
        "start_stop": "4",
        "end_stop": "21",
        "bus": "32",
        "timestamps": [
          2640.0,
          2664.0,
          2688.0,
          2712.0,
          2736.0,
          2760.0
        ]
      },
      "geometry": {
        "type": "LineString",
        "coordinates": [
          [
            10.8974953,
            48.3670837
          ],
          [
            10.8958507,
            48.3665596
          ],
          [
            10.894765,
            48.3664357
          ],
          [
            10.8946538,
            48.366358
          ],
          [
            10.8944842,
            48.365912
          ],
          [
            10.8940372,
            48.3652719
          ]
        ]
      }
    },
    {
      "type": "Feature",
      "properties": {
        "segment_id": 9,
        "start_stop": "21",
        "end_stop": "8",
        "bus": "32",
        "timestamps": [
          2760.0,
          2800.0,
          2840.0,
          2880.0
        ]
      },
      "geometry": {
        "type": "LineString",
        "coordinates": [
          [
            10.8940372,
            48.3652719
          ],
          [
            10.8938758,
            48.3650519
          ],
          [
            10.8934289,
            48.3650084
          ],
          [
            10.8881204,
            48.36548
          ]
        ]
      }
    },
    {
      "type": "Feature",
      "properties": {
        "segment_id": 10,
        "start_stop": "8",
        "end_stop": "20",
        "bus": "32",
        "timestamps": [
          2880.0,
          2904.0,
          2928.0,
          2952.0,
          2976.0,
          3000.0
        ]
      },
      "geometry": {
        "type": "LineString",
        "coordinates": [
          [
            10.8881204,
            48.36548
          ],
          [
            10.8879492,
            48.3655131
          ],
          [
            10.8877702,
            48.3656787
          ],
          [
            10.8858772,
            48.3677034
          ],
          [
            10.8828138,
            48.3662209
          ],
          [
            10.8818963,
            48.3658729
          ]
        ]
      }
    },
    {
      "type": "Feature",
      "properties": {
        "segment_id": 11,
        "start_stop": "20",
        "end_stop": "13",
        "bus": "32",
        "timestamps": [
          3000.0,
          3060.0,
          3120.0
        ]
      },
      "geometry": {
        "type": "LineString",
        "coordinates": [
          [
            10.8818963,
            48.3658729
          ],
          [
            10.8815281,
            48.3658411
          ],
          [
            10.8783898,
            48.3649354
          ]
        ]
      }
    },
    {
      "type": "Feature",
      "properties": {
        "segment_id": 12,
        "start_stop": "13",
        "end_stop": "22",
        "bus": "32",
        "timestamps": [
          3120.0,
          3160.0,
          3200.0,
          3240.0
        ]
      },
      "geometry": {
        "type": "LineString",
        "coordinates": [
          [
            10.8783898,
            48.3649354
          ],
          [
            10.8778057,
            48.3647544
          ],
          [
            10.8772856,
            48.3659967
          ],
          [
            10.8764289,
            48.3674223
          ]
        ]
      }
    },
    {
      "type": "Feature",
      "properties": {
        "segment_id": 13,
        "start_stop": "22",
        "end_stop": "9",
        "bus": "32",
        "timestamps": [
          3240.0,
          3260.0,
          3280.0,
          3300.0,
          3320.0,
          3340.0,
          3360.0
        ]
      },
      "geometry": {
        "type": "LineString",
        "coordinates": [
          [
            10.8764289,
            48.3674223
          ],
          [
            10.876141,
            48.3679432
          ],
          [
            10.8761194,
            48.3687812
          ],
          [
            10.8757769,
            48.3711228
          ],
          [
            10.8757917,
            48.3715436
          ],
          [
            10.8754968,
            48.3715383
          ],
          [
            10.8752111,
            48.3712566
          ]
        ]
      }
    },
    {
      "type": "Feature",
      "properties": {
        "segment_id": 14,
        "start_stop": "9",
        "end_stop": "10",
        "bus": "32",
        "timestamps": [
          3360.0,
          3420.0,
          3480.0
        ]
      },
      "geometry": {
        "type": "LineString",
        "coordinates": [
          [
            10.8752111,
            48.3712566
          ],
          [
            10.8748107,
            48.3709501
          ],
          [
            10.8712446,
            48.3717452
          ]
        ]
      }
    },
    {
      "type": "Feature",
      "properties": {
        "segment_id": 15,
        "start_stop": "10",
        "end_stop": "16",
        "bus": "32",
        "timestamps": [
          3480.0,
          3540.0,
          3600.0
        ]
      },
      "geometry": {
        "type": "LineString",
        "coordinates": [
          [
            10.8712446,
            48.3717452
          ],
          [
            10.8687593,
            48.3721982
          ],
          [
            10.8633737,
            48.3727393
          ]
        ]
      }
    },
    {
      "type": "Feature",
      "properties": {
        "segment_id": 16,
        "start_stop": "16",
        "end_stop": "17",
        "bus": "32",
        "timestamps": [
          3600.0,
          3720.0
        ]
      },
      "geometry": {
        "type": "LineString",
        "coordinates": [
          [
            10.8633737,
            48.3727393
          ],
          [
            10.857135,
            48.3733818
          ]
        ]
      }
    },
    {
      "type": "Feature",
      "properties": {
        "segment_id": 17,
        "start_stop": "17",
        "end_stop": "0",
        "bus": "32",
        "timestamps": [
          3720.0,
          3780.0,
          3840.0
        ]
      },
      "geometry": {
        "type": "LineString",
        "coordinates": [
          [
            10.857135,
            48.3733818
          ],
          [
            10.8520467,
            48.3739065
          ],
          [
            10.8500473,
            48.3742424
          ]
        ]
      }
    },
    {
      "type": "Feature",
      "properties": {
        "segment_id": 18,
        "start_stop": "0",
        "end_stop": "7",
        "bus": "32",
        "timestamps": [
          3840.0,
          3880.0,
          3920.0,
          3960.0
        ]
      },
      "geometry": {
        "type": "LineString",
        "coordinates": [
          [
            10.8500473,
            48.3742424
          ],
          [
            10.8488717,
            48.3745262
          ],
          [
            10.8494654,
            48.3756342
          ],
          [
            10.8501102,
            48.3772516
          ]
        ]
      }
    },
    {
      "type": "Feature",
      "properties": {
        "segment_id": 19,
        "start_stop": "7",
        "end_stop": "6",
        "bus": "32",
        "timestamps": [
          3960.0,
          4000.0,
          4040.0,
          4080.0
        ]
      },
      "geometry": {
        "type": "LineString",
        "coordinates": [
          [
            10.8501102,
            48.3772516
          ],
          [
            10.850542,
            48.3784371
          ],
          [
            10.8505606,
            48.3787885
          ],
          [
            10.8504826,
            48.3790531
          ]
        ]
      }
    },
    {
      "type": "Feature",
      "properties": {
        "segment_id": 20,
        "start_stop": "6",
        "end_stop": "14",
        "bus": "32",
        "timestamps": [
          4080.0,
          4140.0,
          4200.0
        ]
      },
      "geometry": {
        "type": "LineString",
        "coordinates": [
          [
            10.8504826,
            48.3790531
          ],
          [
            10.8499458,
            48.3796712
          ],
          [
            10.8470664,
            48.379474
          ]
        ]
      }
    },
    {
      "type": "Feature",
      "properties": {
        "segment_id": 21,
        "start_stop": "14",
        "end_stop": "11",
        "bus": "32",
        "timestamps": [
          4200.0,
          4240.0,
          4280.0,
          4320.0
        ]
      },
      "geometry": {
        "type": "LineString",
        "coordinates": [
          [
            10.8470664,
            48.379474
          ],
          [
            10.8444195,
            48.379283
          ],
          [
            10.8406574,
            48.3784871
          ],
          [
            10.8405342,
            48.3789543
          ]
        ]
      }
    },
    {
      "type": "Feature",
      "properties": {
        "segment_id": 22,
        "start_stop": "11",
        "end_stop": "End",
        "bus": "32",
        "timestamps": [
          4320.0,
          4329.2308,
          4338.4615,
          4347.6923,
          4356.9231,
          4366.1538,
          4375.3846,
          4384.6154,
          4393.8462,
          4403.0769,
          4412.3077,
          4421.5385,
          4430.7692,
          4440.0
        ]
      },
      "geometry": {
        "type": "LineString",
        "coordinates": [
          [
            10.8405342,
            48.3789543
          ],
          [
            10.8403362,
            48.3798595
          ],
          [
            10.8403339,
            48.3802287
          ],
          [
            10.8405447,
            48.3806799
          ],
          [
            10.841351,
            48.3815971
          ],
          [
            10.8414186,
            48.3819765
          ],
          [
            10.84134,
            48.3823904
          ],
          [
            10.8407843,
            48.3824258
          ],
          [
            10.839639,
            48.3830151
          ],
          [
            10.8394888,
            48.3832318
          ],
          [
            10.8394022,
            48.3837522
          ],
          [
            10.8393328,
            48.3838045
          ],
          [
            10.8389848,
            48.383768
          ],
          [
            10.8389926,
            48.3835119
          ]
        ]
      }
    },
    {
      "type": "Feature",
      "properties": {
        "segment_id": 1,
        "start_stop": "Start",
        "end_stop": "15",
        "bus": "32",
        "timestamps": [
          1800.0,
          1817.1429,
          1834.2857,
          1851.4286,
          1868.5714,
          1885.7143,
          1902.8571,
          1920.0
        ]
      },
      "geometry": {
        "type": "LineString",
        "coordinates": [
          [
            10.9160352,
            48.3500674
          ],
          [
            10.9163614,
            48.3498383
          ],
          [
            10.9164455,
            48.3496073
          ],
          [
            10.9178602,
            48.3498212
          ],
          [
            10.9174015,
            48.3516191
          ],
          [
            10.9172208,
            48.3519307
          ],
          [
            10.917316,
            48.3522505
          ],
          [
            10.9170288,
            48.3525204
          ]
        ]
      }
    },
    {
      "type": "Feature",
      "properties": {
        "segment_id": 2,
        "start_stop": "15",
        "end_stop": "2",
        "bus": "32",
        "timestamps": [
          1950.0,
          1990.0,
          2030.0,
          2070.0
        ]
      },
      "geometry": {
        "type": "LineString",
        "coordinates": [
          [
            10.9170288,
            48.3525204
          ],
          [
            10.915342,
            48.3548037
          ],
          [
            10.9156142,
            48.3559126
          ],
          [
            10.9145727,
            48.3561736
          ]
        ]
      }
    },
    {
      "type": "Feature",
      "properties": {
        "segment_id": 3,
        "start_stop": "2",
        "end_stop": "12",
        "bus": "32",
        "timestamps": [
          2100.0,
          2140.0,
          2180.0,
          2220.0
        ]
      },
      "geometry": {
        "type": "LineString",
        "coordinates": [
          [
            10.9145727,
            48.3561736
          ],
          [
            10.9136846,
            48.3563766
          ],
          [
            10.912584,
            48.3567653
          ],
          [
            10.91056,
            48.3576872
          ]
        ]
      }
    },
    {
      "type": "Feature",
      "properties": {
        "segment_id": 4,
        "start_stop": "12",
        "end_stop": "5",
        "bus": "32",
        "timestamps": [
          2250.0,
          2280.0,
          2310.0,
          2340.0,
          2370.0
        ]
      },
      "geometry": {
        "type": "LineString",
        "coordinates": [
          [
            10.91056,
            48.3576872
          ],
          [
            10.910181,
            48.3577782
          ],
          [
            10.9076085,
            48.3589931
          ],
          [
            10.9065834,
            48.3593892
          ],
          [
            10.9061697,
            48.3594509
          ]
        ]
      }
    },
    {
      "type": "Feature",
      "properties": {
        "segment_id": 5,
        "start_stop": "5",
        "end_stop": "18",
        "bus": "32",
        "timestamps": [
          2400.0,
          2417.1429,
          2434.2857,
          2451.4286,
          2468.5714,
          2485.7143,
          2502.8571,
          2520.0
        ]
      },
      "geometry": {
        "type": "LineString",
        "coordinates": [
          [
            10.9061697,
            48.3594509
          ],
          [
            10.905945,
            48.3595841
          ],
          [
            10.9053128,
            48.3610506
          ],
          [
            10.9049208,
            48.3611724
          ],
          [
            10.9046866,
            48.361341
          ],
          [
            10.9047953,
            48.3621494
          ],
          [
            10.9043011,
            48.3621842
          ],
          [
            10.9034103,
            48.3620995
          ]
        ]
      }
    },
    {
      "type": "Feature",
      "properties": {
        "segment_id": 6,
        "start_stop": "18",
        "end_stop": "19",
        "bus": "32",
        "timestamps": [
          2550.0,
          2570.0,
          2590.0,
          2610.0,
          2630.0,
          2650.0,
          2670.0
        ]
      },
      "geometry": {
        "type": "LineString",
        "coordinates": [
          [
            10.9034103,
            48.3620995
          ],
          [
            10.9026514,
            48.3619477
          ],
          [
            10.9013897,
            48.3619533
          ],
          [
            10.9005538,
            48.3621726
          ],
          [
            10.9002992,
            48.362327
          ],
          [
            10.9002659,
            48.3629332
          ],
          [
            10.900116,
            48.3632816
          ]
        ]
      }
    },
    {
      "type": "Feature",
      "properties": {
        "segment_id": 7,
        "start_stop": "19",
        "end_stop": "4",
        "bus": "32",
        "timestamps": [
          2700.0,
          2715.0,
          2730.0,
          2745.0,
          2760.0,
          2775.0,
          2790.0,
          2805.0,
          2820.0
        ]
      },
      "geometry": {
        "type": "LineString",
        "coordinates": [
          [
            10.900116,
            48.3632816
          ],
          [
            10.8996113,
            48.364825
          ],
          [
            10.8996868,
            48.3648861
          ],
          [
            10.8996634,
            48.3650767
          ],
          [
            10.8995722,
            48.3652444
          ],
          [
            10.8994201,
            48.3653154
          ],
          [
            10.8986884,
            48.3669126
          ],
          [
            10.8982788,
            48.3672563
          ],
          [
            10.8974953,
            48.3670837
          ]
        ]
      }
    },
    {
      "type": "Feature",
      "properties": {
        "segment_id": 8,
        "start_stop": "4",
        "end_stop": "21",
        "bus": "32",
        "timestamps": [
          2850.0,
          2874.0,
          2898.0,
          2922.0,
          2946.0,
          2970.0
        ]
      },
      "geometry": {
        "type": "LineString",
        "coordinates": [
          [
            10.8974953,
            48.3670837
          ],
          [
            10.8958507,
            48.3665596
          ],
          [
            10.894765,
            48.3664357
          ],
          [
            10.8946538,
            48.366358
          ],
          [
            10.8944842,
            48.365912
          ],
          [
            10.8940372,
            48.3652719
          ]
        ]
      }
    },
    {
      "type": "Feature",
      "properties": {
        "segment_id": 9,
        "start_stop": "21",
        "end_stop": "8",
        "bus": "32",
        "timestamps": [
          3000.0,
          3040.0,
          3080.0,
          3120.0
        ]
      },
      "geometry": {
        "type": "LineString",
        "coordinates": [
          [
            10.8940372,
            48.3652719
          ],
          [
            10.8938758,
            48.3650519
          ],
          [
            10.8934289,
            48.3650084
          ],
          [
            10.8881204,
            48.36548
          ]
        ]
      }
    },
    {
      "type": "Feature",
      "properties": {
        "segment_id": 10,
        "start_stop": "8",
        "end_stop": "20",
        "bus": "32",
        "timestamps": [
          3150.0,
          3174.0,
          3198.0,
          3222.0,
          3246.0,
          3270.0
        ]
      },
      "geometry": {
        "type": "LineString",
        "coordinates": [
          [
            10.8881204,
            48.36548
          ],
          [
            10.8879492,
            48.3655131
          ],
          [
            10.8877702,
            48.3656787
          ],
          [
            10.8858772,
            48.3677034
          ],
          [
            10.8828138,
            48.3662209
          ],
          [
            10.8818963,
            48.3658729
          ]
        ]
      }
    },
    {
      "type": "Feature",
      "properties": {
        "segment_id": 11,
        "start_stop": "20",
        "end_stop": "13",
        "bus": "32",
        "timestamps": [
          3300.0,
          3360.0,
          3420.0
        ]
      },
      "geometry": {
        "type": "LineString",
        "coordinates": [
          [
            10.8818963,
            48.3658729
          ],
          [
            10.8815281,
            48.3658411
          ],
          [
            10.8783898,
            48.3649354
          ]
        ]
      }
    },
    {
      "type": "Feature",
      "properties": {
        "segment_id": 12,
        "start_stop": "13",
        "end_stop": "22",
        "bus": "32",
        "timestamps": [
          3450.0,
          3490.0,
          3530.0,
          3570.0
        ]
      },
      "geometry": {
        "type": "LineString",
        "coordinates": [
          [
            10.8783898,
            48.3649354
          ],
          [
            10.8778057,
            48.3647544
          ],
          [
            10.8772856,
            48.3659967
          ],
          [
            10.8764289,
            48.3674223
          ]
        ]
      }
    },
    {
      "type": "Feature",
      "properties": {
        "segment_id": 13,
        "start_stop": "22",
        "end_stop": "9",
        "bus": "32",
        "timestamps": [
          3600.0,
          3620.0,
          3640.0,
          3660.0,
          3680.0,
          3700.0,
          3720.0
        ]
      },
      "geometry": {
        "type": "LineString",
        "coordinates": [
          [
            10.8764289,
            48.3674223
          ],
          [
            10.876141,
            48.3679432
          ],
          [
            10.8761194,
            48.3687812
          ],
          [
            10.8757769,
            48.3711228
          ],
          [
            10.8757917,
            48.3715436
          ],
          [
            10.8754968,
            48.3715383
          ],
          [
            10.8752111,
            48.3712566
          ]
        ]
      }
    },
    {
      "type": "Feature",
      "properties": {
        "segment_id": 14,
        "start_stop": "9",
        "end_stop": "10",
        "bus": "32",
        "timestamps": [
          3750.0,
          3810.0,
          3870.0
        ]
      },
      "geometry": {
        "type": "LineString",
        "coordinates": [
          [
            10.8752111,
            48.3712566
          ],
          [
            10.8748107,
            48.3709501
          ],
          [
            10.8712446,
            48.3717452
          ]
        ]
      }
    },
    {
      "type": "Feature",
      "properties": {
        "segment_id": 15,
        "start_stop": "10",
        "end_stop": "16",
        "bus": "32",
        "timestamps": [
          3900.0,
          3960.0,
          4020.0
        ]
      },
      "geometry": {
        "type": "LineString",
        "coordinates": [
          [
            10.8712446,
            48.3717452
          ],
          [
            10.8687593,
            48.3721982
          ],
          [
            10.8633737,
            48.3727393
          ]
        ]
      }
    },
    {
      "type": "Feature",
      "properties": {
        "segment_id": 16,
        "start_stop": "16",
        "end_stop": "17",
        "bus": "32",
        "timestamps": [
          4050.0,
          4170.0
        ]
      },
      "geometry": {
        "type": "LineString",
        "coordinates": [
          [
            10.8633737,
            48.3727393
          ],
          [
            10.857135,
            48.3733818
          ]
        ]
      }
    },
    {
      "type": "Feature",
      "properties": {
        "segment_id": 17,
        "start_stop": "17",
        "end_stop": "0",
        "bus": "32",
        "timestamps": [
          4200.0,
          4260.0,
          4320.0
        ]
      },
      "geometry": {
        "type": "LineString",
        "coordinates": [
          [
            10.857135,
            48.3733818
          ],
          [
            10.8520467,
            48.3739065
          ],
          [
            10.8500473,
            48.3742424
          ]
        ]
      }
    },
    {
      "type": "Feature",
      "properties": {
        "segment_id": 18,
        "start_stop": "0",
        "end_stop": "7",
        "bus": "32",
        "timestamps": [
          4350.0,
          4390.0,
          4430.0,
          4470.0
        ]
      },
      "geometry": {
        "type": "LineString",
        "coordinates": [
          [
            10.8500473,
            48.3742424
          ],
          [
            10.8488717,
            48.3745262
          ],
          [
            10.8494654,
            48.3756342
          ],
          [
            10.8501102,
            48.3772516
          ]
        ]
      }
    },
    {
      "type": "Feature",
      "properties": {
        "segment_id": 19,
        "start_stop": "7",
        "end_stop": "6",
        "bus": "32",
        "timestamps": [
          4500.0,
          4540.0,
          4580.0,
          4620.0
        ]
      },
      "geometry": {
        "type": "LineString",
        "coordinates": [
          [
            10.8501102,
            48.3772516
          ],
          [
            10.850542,
            48.3784371
          ],
          [
            10.8505606,
            48.3787885
          ],
          [
            10.8504826,
            48.3790531
          ]
        ]
      }
    },
    {
      "type": "Feature",
      "properties": {
        "segment_id": 20,
        "start_stop": "6",
        "end_stop": "14",
        "bus": "32",
        "timestamps": [
          4650.0,
          4710.0,
          4770.0
        ]
      },
      "geometry": {
        "type": "LineString",
        "coordinates": [
          [
            10.8504826,
            48.3790531
          ],
          [
            10.8499458,
            48.3796712
          ],
          [
            10.8470664,
            48.379474
          ]
        ]
      }
    },
    {
      "type": "Feature",
      "properties": {
        "segment_id": 21,
        "start_stop": "14",
        "end_stop": "11",
        "bus": "32",
        "timestamps": [
          4800.0,
          4840.0,
          4880.0,
          4920.0
        ]
      },
      "geometry": {
        "type": "LineString",
        "coordinates": [
          [
            10.8470664,
            48.379474
          ],
          [
            10.8444195,
            48.379283
          ],
          [
            10.8406574,
            48.3784871
          ],
          [
            10.8405342,
            48.3789543
          ]
        ]
      }
    },
    {
      "type": "Feature",
      "properties": {
        "segment_id": 22,
        "start_stop": "11",
        "end_stop": "End",
        "bus": "32",
        "timestamps": [
          4950.0,
          4959.2308,
          4968.4615,
          4977.6923,
          4986.9231,
          4996.1538,
          5005.3846,
          5014.6154,
          5023.8462,
          5033.0769,
          5042.3077,
          5051.5385,
          5060.7692,
          5070.0
        ]
      },
      "geometry": {
        "type": "LineString",
        "coordinates": [
          [
            10.8405342,
            48.3789543
          ],
          [
            10.8403362,
            48.3798595
          ],
          [
            10.8403339,
            48.3802287
          ],
          [
            10.8405447,
            48.3806799
          ],
          [
            10.841351,
            48.3815971
          ],
          [
            10.8414186,
            48.3819765
          ],
          [
            10.84134,
            48.3823904
          ],
          [
            10.8407843,
            48.3824258
          ],
          [
            10.839639,
            48.3830151
          ],
          [
            10.8394888,
            48.3832318
          ],
          [
            10.8394022,
            48.3837522
          ],
          [
            10.8393328,
            48.3838045
          ],
          [
            10.8389848,
            48.383768
          ],
          [
            10.8389926,
            48.3835119
          ]
        ]
      }
    },
    {
      "type": "Feature",
      "properties": {
        "segment_id": 1,
        "start_stop": "Start",
        "end_stop": "5",
        "bus": "33",
        "timestamps": [
          4200.0,
          4224.0,
          4248.0,
          4272.0,
          4296.0,
          4320.0
        ]
      },
      "geometry": {
        "type": "LineString",
        "coordinates": [
          [
            10.9273281,
            48.3558637
          ],
          [
            10.9267435,
            48.3570684
          ],
          [
            10.9271031,
            48.3572294
          ],
          [
            10.9289224,
            48.357179
          ],
          [
            10.9299765,
            48.3573079
          ],
          [
            10.9299269,
            48.3591291
          ]
        ]
      }
    },
    {
      "type": "Feature",
      "properties": {
        "segment_id": 2,
        "start_stop": "5",
        "end_stop": "1",
        "bus": "33",
        "timestamps": [
          4320.0,
          4360.0,
          4400.0,
          4440.0
        ]
      },
      "geometry": {
        "type": "LineString",
        "coordinates": [
          [
            10.9299269,
            48.3591291
          ],
          [
            10.9297695,
            48.3599347
          ],
          [
            10.9294704,
            48.3606226
          ],
          [
            10.9279579,
            48.3629345
          ]
        ]
      }
    },
    {
      "type": "Feature",
      "properties": {
        "segment_id": 3,
        "start_stop": "1",
        "end_stop": "3",
        "bus": "33",
        "timestamps": [
          4440.0,
          4464.0,
          4488.0,
          4512.0,
          4536.0,
          4560.0
        ]
      },
      "geometry": {
        "type": "LineString",
        "coordinates": [
          [
            10.9279579,
            48.3629345
          ],
          [
            10.9279083,
            48.363115
          ],
          [
            10.9280479,
            48.3631509
          ],
          [
            10.9280543,
            48.3632576
          ],
          [
            10.9296674,
            48.3637355
          ],
          [
            10.928308,
            48.365346
          ]
        ]
      }
    },
    {
      "type": "Feature",
      "properties": {
        "segment_id": 4,
        "start_stop": "3",
        "end_stop": "2",
        "bus": "33",
        "timestamps": [
          4560.0,
          4580.0,
          4600.0,
          4620.0,
          4640.0,
          4660.0,
          4680.0
        ]
      },
      "geometry": {
        "type": "LineString",
        "coordinates": [
          [
            10.928308,
            48.365346
          ],
          [
            10.9277416,
            48.3659553
          ],
          [
            10.926768,
            48.3656335
          ],
          [
            10.925869,
            48.3655539
          ],
          [
            10.9257556,
            48.3660767
          ],
          [
            10.9251484,
            48.3666666
          ],
          [
            10.9240994,
            48.3669319
          ]
        ]
      }
    },
    {
      "type": "Feature",
      "properties": {
        "segment_id": 5,
        "start_stop": "2",
        "end_stop": "4",
        "bus": "33",
        "timestamps": [
          4680.0,
          4720.0,
          4760.0,
          4800.0
        ]
      },
      "geometry": {
        "type": "LineString",
        "coordinates": [
          [
            10.9240994,
            48.3669319
          ],
          [
            10.9195645,
            48.3680266
          ],
          [
            10.9192102,
            48.3682604
          ],
          [
            10.9185632,
            48.3679065
          ]
        ]
      }
    },
    {
      "type": "Feature",
      "properties": {
        "segment_id": 6,
        "start_stop": "4",
        "end_stop": "6",
        "bus": "33",
        "timestamps": [
          4800.0,
          4820.0,
          4840.0,
          4860.0,
          4880.0,
          4900.0,
          4920.0
        ]
      },
      "geometry": {
        "type": "LineString",
        "coordinates": [
          [
            10.9185632,
            48.3679065
          ],
          [
            10.9162883,
            48.3668333
          ],
          [
            10.9154425,
            48.3674268
          ],
          [
            10.9154067,
            48.3676031
          ],
          [
            10.9150032,
            48.3675355
          ],
          [
            10.9146769,
            48.3675778
          ],
          [
            10.9136815,
            48.367994
          ]
        ]
      }
    },
    {
      "type": "Feature",
      "properties": {
        "segment_id": 7,
        "start_stop": "6",
        "end_stop": "End",
        "bus": "33",
        "timestamps": [
          4920.0,
          4960.0,
          5000.0,
          5040.0
        ]
      },
      "geometry": {
        "type": "LineString",
        "coordinates": [
          [
            10.9136815,
            48.367994
          ],
          [
            10.9127862,
            48.3684189
          ],
          [
            10.9104198,
            48.3700133
          ],
          [
            10.9097897,
            48.3702643
          ]
        ]
      }
    },
    {
      "type": "Feature",
      "properties": {
        "segment_id": 1,
        "start_stop": "Start",
        "end_stop": "5",
        "bus": "33",
        "timestamps": [
          4200.0,
          4224.0,
          4248.0,
          4272.0,
          4296.0,
          4320.0
        ]
      },
      "geometry": {
        "type": "LineString",
        "coordinates": [
          [
            10.9273281,
            48.3558637
          ],
          [
            10.9267435,
            48.3570684
          ],
          [
            10.9271031,
            48.3572294
          ],
          [
            10.9289224,
            48.357179
          ],
          [
            10.9299765,
            48.3573079
          ],
          [
            10.9299269,
            48.3591291
          ]
        ]
      }
    },
    {
      "type": "Feature",
      "properties": {
        "segment_id": 2,
        "start_stop": "5",
        "end_stop": "1",
        "bus": "33",
        "timestamps": [
          4350.0,
          4390.0,
          4430.0,
          4470.0
        ]
      },
      "geometry": {
        "type": "LineString",
        "coordinates": [
          [
            10.9299269,
            48.3591291
          ],
          [
            10.9297695,
            48.3599347
          ],
          [
            10.9294704,
            48.3606226
          ],
          [
            10.9279579,
            48.3629345
          ]
        ]
      }
    },
    {
      "type": "Feature",
      "properties": {
        "segment_id": 3,
        "start_stop": "1",
        "end_stop": "3",
        "bus": "33",
        "timestamps": [
          4500.0,
          4524.0,
          4548.0,
          4572.0,
          4596.0,
          4620.0
        ]
      },
      "geometry": {
        "type": "LineString",
        "coordinates": [
          [
            10.9279579,
            48.3629345
          ],
          [
            10.9279083,
            48.363115
          ],
          [
            10.9280479,
            48.3631509
          ],
          [
            10.9280543,
            48.3632576
          ],
          [
            10.9296674,
            48.3637355
          ],
          [
            10.928308,
            48.365346
          ]
        ]
      }
    },
    {
      "type": "Feature",
      "properties": {
        "segment_id": 4,
        "start_stop": "3",
        "end_stop": "2",
        "bus": "33",
        "timestamps": [
          4650.0,
          4670.0,
          4690.0,
          4710.0,
          4730.0,
          4750.0,
          4770.0
        ]
      },
      "geometry": {
        "type": "LineString",
        "coordinates": [
          [
            10.928308,
            48.365346
          ],
          [
            10.9277416,
            48.3659553
          ],
          [
            10.926768,
            48.3656335
          ],
          [
            10.925869,
            48.3655539
          ],
          [
            10.9257556,
            48.3660767
          ],
          [
            10.9251484,
            48.3666666
          ],
          [
            10.9240994,
            48.3669319
          ]
        ]
      }
    },
    {
      "type": "Feature",
      "properties": {
        "segment_id": 5,
        "start_stop": "2",
        "end_stop": "4",
        "bus": "33",
        "timestamps": [
          4800.0,
          4840.0,
          4880.0,
          4920.0
        ]
      },
      "geometry": {
        "type": "LineString",
        "coordinates": [
          [
            10.9240994,
            48.3669319
          ],
          [
            10.9195645,
            48.3680266
          ],
          [
            10.9192102,
            48.3682604
          ],
          [
            10.9185632,
            48.3679065
          ]
        ]
      }
    },
    {
      "type": "Feature",
      "properties": {
        "segment_id": 6,
        "start_stop": "4",
        "end_stop": "6",
        "bus": "33",
        "timestamps": [
          4950.0,
          4970.0,
          4990.0,
          5010.0,
          5030.0,
          5050.0,
          5070.0
        ]
      },
      "geometry": {
        "type": "LineString",
        "coordinates": [
          [
            10.9185632,
            48.3679065
          ],
          [
            10.9162883,
            48.3668333
          ],
          [
            10.9154425,
            48.3674268
          ],
          [
            10.9154067,
            48.3676031
          ],
          [
            10.9150032,
            48.3675355
          ],
          [
            10.9146769,
            48.3675778
          ],
          [
            10.9136815,
            48.367994
          ]
        ]
      }
    },
    {
      "type": "Feature",
      "properties": {
        "segment_id": 7,
        "start_stop": "6",
        "end_stop": "End",
        "bus": "33",
        "timestamps": [
          5100.0,
          5140.0,
          5180.0,
          5220.0
        ]
      },
      "geometry": {
        "type": "LineString",
        "coordinates": [
          [
            10.9136815,
            48.367994
          ],
          [
            10.9127862,
            48.3684189
          ],
          [
            10.9104198,
            48.3700133
          ],
          [
            10.9097897,
            48.3702643
          ]
        ]
      }
    },
    {
      "type": "Feature",
      "properties": {
        "segment_id": 1,
        "start_stop": "Start",
        "end_stop": "7",
        "bus": "35",
        "timestamps": [
          1500.0,
          1524.0,
          1548.0,
          1572.0,
          1596.0,
          1620.0
        ]
      },
      "geometry": {
        "type": "LineString",
        "coordinates": [
          [
            10.8589731,
            48.3545651
          ],
          [
            10.8606752,
            48.3551603
          ],
          [
            10.8608762,
            48.3553074
          ],
          [
            10.8609057,
            48.3554319
          ],
          [
            10.8612963,
            48.3554764
          ],
          [
            10.8623821,
            48.356328
          ]
        ]
      }
    },
    {
      "type": "Feature",
      "properties": {
        "segment_id": 2,
        "start_stop": "7",
        "end_stop": "30",
        "bus": "35",
        "timestamps": [
          1620.0,
          1740.0
        ]
      },
      "geometry": {
        "type": "LineString",
        "coordinates": [
          [
            10.8623821,
            48.356328
          ],
          [
            10.8646655,
            48.3580531
          ]
        ]
      }
    },
    {
      "type": "Feature",
      "properties": {
        "segment_id": 3,
        "start_stop": "30",
        "end_stop": "0",
        "bus": "35",
        "timestamps": [
          1740.0,
          1764.0,
          1788.0,
          1812.0,
          1836.0,
          1860.0
        ]
      },
      "geometry": {
        "type": "LineString",
        "coordinates": [
          [
            10.8646655,
            48.3580531
          ],
          [
            10.8650884,
            48.3583754
          ],
          [
            10.8660312,
            48.3578275
          ],
          [
            10.8670235,
            48.3574212
          ],
          [
            10.8682017,
            48.3570978
          ],
          [
            10.8692258,
            48.3569457
          ]
        ]
      }
    },
    {
      "type": "Feature",
      "properties": {
        "segment_id": 4,
        "start_stop": "0",
        "end_stop": "3",
        "bus": "35",
        "timestamps": [
          1860.0,
          1877.1429,
          1894.2857,
          1911.4286,
          1928.5714,
          1945.7143,
          1962.8571,
          1980.0
        ]
      },
      "geometry": {
        "type": "LineString",
        "coordinates": [
          [
            10.8692258,
            48.3569457
          ],
          [
            10.8699103,
            48.3569133
          ],
          [
            10.8711344,
            48.3569993
          ],
          [
            10.8716897,
            48.3570799
          ],
          [
            10.8718882,
            48.3572209
          ],
          [
            10.8721273,
            48.3583354
          ],
          [
            10.8703023,
            48.3582694
          ],
          [
            10.8700161,
            48.3583504
          ]
        ]
      }
    },
    {
      "type": "Feature",
      "properties": {
        "segment_id": 5,
        "start_stop": "3",
        "end_stop": "6",
        "bus": "35",
        "timestamps": [
          1980.0,
          2000.0,
          2020.0,
          2040.0,
          2060.0,
          2080.0,
          2100.0
        ]
      },
      "geometry": {
        "type": "LineString",
        "coordinates": [
          [
            10.8700161,
            48.3583504
          ],
          [
            10.8695334,
            48.3585852
          ],
          [
            10.8679051,
            48.3599403
          ],
          [
            10.8678903,
            48.3600442
          ],
          [
            10.8680308,
            48.3601354
          ],
          [
            10.8682092,
            48.3605794
          ],
          [
            10.8683625,
            48.3620002
          ]
        ]
      }
    },
    {
      "type": "Feature",
      "properties": {
        "segment_id": 6,
        "start_stop": "6",
        "end_stop": "19",
        "bus": "35",
        "timestamps": [
          2100.0,
          2130.0,
          2160.0,
          2190.0,
          2220.0
        ]
      },
      "geometry": {
        "type": "LineString",
        "coordinates": [
          [
            10.8683625,
            48.3620002
          ],
          [
            10.8683671,
            48.3622814
          ],
          [
            10.8684546,
            48.3623361
          ],
          [
            10.8690772,
            48.3623629
          ],
          [
            10.8710945,
            48.362954
          ]
        ]
      }
    },
    {
      "type": "Feature",
      "properties": {
        "segment_id": 7,
        "start_stop": "19",
        "end_stop": "21",
        "bus": "35",
        "timestamps": [
          2220.0,
          2240.0,
          2260.0,
          2280.0,
          2300.0,
          2320.0,
          2340.0
        ]
      },
      "geometry": {
        "type": "LineString",
        "coordinates": [
          [
            10.8710945,
            48.362954
          ],
          [
            10.8719255,
            48.3631739
          ],
          [
            10.8718498,
            48.3632961
          ],
          [
            10.8721066,
            48.3642792
          ],
          [
            10.8720308,
            48.3654221
          ],
          [
            10.8721695,
            48.3657957
          ],
          [
            10.8723861,
            48.3660821
          ]
        ]
      }
    },
    {
      "type": "Feature",
      "properties": {
        "segment_id": 8,
        "start_stop": "21",
        "end_stop": "24",
        "bus": "35",
        "timestamps": [
          2340.0,
          2370.0,
          2400.0,
          2430.0,
          2460.0
        ]
      },
      "geometry": {
        "type": "LineString",
        "coordinates": [
          [
            10.8723861,
            48.3660821
          ],
          [
            10.8726275,
            48.3663201
          ],
          [
            10.8734456,
            48.3666348
          ],
          [
            10.8725334,
            48.3681641
          ],
          [
            10.8718294,
            48.3690802
          ]
        ]
      }
    },
    {
      "type": "Feature",
      "properties": {
        "segment_id": 9,
        "start_stop": "24",
        "end_stop": "25",
        "bus": "35",
        "timestamps": [
          2460.0,
          2580.0
        ]
      },
      "geometry": {
        "type": "LineString",
        "coordinates": [
          [
            10.8718294,
            48.3690802
          ],
          [
            10.8701381,
            48.3712032
          ]
        ]
      }
    },
    {
      "type": "Feature",
      "properties": {
        "segment_id": 10,
        "start_stop": "25",
        "end_stop": "26",
        "bus": "35",
        "timestamps": [
          2580.0,
          2640.0,
          2700.0
        ]
      },
      "geometry": {
        "type": "LineString",
        "coordinates": [
          [
            10.8701381,
            48.3712032
          ],
          [
            10.8699359,
            48.3715537
          ],
          [
            10.8699596,
            48.3724527
          ]
        ]
      }
    },
    {
      "type": "Feature",
      "properties": {
        "segment_id": 11,
        "start_stop": "26",
        "end_stop": "23",
        "bus": "35",
        "timestamps": [
          2700.0,
          2820.0
        ]
      },
      "geometry": {
        "type": "LineString",
        "coordinates": [
          [
            10.8699596,
            48.3724527
          ],
          [
            10.8701113,
            48.3758464
          ]
        ]
      }
    },
    {
      "type": "Feature",
      "properties": {
        "segment_id": 12,
        "start_stop": "23",
        "end_stop": "20",
        "bus": "35",
        "timestamps": [
          2820.0,
          2940.0
        ]
      },
      "geometry": {
        "type": "LineString",
        "coordinates": [
          [
            10.8701113,
            48.3758464
          ],
          [
            10.8702337,
            48.3788847
          ]
        ]
      }
    },
    {
      "type": "Feature",
      "properties": {
        "segment_id": 13,
        "start_stop": "20",
        "end_stop": "8",
        "bus": "35",
        "timestamps": [
          2940.0,
          2980.0,
          3020.0,
          3060.0
        ]
      },
      "geometry": {
        "type": "LineString",
        "coordinates": [
          [
            10.8702337,
            48.3788847
          ],
          [
            10.8703108,
            48.3808177
          ],
          [
            10.8701483,
            48.3811999
          ],
          [
            10.8730039,
            48.3813612
          ]
        ]
      }
    },
    {
      "type": "Feature",
      "properties": {
        "segment_id": 14,
        "start_stop": "8",
        "end_stop": "18",
        "bus": "35",
        "timestamps": [
          3060.0,
          3077.1429,
          3094.2857,
          3111.4286,
          3128.5714,
          3145.7143,
          3162.8571,
          3180.0
        ]
      },
      "geometry": {
        "type": "LineString",
        "coordinates": [
          [
            10.8730039,
            48.3813612
          ],
          [
            10.8743629,
            48.3814412
          ],
          [
            10.87522,
            48.3829147
          ],
          [
            10.8764228,
            48.3831053
          ],
          [
            10.8767516,
            48.3832352
          ],
          [
            10.8768356,
            48.3833482
          ],
          [
            10.8768415,
            48.383556
          ],
          [
            10.8765001,
            48.385293
          ]
        ]
      }
    },
    {
      "type": "Feature",
      "properties": {
        "segment_id": 15,
        "start_stop": "18",
        "end_stop": "1",
        "bus": "35",
        "timestamps": [
          3180.0,
          3204.0,
          3228.0,
          3252.0,
          3276.0,
          3300.0
        ]
      },
      "geometry": {
        "type": "LineString",
        "coordinates": [
          [
            10.8765001,
            48.385293
          ],
          [
            10.87641,
            48.3859135
          ],
          [
            10.8765165,
            48.3861109
          ],
          [
            10.8781457,
            48.3869056
          ],
          [
            10.878743,
            48.3860638
          ],
          [
            10.8797384,
            48.3857436
          ]
        ]
      }
    },
    {
      "type": "Feature",
      "properties": {
        "segment_id": 16,
        "start_stop": "1",
        "end_stop": "32",
        "bus": "35",
        "timestamps": [
          3300.0,
          3324.0,
          3348.0,
          3372.0,
          3396.0,
          3420.0
        ]
      },
      "geometry": {
        "type": "LineString",
        "coordinates": [
          [
            10.8797384,
            48.3857436
          ],
          [
            10.8805494,
            48.3856625
          ],
          [
            10.8807094,
            48.3857234
          ],
          [
            10.885332,
            48.3857051
          ],
          [
            10.8868773,
            48.3854269
          ],
          [
            10.8878377,
            48.38487
          ]
        ]
      }
    },
    {
      "type": "Feature",
      "properties": {
        "segment_id": 17,
        "start_stop": "32",
        "end_stop": "11",
        "bus": "35",
        "timestamps": [
          3420.0,
          3480.0,
          3540.0
        ]
      },
      "geometry": {
        "type": "LineString",
        "coordinates": [
          [
            10.8878377,
            48.38487
          ],
          [
            10.8900613,
            48.3835383
          ],
          [
            10.8929417,
            48.3827692
          ]
        ]
      }
    },
    {
      "type": "Feature",
      "properties": {
        "segment_id": 18,
        "start_stop": "11",
        "end_stop": "12",
        "bus": "35",
        "timestamps": [
          3540.0,
          3600.0,
          3660.0
        ]
      },
      "geometry": {
        "type": "LineString",
        "coordinates": [
          [
            10.8929417,
            48.3827692
          ],
          [
            10.8941723,
            48.382454
          ],
          [
            10.8968783,
            48.3803469
          ]
        ]
      }
    },
    {
      "type": "Feature",
      "properties": {
        "segment_id": 19,
        "start_stop": "12",
        "end_stop": "5",
        "bus": "35",
        "timestamps": [
          3660.0,
          3684.0,
          3708.0,
          3732.0,
          3756.0,
          3780.0
        ]
      },
      "geometry": {
        "type": "LineString",
        "coordinates": [
          [
            10.8968783,
            48.3803469
          ],
          [
            10.8977526,
            48.3797258
          ],
          [
            10.8993579,
            48.3791354
          ],
          [
            10.9005822,
            48.378552
          ],
          [
            10.9008481,
            48.3782479
          ],
          [
            10.900838,
            48.3776595
          ]
        ]
      }
    },
    {
      "type": "Feature",
      "properties": {
        "segment_id": 20,
        "start_stop": "5",
        "end_stop": "4",
        "bus": "35",
        "timestamps": [
          3780.0,
          3820.0,
          3860.0,
          3900.0
        ]
      },
      "geometry": {
        "type": "LineString",
        "coordinates": [
          [
            10.900838,
            48.3776595
          ],
          [
            10.9008727,
            48.3773288
          ],
          [
            10.9016068,
            48.3752363
          ],
          [
            10.901477,
            48.373513
          ]
        ]
      }
    },
    {
      "type": "Feature",
      "properties": {
        "segment_id": 21,
        "start_stop": "4",
        "end_stop": "10",
        "bus": "35",
        "timestamps": [
          3900.0,
          3930.0,
          3960.0,
          3990.0,
          4020.0
        ]
      },
      "geometry": {
        "type": "LineString",
        "coordinates": [
          [
            10.901477,
            48.373513
          ],
          [
            10.9013915,
            48.3729057
          ],
          [
            10.9011141,
            48.3722365
          ],
          [
            10.9011822,
            48.3718109
          ],
          [
            10.9010513,
            48.3710925
          ]
        ]
      }
    },
    {
      "type": "Feature",
      "properties": {
        "segment_id": 22,
        "start_stop": "10",
        "end_stop": "29",
        "bus": "35",
        "timestamps": [
          4020.0,
          4080.0,
          4140.0
        ]
      },
      "geometry": {
        "type": "LineString",
        "coordinates": [
          [
            10.9010513,
            48.3710925
          ],
          [
            10.9010366,
            48.3705127
          ],
          [
            10.9015244,
            48.3694616
          ]
        ]
      }
    },
    {
      "type": "Feature",
      "properties": {
        "segment_id": 23,
        "start_stop": "29",
        "end_stop": "2",
        "bus": "35",
        "timestamps": [
          4140.0,
          4170.0,
          4200.0,
          4230.0,
          4260.0
        ]
      },
      "geometry": {
        "type": "LineString",
        "coordinates": [
          [
            10.9015244,
            48.3694616
          ],
          [
            10.9026714,
            48.3680254
          ],
          [
            10.903423,
            48.3665919
          ],
          [
            10.9039637,
            48.3657491
          ],
          [
            10.9043622,
            48.3648363
          ]
        ]
      }
    },
    {
      "type": "Feature",
      "properties": {
        "segment_id": 24,
        "start_stop": "2",
        "end_stop": "22",
        "bus": "35",
        "timestamps": [
          4260.0,
          4300.0,
          4340.0,
          4380.0
        ]
      },
      "geometry": {
        "type": "LineString",
        "coordinates": [
          [
            10.9043622,
            48.3648363
          ],
          [
            10.9044677,
            48.3643404
          ],
          [
            10.9044808,
            48.3633132
          ],
          [
            10.904696,
            48.3626561
          ]
        ]
      }
    },
    {
      "type": "Feature",
      "properties": {
        "segment_id": 25,
        "start_stop": "22",
        "end_stop": "9",
        "bus": "35",
        "timestamps": [
          4380.0,
          4397.1429,
          4414.2857,
          4431.4286,
          4448.5714,
          4465.7143,
          4482.8571,
          4500.0
        ]
      },
      "geometry": {
        "type": "LineString",
        "coordinates": [
          [
            10.904696,
            48.3626561
          ],
          [
            10.9047953,
            48.3621494
          ],
          [
            10.9046626,
            48.3614046
          ],
          [
            10.9047869,
            48.3612352
          ],
          [
            10.9052763,
            48.3610691
          ],
          [
            10.905399,
            48.3609353
          ],
          [
            10.9059634,
            48.3592869
          ],
          [
            10.9057888,
            48.3590128
          ]
        ]
      }
    },
    {
      "type": "Feature",
      "properties": {
        "segment_id": 26,
        "start_stop": "9",
        "end_stop": "16",
        "bus": "35",
        "timestamps": [
          4500.0,
          4524.0,
          4548.0,
          4572.0,
          4596.0,
          4620.0
        ]
      },
      "geometry": {
        "type": "LineString",
        "coordinates": [
          [
            10.9057888,
            48.3590128
          ],
          [
            10.9049865,
            48.3585834
          ],
          [
            10.9042109,
            48.358396
          ],
          [
            10.902599,
            48.3586081
          ],
          [
            10.9023283,
            48.3587158
          ],
          [
            10.9022546,
            48.3588579
          ]
        ]
      }
    },
    {
      "type": "Feature",
      "properties": {
        "segment_id": 27,
        "start_stop": "16",
        "end_stop": "15",
        "bus": "35",
        "timestamps": [
          4620.0,
          4650.0,
          4680.0,
          4710.0,
          4740.0
        ]
      },
      "geometry": {
        "type": "LineString",
        "coordinates": [
          [
            10.9022546,
            48.3588579
          ],
          [
            10.9019036,
            48.3595923
          ],
          [
            10.9000472,
            48.3595383
          ],
          [
            10.8979415,
            48.3597078
          ],
          [
            10.8969963,
            48.3571993
          ]
        ]
      }
    },
    {
      "type": "Feature",
      "properties": {
        "segment_id": 28,
        "start_stop": "15",
        "end_stop": "14",
        "bus": "35",
        "timestamps": [
          4740.0,
          4780.0,
          4820.0,
          4860.0
        ]
      },
      "geometry": {
        "type": "LineString",
        "coordinates": [
          [
            10.8969963,
            48.3571993
          ],
          [
            10.8963797,
            48.35565
          ],
          [
            10.8985991,
            48.355517
          ],
          [
            10.8982286,
            48.3533833
          ]
        ]
      }
    },
    {
      "type": "Feature",
      "properties": {
        "segment_id": 29,
        "start_stop": "14",
        "end_stop": "27",
        "bus": "35",
        "timestamps": [
          4860.0,
          4920.0,
          4980.0
        ]
      },
      "geometry": {
        "type": "LineString",
        "coordinates": [
          [
            10.8982286,
            48.3533833
          ],
          [
            10.8981102,
            48.3527015
          ],
          [
            10.8923357,
            48.3532763
          ]
        ]
      }
    },
    {
      "type": "Feature",
      "properties": {
        "segment_id": 30,
        "start_stop": "27",
        "end_stop": "28",
        "bus": "35",
        "timestamps": [
          4980.0,
          5020.0,
          5060.0,
          5100.0
        ]
      },
      "geometry": {
        "type": "LineString",
        "coordinates": [
          [
            10.8923357,
            48.3532763
          ],
          [
            10.8908893,
            48.353411
          ],
          [
            10.8886674,
            48.3541534
          ],
          [
            10.887909,
            48.3529989
          ]
        ]
      }
    },
    {
      "type": "Feature",
      "properties": {
        "segment_id": 31,
        "start_stop": "28",
        "end_stop": "13",
        "bus": "35",
        "timestamps": [
          5100.0,
          5124.0,
          5148.0,
          5172.0,
          5196.0,
          5220.0
        ]
      },
      "geometry": {
        "type": "LineString",
        "coordinates": [
          [
            10.887909,
            48.3529989
          ],
          [
            10.8877008,
            48.3525775
          ],
          [
            10.8875362,
            48.3515252
          ],
          [
            10.8869367,
            48.3514451
          ],
          [
            10.8860397,
            48.3515089
          ],
          [
            10.885962,
            48.3488233
          ]
        ]
      }
    },
    {
      "type": "Feature",
      "properties": {
        "segment_id": 32,
        "start_stop": "13",
        "end_stop": "End",
        "bus": "35",
        "timestamps": [
          5220.0,
          5260.0,
          5300.0,
          5340.0
        ]
      },
      "geometry": {
        "type": "LineString",
        "coordinates": [
          [
            10.885962,
            48.3488233
          ],
          [
            10.8859199,
            48.3479539
          ],
          [
            10.8817117,
            48.3480098
          ],
          [
            10.879019,
            48.3481376
          ]
        ]
      }
    },
    {
      "type": "Feature",
      "properties": {
        "segment_id": 1,
        "start_stop": "Start",
        "end_stop": "7",
        "bus": "35",
        "timestamps": [
          1500.0,
          1524.0,
          1548.0,
          1572.0,
          1596.0,
          1620.0
        ]
      },
      "geometry": {
        "type": "LineString",
        "coordinates": [
          [
            10.8589731,
            48.3545651
          ],
          [
            10.8606752,
            48.3551603
          ],
          [
            10.8608762,
            48.3553074
          ],
          [
            10.8609057,
            48.3554319
          ],
          [
            10.8612963,
            48.3554764
          ],
          [
            10.8623821,
            48.356328
          ]
        ]
      }
    },
    {
      "type": "Feature",
      "properties": {
        "segment_id": 2,
        "start_stop": "7",
        "end_stop": "30",
        "bus": "35",
        "timestamps": [
          1650.0,
          1770.0
        ]
      },
      "geometry": {
        "type": "LineString",
        "coordinates": [
          [
            10.8623821,
            48.356328
          ],
          [
            10.8646655,
            48.3580531
          ]
        ]
      }
    },
    {
      "type": "Feature",
      "properties": {
        "segment_id": 3,
        "start_stop": "30",
        "end_stop": "0",
        "bus": "35",
        "timestamps": [
          1800.0,
          1824.0,
          1848.0,
          1872.0,
          1896.0,
          1920.0
        ]
      },
      "geometry": {
        "type": "LineString",
        "coordinates": [
          [
            10.8646655,
            48.3580531
          ],
          [
            10.8650884,
            48.3583754
          ],
          [
            10.8660312,
            48.3578275
          ],
          [
            10.8670235,
            48.3574212
          ],
          [
            10.8682017,
            48.3570978
          ],
          [
            10.8692258,
            48.3569457
          ]
        ]
      }
    },
    {
      "type": "Feature",
      "properties": {
        "segment_id": 4,
        "start_stop": "0",
        "end_stop": "3",
        "bus": "35",
        "timestamps": [
          1950.0,
          1967.1429,
          1984.2857,
          2001.4286,
          2018.5714,
          2035.7143,
          2052.8571,
          2070.0
        ]
      },
      "geometry": {
        "type": "LineString",
        "coordinates": [
          [
            10.8692258,
            48.3569457
          ],
          [
            10.8699103,
            48.3569133
          ],
          [
            10.8711344,
            48.3569993
          ],
          [
            10.8716897,
            48.3570799
          ],
          [
            10.8718882,
            48.3572209
          ],
          [
            10.8721273,
            48.3583354
          ],
          [
            10.8703023,
            48.3582694
          ],
          [
            10.8700161,
            48.3583504
          ]
        ]
      }
    },
    {
      "type": "Feature",
      "properties": {
        "segment_id": 5,
        "start_stop": "3",
        "end_stop": "6",
        "bus": "35",
        "timestamps": [
          2100.0,
          2120.0,
          2140.0,
          2160.0,
          2180.0,
          2200.0,
          2220.0
        ]
      },
      "geometry": {
        "type": "LineString",
        "coordinates": [
          [
            10.8700161,
            48.3583504
          ],
          [
            10.8695334,
            48.3585852
          ],
          [
            10.8679051,
            48.3599403
          ],
          [
            10.8678903,
            48.3600442
          ],
          [
            10.8680308,
            48.3601354
          ],
          [
            10.8682092,
            48.3605794
          ],
          [
            10.8683625,
            48.3620002
          ]
        ]
      }
    },
    {
      "type": "Feature",
      "properties": {
        "segment_id": 6,
        "start_stop": "6",
        "end_stop": "19",
        "bus": "35",
        "timestamps": [
          2250.0,
          2280.0,
          2310.0,
          2340.0,
          2370.0
        ]
      },
      "geometry": {
        "type": "LineString",
        "coordinates": [
          [
            10.8683625,
            48.3620002
          ],
          [
            10.8683671,
            48.3622814
          ],
          [
            10.8684546,
            48.3623361
          ],
          [
            10.8690772,
            48.3623629
          ],
          [
            10.8710945,
            48.362954
          ]
        ]
      }
    },
    {
      "type": "Feature",
      "properties": {
        "segment_id": 7,
        "start_stop": "19",
        "end_stop": "21",
        "bus": "35",
        "timestamps": [
          2400.0,
          2420.0,
          2440.0,
          2460.0,
          2480.0,
          2500.0,
          2520.0
        ]
      },
      "geometry": {
        "type": "LineString",
        "coordinates": [
          [
            10.8710945,
            48.362954
          ],
          [
            10.8719255,
            48.3631739
          ],
          [
            10.8718498,
            48.3632961
          ],
          [
            10.8721066,
            48.3642792
          ],
          [
            10.8720308,
            48.3654221
          ],
          [
            10.8721695,
            48.3657957
          ],
          [
            10.8723861,
            48.3660821
          ]
        ]
      }
    },
    {
      "type": "Feature",
      "properties": {
        "segment_id": 8,
        "start_stop": "21",
        "end_stop": "24",
        "bus": "35",
        "timestamps": [
          2550.0,
          2580.0,
          2610.0,
          2640.0,
          2670.0
        ]
      },
      "geometry": {
        "type": "LineString",
        "coordinates": [
          [
            10.8723861,
            48.3660821
          ],
          [
            10.8726275,
            48.3663201
          ],
          [
            10.8734456,
            48.3666348
          ],
          [
            10.8725334,
            48.3681641
          ],
          [
            10.8718294,
            48.3690802
          ]
        ]
      }
    },
    {
      "type": "Feature",
      "properties": {
        "segment_id": 9,
        "start_stop": "24",
        "end_stop": "25",
        "bus": "35",
        "timestamps": [
          2700.0,
          2820.0
        ]
      },
      "geometry": {
        "type": "LineString",
        "coordinates": [
          [
            10.8718294,
            48.3690802
          ],
          [
            10.8701381,
            48.3712032
          ]
        ]
      }
    },
    {
      "type": "Feature",
      "properties": {
        "segment_id": 10,
        "start_stop": "25",
        "end_stop": "26",
        "bus": "35",
        "timestamps": [
          2850.0,
          2910.0,
          2970.0
        ]
      },
      "geometry": {
        "type": "LineString",
        "coordinates": [
          [
            10.8701381,
            48.3712032
          ],
          [
            10.8699359,
            48.3715537
          ],
          [
            10.8699596,
            48.3724527
          ]
        ]
      }
    },
    {
      "type": "Feature",
      "properties": {
        "segment_id": 11,
        "start_stop": "26",
        "end_stop": "23",
        "bus": "35",
        "timestamps": [
          3000.0,
          3120.0
        ]
      },
      "geometry": {
        "type": "LineString",
        "coordinates": [
          [
            10.8699596,
            48.3724527
          ],
          [
            10.8701113,
            48.3758464
          ]
        ]
      }
    },
    {
      "type": "Feature",
      "properties": {
        "segment_id": 12,
        "start_stop": "23",
        "end_stop": "20",
        "bus": "35",
        "timestamps": [
          3150.0,
          3270.0
        ]
      },
      "geometry": {
        "type": "LineString",
        "coordinates": [
          [
            10.8701113,
            48.3758464
          ],
          [
            10.8702337,
            48.3788847
          ]
        ]
      }
    },
    {
      "type": "Feature",
      "properties": {
        "segment_id": 13,
        "start_stop": "20",
        "end_stop": "8",
        "bus": "35",
        "timestamps": [
          3300.0,
          3340.0,
          3380.0,
          3420.0
        ]
      },
      "geometry": {
        "type": "LineString",
        "coordinates": [
          [
            10.8702337,
            48.3788847
          ],
          [
            10.8703108,
            48.3808177
          ],
          [
            10.8701483,
            48.3811999
          ],
          [
            10.8730039,
            48.3813612
          ]
        ]
      }
    },
    {
      "type": "Feature",
      "properties": {
        "segment_id": 14,
        "start_stop": "8",
        "end_stop": "18",
        "bus": "35",
        "timestamps": [
          3450.0,
          3467.1429,
          3484.2857,
          3501.4286,
          3518.5714,
          3535.7143,
          3552.8571,
          3570.0
        ]
      },
      "geometry": {
        "type": "LineString",
        "coordinates": [
          [
            10.8730039,
            48.3813612
          ],
          [
            10.8743629,
            48.3814412
          ],
          [
            10.87522,
            48.3829147
          ],
          [
            10.8764228,
            48.3831053
          ],
          [
            10.8767516,
            48.3832352
          ],
          [
            10.8768356,
            48.3833482
          ],
          [
            10.8768415,
            48.383556
          ],
          [
            10.8765001,
            48.385293
          ]
        ]
      }
    },
    {
      "type": "Feature",
      "properties": {
        "segment_id": 15,
        "start_stop": "18",
        "end_stop": "1",
        "bus": "35",
        "timestamps": [
          3600.0,
          3624.0,
          3648.0,
          3672.0,
          3696.0,
          3720.0
        ]
      },
      "geometry": {
        "type": "LineString",
        "coordinates": [
          [
            10.8765001,
            48.385293
          ],
          [
            10.87641,
            48.3859135
          ],
          [
            10.8765165,
            48.3861109
          ],
          [
            10.8781457,
            48.3869056
          ],
          [
            10.878743,
            48.3860638
          ],
          [
            10.8797384,
            48.3857436
          ]
        ]
      }
    },
    {
      "type": "Feature",
      "properties": {
        "segment_id": 16,
        "start_stop": "1",
        "end_stop": "32",
        "bus": "35",
        "timestamps": [
          3750.0,
          3774.0,
          3798.0,
          3822.0,
          3846.0,
          3870.0
        ]
      },
      "geometry": {
        "type": "LineString",
        "coordinates": [
          [
            10.8797384,
            48.3857436
          ],
          [
            10.8805494,
            48.3856625
          ],
          [
            10.8807094,
            48.3857234
          ],
          [
            10.885332,
            48.3857051
          ],
          [
            10.8868773,
            48.3854269
          ],
          [
            10.8878377,
            48.38487
          ]
        ]
      }
    },
    {
      "type": "Feature",
      "properties": {
        "segment_id": 17,
        "start_stop": "32",
        "end_stop": "11",
        "bus": "35",
        "timestamps": [
          3900.0,
          3960.0,
          4020.0
        ]
      },
      "geometry": {
        "type": "LineString",
        "coordinates": [
          [
            10.8878377,
            48.38487
          ],
          [
            10.8900613,
            48.3835383
          ],
          [
            10.8929417,
            48.3827692
          ]
        ]
      }
    },
    {
      "type": "Feature",
      "properties": {
        "segment_id": 18,
        "start_stop": "11",
        "end_stop": "12",
        "bus": "35",
        "timestamps": [
          4050.0,
          4110.0,
          4170.0
        ]
      },
      "geometry": {
        "type": "LineString",
        "coordinates": [
          [
            10.8929417,
            48.3827692
          ],
          [
            10.8941723,
            48.382454
          ],
          [
            10.8968783,
            48.3803469
          ]
        ]
      }
    },
    {
      "type": "Feature",
      "properties": {
        "segment_id": 19,
        "start_stop": "12",
        "end_stop": "5",
        "bus": "35",
        "timestamps": [
          4200.0,
          4224.0,
          4248.0,
          4272.0,
          4296.0,
          4320.0
        ]
      },
      "geometry": {
        "type": "LineString",
        "coordinates": [
          [
            10.8968783,
            48.3803469
          ],
          [
            10.8977526,
            48.3797258
          ],
          [
            10.8993579,
            48.3791354
          ],
          [
            10.9005822,
            48.378552
          ],
          [
            10.9008481,
            48.3782479
          ],
          [
            10.900838,
            48.3776595
          ]
        ]
      }
    },
    {
      "type": "Feature",
      "properties": {
        "segment_id": 20,
        "start_stop": "5",
        "end_stop": "4",
        "bus": "35",
        "timestamps": [
          4350.0,
          4390.0,
          4430.0,
          4470.0
        ]
      },
      "geometry": {
        "type": "LineString",
        "coordinates": [
          [
            10.900838,
            48.3776595
          ],
          [
            10.9008727,
            48.3773288
          ],
          [
            10.9016068,
            48.3752363
          ],
          [
            10.901477,
            48.373513
          ]
        ]
      }
    },
    {
      "type": "Feature",
      "properties": {
        "segment_id": 21,
        "start_stop": "4",
        "end_stop": "10",
        "bus": "35",
        "timestamps": [
          4500.0,
          4530.0,
          4560.0,
          4590.0,
          4620.0
        ]
      },
      "geometry": {
        "type": "LineString",
        "coordinates": [
          [
            10.901477,
            48.373513
          ],
          [
            10.9013915,
            48.3729057
          ],
          [
            10.9011141,
            48.3722365
          ],
          [
            10.9011822,
            48.3718109
          ],
          [
            10.9010513,
            48.3710925
          ]
        ]
      }
    },
    {
      "type": "Feature",
      "properties": {
        "segment_id": 22,
        "start_stop": "10",
        "end_stop": "29",
        "bus": "35",
        "timestamps": [
          4650.0,
          4710.0,
          4770.0
        ]
      },
      "geometry": {
        "type": "LineString",
        "coordinates": [
          [
            10.9010513,
            48.3710925
          ],
          [
            10.9010366,
            48.3705127
          ],
          [
            10.9015244,
            48.3694616
          ]
        ]
      }
    },
    {
      "type": "Feature",
      "properties": {
        "segment_id": 23,
        "start_stop": "29",
        "end_stop": "2",
        "bus": "35",
        "timestamps": [
          4800.0,
          4830.0,
          4860.0,
          4890.0,
          4920.0
        ]
      },
      "geometry": {
        "type": "LineString",
        "coordinates": [
          [
            10.9015244,
            48.3694616
          ],
          [
            10.9026714,
            48.3680254
          ],
          [
            10.903423,
            48.3665919
          ],
          [
            10.9039637,
            48.3657491
          ],
          [
            10.9043622,
            48.3648363
          ]
        ]
      }
    },
    {
      "type": "Feature",
      "properties": {
        "segment_id": 24,
        "start_stop": "2",
        "end_stop": "22",
        "bus": "35",
        "timestamps": [
          4950.0,
          4990.0,
          5030.0,
          5070.0
        ]
      },
      "geometry": {
        "type": "LineString",
        "coordinates": [
          [
            10.9043622,
            48.3648363
          ],
          [
            10.9044677,
            48.3643404
          ],
          [
            10.9044808,
            48.3633132
          ],
          [
            10.904696,
            48.3626561
          ]
        ]
      }
    },
    {
      "type": "Feature",
      "properties": {
        "segment_id": 25,
        "start_stop": "22",
        "end_stop": "9",
        "bus": "35",
        "timestamps": [
          5100.0,
          5117.1429,
          5134.2857,
          5151.4286,
          5168.5714,
          5185.7143,
          5202.8571,
          5220.0
        ]
      },
      "geometry": {
        "type": "LineString",
        "coordinates": [
          [
            10.904696,
            48.3626561
          ],
          [
            10.9047953,
            48.3621494
          ],
          [
            10.9046626,
            48.3614046
          ],
          [
            10.9047869,
            48.3612352
          ],
          [
            10.9052763,
            48.3610691
          ],
          [
            10.905399,
            48.3609353
          ],
          [
            10.9059634,
            48.3592869
          ],
          [
            10.9057888,
            48.3590128
          ]
        ]
      }
    },
    {
      "type": "Feature",
      "properties": {
        "segment_id": 26,
        "start_stop": "9",
        "end_stop": "16",
        "bus": "35",
        "timestamps": [
          5250.0,
          5274.0,
          5298.0,
          5322.0,
          5346.0,
          5370.0
        ]
      },
      "geometry": {
        "type": "LineString",
        "coordinates": [
          [
            10.9057888,
            48.3590128
          ],
          [
            10.9049865,
            48.3585834
          ],
          [
            10.9042109,
            48.358396
          ],
          [
            10.902599,
            48.3586081
          ],
          [
            10.9023283,
            48.3587158
          ],
          [
            10.9022546,
            48.3588579
          ]
        ]
      }
    },
    {
      "type": "Feature",
      "properties": {
        "segment_id": 27,
        "start_stop": "16",
        "end_stop": "15",
        "bus": "35",
        "timestamps": [
          5400.0,
          5430.0,
          5460.0,
          5490.0,
          5520.0
        ]
      },
      "geometry": {
        "type": "LineString",
        "coordinates": [
          [
            10.9022546,
            48.3588579
          ],
          [
            10.9019036,
            48.3595923
          ],
          [
            10.9000472,
            48.3595383
          ],
          [
            10.8979415,
            48.3597078
          ],
          [
            10.8969963,
            48.3571993
          ]
        ]
      }
    },
    {
      "type": "Feature",
      "properties": {
        "segment_id": 28,
        "start_stop": "15",
        "end_stop": "14",
        "bus": "35",
        "timestamps": [
          5550.0,
          5590.0,
          5630.0,
          5670.0
        ]
      },
      "geometry": {
        "type": "LineString",
        "coordinates": [
          [
            10.8969963,
            48.3571993
          ],
          [
            10.8963797,
            48.35565
          ],
          [
            10.8985991,
            48.355517
          ],
          [
            10.8982286,
            48.3533833
          ]
        ]
      }
    },
    {
      "type": "Feature",
      "properties": {
        "segment_id": 29,
        "start_stop": "14",
        "end_stop": "27",
        "bus": "35",
        "timestamps": [
          5700.0,
          5760.0,
          5820.0
        ]
      },
      "geometry": {
        "type": "LineString",
        "coordinates": [
          [
            10.8982286,
            48.3533833
          ],
          [
            10.8981102,
            48.3527015
          ],
          [
            10.8923357,
            48.3532763
          ]
        ]
      }
    },
    {
      "type": "Feature",
      "properties": {
        "segment_id": 30,
        "start_stop": "27",
        "end_stop": "28",
        "bus": "35",
        "timestamps": [
          5850.0,
          5890.0,
          5930.0,
          5970.0
        ]
      },
      "geometry": {
        "type": "LineString",
        "coordinates": [
          [
            10.8923357,
            48.3532763
          ],
          [
            10.8908893,
            48.353411
          ],
          [
            10.8886674,
            48.3541534
          ],
          [
            10.887909,
            48.3529989
          ]
        ]
      }
    },
    {
      "type": "Feature",
      "properties": {
        "segment_id": 31,
        "start_stop": "28",
        "end_stop": "13",
        "bus": "35",
        "timestamps": [
          6000.0,
          6024.0,
          6048.0,
          6072.0,
          6096.0,
          6120.0
        ]
      },
      "geometry": {
        "type": "LineString",
        "coordinates": [
          [
            10.887909,
            48.3529989
          ],
          [
            10.8877008,
            48.3525775
          ],
          [
            10.8875362,
            48.3515252
          ],
          [
            10.8869367,
            48.3514451
          ],
          [
            10.8860397,
            48.3515089
          ],
          [
            10.885962,
            48.3488233
          ]
        ]
      }
    },
    {
      "type": "Feature",
      "properties": {
        "segment_id": 32,
        "start_stop": "13",
        "end_stop": "End",
        "bus": "35",
        "timestamps": [
          6150.0,
          6190.0,
          6230.0,
          6270.0
        ]
      },
      "geometry": {
        "type": "LineString",
        "coordinates": [
          [
            10.885962,
            48.3488233
          ],
          [
            10.8859199,
            48.3479539
          ],
          [
            10.8817117,
            48.3480098
          ],
          [
            10.879019,
            48.3481376
          ]
        ]
      }
    },
    {
      "type": "Feature",
      "properties": {
        "segment_id": 1,
        "start_stop": "Start",
        "end_stop": "1",
        "bus": "36",
        "timestamps": [
          8700.0,
          8724.0,
          8748.0,
          8772.0,
          8796.0,
          8820.0
        ]
      },
      "geometry": {
        "type": "LineString",
        "coordinates": [
          [
            10.9139437,
            48.3610002
          ],
          [
            10.9142906,
            48.361053
          ],
          [
            10.9156119,
            48.3609201
          ],
          [
            10.9157826,
            48.3610428
          ],
          [
            10.9159229,
            48.362045
          ],
          [
            10.9167793,
            48.3619986
          ]
        ]
      }
    },
    {
      "type": "Feature",
      "properties": {
        "segment_id": 2,
        "start_stop": "1",
        "end_stop": "4",
        "bus": "36",
        "timestamps": [
          8820.0,
          8880.0,
          8940.0
        ]
      },
      "geometry": {
        "type": "LineString",
        "coordinates": [
          [
            10.9167793,
            48.3619986
          ],
          [
            10.9206622,
            48.3618368
          ],
          [
            10.9220647,
            48.3620092
          ]
        ]
      }
    },
    {
      "type": "Feature",
      "properties": {
        "segment_id": 3,
        "start_stop": "4",
        "end_stop": "0",
        "bus": "36",
        "timestamps": [
          8940.0,
          8970.0,
          9000.0,
          9030.0,
          9060.0
        ]
      },
      "geometry": {
        "type": "LineString",
        "coordinates": [
          [
            10.9220647,
            48.3620092
          ],
          [
            10.9276464,
            48.363186
          ],
          [
            10.927793,
            48.3632009
          ],
          [
            10.9279083,
            48.363115
          ],
          [
            10.9280637,
            48.3627351
          ]
        ]
      }
    },
    {
      "type": "Feature",
      "properties": {
        "segment_id": 4,
        "start_stop": "0",
        "end_stop": "3",
        "bus": "36",
        "timestamps": [
          9060.0,
          9090.0,
          9120.0,
          9150.0,
          9180.0
        ]
      },
      "geometry": {
        "type": "LineString",
        "coordinates": [
          [
            10.9280637,
            48.3627351
          ],
          [
            10.9290713,
            48.3613003
          ],
          [
            10.9295637,
            48.3604421
          ],
          [
            10.9297695,
            48.3599347
          ],
          [
            10.9299376,
            48.3590044
          ]
        ]
      }
    },
    {
      "type": "Feature",
      "properties": {
        "segment_id": 5,
        "start_stop": "3",
        "end_stop": "2",
        "bus": "36",
        "timestamps": [
          9180.0,
          9220.0,
          9260.0,
          9300.0
        ]
      },
      "geometry": {
        "type": "LineString",
        "coordinates": [
          [
            10.9299376,
            48.3590044
          ],
          [
            10.929993,
            48.3571877
          ],
          [
            10.9305218,
            48.3563534
          ],
          [
            10.9306343,
            48.3556153
          ]
        ]
      }
    },
    {
      "type": "Feature",
      "properties": {
        "segment_id": 6,
        "start_stop": "2",
        "end_stop": "End",
        "bus": "36",
        "timestamps": [
          9300.0,
          9330.0,
          9360.0,
          9390.0,
          9420.0
        ]
      },
      "geometry": {
        "type": "LineString",
        "coordinates": [
          [
            10.9306343,
            48.3556153
          ],
          [
            10.9306483,
            48.3552432
          ],
          [
            10.9278104,
            48.3552232
          ],
          [
            10.9274276,
            48.355482
          ],
          [
            10.9273281,
            48.3558637
          ]
        ]
      }
    },
    {
      "type": "Feature",
      "properties": {
        "segment_id": 1,
        "start_stop": "Start",
        "end_stop": "1",
        "bus": "36",
        "timestamps": [
          8700.0,
          8724.0,
          8748.0,
          8772.0,
          8796.0,
          8820.0
        ]
      },
      "geometry": {
        "type": "LineString",
        "coordinates": [
          [
            10.9139437,
            48.3610002
          ],
          [
            10.9142906,
            48.361053
          ],
          [
            10.9156119,
            48.3609201
          ],
          [
            10.9157826,
            48.3610428
          ],
          [
            10.9159229,
            48.362045
          ],
          [
            10.9167793,
            48.3619986
          ]
        ]
      }
    },
    {
      "type": "Feature",
      "properties": {
        "segment_id": 2,
        "start_stop": "1",
        "end_stop": "4",
        "bus": "36",
        "timestamps": [
          8850.0,
          8910.0,
          8970.0
        ]
      },
      "geometry": {
        "type": "LineString",
        "coordinates": [
          [
            10.9167793,
            48.3619986
          ],
          [
            10.9206622,
            48.3618368
          ],
          [
            10.9220647,
            48.3620092
          ]
        ]
      }
    },
    {
      "type": "Feature",
      "properties": {
        "segment_id": 3,
        "start_stop": "4",
        "end_stop": "0",
        "bus": "36",
        "timestamps": [
          9000.0,
          9030.0,
          9060.0,
          9090.0,
          9120.0
        ]
      },
      "geometry": {
        "type": "LineString",
        "coordinates": [
          [
            10.9220647,
            48.3620092
          ],
          [
            10.9276464,
            48.363186
          ],
          [
            10.927793,
            48.3632009
          ],
          [
            10.9279083,
            48.363115
          ],
          [
            10.9280637,
            48.3627351
          ]
        ]
      }
    },
    {
      "type": "Feature",
      "properties": {
        "segment_id": 4,
        "start_stop": "0",
        "end_stop": "3",
        "bus": "36",
        "timestamps": [
          9150.0,
          9180.0,
          9210.0,
          9240.0,
          9270.0
        ]
      },
      "geometry": {
        "type": "LineString",
        "coordinates": [
          [
            10.9280637,
            48.3627351
          ],
          [
            10.9290713,
            48.3613003
          ],
          [
            10.9295637,
            48.3604421
          ],
          [
            10.9297695,
            48.3599347
          ],
          [
            10.9299376,
            48.3590044
          ]
        ]
      }
    },
    {
      "type": "Feature",
      "properties": {
        "segment_id": 5,
        "start_stop": "3",
        "end_stop": "2",
        "bus": "36",
        "timestamps": [
          9300.0,
          9340.0,
          9380.0,
          9420.0
        ]
      },
      "geometry": {
        "type": "LineString",
        "coordinates": [
          [
            10.9299376,
            48.3590044
          ],
          [
            10.929993,
            48.3571877
          ],
          [
            10.9305218,
            48.3563534
          ],
          [
            10.9306343,
            48.3556153
          ]
        ]
      }
    },
    {
      "type": "Feature",
      "properties": {
        "segment_id": 6,
        "start_stop": "2",
        "end_stop": "End",
        "bus": "36",
        "timestamps": [
          9450.0,
          9480.0,
          9510.0,
          9540.0,
          9570.0
        ]
      },
      "geometry": {
        "type": "LineString",
        "coordinates": [
          [
            10.9306343,
            48.3556153
          ],
          [
            10.9306483,
            48.3552432
          ],
          [
            10.9278104,
            48.3552232
          ],
          [
            10.9274276,
            48.355482
          ],
          [
            10.9273281,
            48.3558637
          ]
        ]
      }
    },
    {
      "type": "Feature",
      "properties": {
        "segment_id": 1,
        "start_stop": "Start",
        "end_stop": "7",
        "bus": "37",
        "timestamps": [
          6000.0,
          6024.0,
          6048.0,
          6072.0,
          6096.0,
          6120.0
        ]
      },
      "geometry": {
        "type": "LineString",
        "coordinates": [
          [
            10.9208234,
            48.3802724
          ],
          [
            10.9206211,
            48.3801364
          ],
          [
            10.9224589,
            48.3787062
          ],
          [
            10.9255901,
            48.3766455
          ],
          [
            10.923772,
            48.3753054
          ],
          [
            10.9245523,
            48.3750176
          ]
        ]
      }
    },
    {
      "type": "Feature",
      "properties": {
        "segment_id": 2,
        "start_stop": "7",
        "end_stop": "6",
        "bus": "37",
        "timestamps": [
          6120.0,
          6135.0,
          6150.0,
          6165.0,
          6180.0,
          6195.0,
          6210.0,
          6225.0,
          6240.0
        ]
      },
      "geometry": {
        "type": "LineString",
        "coordinates": [
          [
            10.9245523,
            48.3750176
          ],
          [
            10.9253351,
            48.3747324
          ],
          [
            10.9255264,
            48.3747309
          ],
          [
            10.9271155,
            48.3758286
          ],
          [
            10.9225743,
            48.3787871
          ],
          [
            10.9234989,
            48.3791765
          ],
          [
            10.9245013,
            48.3793359
          ],
          [
            10.9249285,
            48.3792871
          ],
          [
            10.9263468,
            48.3788877
          ]
        ]
      }
    },
    {
      "type": "Feature",
      "properties": {
        "segment_id": 3,
        "start_stop": "6",
        "end_stop": "5",
        "bus": "37",
        "timestamps": [
          6240.0,
          6264.0,
          6288.0,
          6312.0,
          6336.0,
          6360.0
        ]
      },
      "geometry": {
        "type": "LineString",
        "coordinates": [
          [
            10.9263468,
            48.3788877
          ],
          [
            10.9273877,
            48.3784823
          ],
          [
            10.9283909,
            48.3777067
          ],
          [
            10.9288866,
            48.3774545
          ],
          [
            10.9306187,
            48.3772489
          ],
          [
            10.9313331,
            48.3773372
          ]
        ]
      }
    },
    {
      "type": "Feature",
      "properties": {
        "segment_id": 4,
        "start_stop": "5",
        "end_stop": "4",
        "bus": "37",
        "timestamps": [
          6360.0,
          6420.0,
          6480.0
        ]
      },
      "geometry": {
        "type": "LineString",
        "coordinates": [
          [
            10.9313331,
            48.3773372
          ],
          [
            10.9333406,
            48.3778245
          ],
          [
            10.9348932,
            48.3779834
          ]
        ]
      }
    },
    {
      "type": "Feature",
      "properties": {
        "segment_id": 5,
        "start_stop": "4",
        "end_stop": "3",
        "bus": "37",
        "timestamps": [
          6480.0,
          6540.0,
          6600.0
        ]
      },
      "geometry": {
        "type": "LineString",
        "coordinates": [
          [
            10.9348932,
            48.3779834
          ],
          [
            10.9372422,
            48.3782033
          ],
          [
            10.9425056,
            48.3790661
          ]
        ]
      }
    },
    {
      "type": "Feature",
      "properties": {
        "segment_id": 6,
        "start_stop": "3",
        "end_stop": "2",
        "bus": "37",
        "timestamps": [
          6600.0,
          6720.0
        ]
      },
      "geometry": {
        "type": "LineString",
        "coordinates": [
          [
            10.9425056,
            48.3790661
          ],
          [
            10.9485394,
            48.3799889
          ]
        ]
      }
    },
    {
      "type": "Feature",
      "properties": {
        "segment_id": 7,
        "start_stop": "2",
        "end_stop": "End",
        "bus": "37",
        "timestamps": [
          6720.0,
          6760.0,
          6800.0,
          6840.0
        ]
      },
      "geometry": {
        "type": "LineString",
        "coordinates": [
          [
            10.9485394,
            48.3799889
          ],
          [
            10.9515007,
            48.3804276
          ],
          [
            10.9515523,
            48.3802732
          ],
          [
            10.9520065,
            48.3803086
          ]
        ]
      }
    },
    {
      "type": "Feature",
      "properties": {
        "segment_id": 1,
        "start_stop": "Start",
        "end_stop": "7",
        "bus": "37",
        "timestamps": [
          6000.0,
          6024.0,
          6048.0,
          6072.0,
          6096.0,
          6120.0
        ]
      },
      "geometry": {
        "type": "LineString",
        "coordinates": [
          [
            10.9208234,
            48.3802724
          ],
          [
            10.9206211,
            48.3801364
          ],
          [
            10.9224589,
            48.3787062
          ],
          [
            10.9255901,
            48.3766455
          ],
          [
            10.923772,
            48.3753054
          ],
          [
            10.9245523,
            48.3750176
          ]
        ]
      }
    },
    {
      "type": "Feature",
      "properties": {
        "segment_id": 2,
        "start_stop": "7",
        "end_stop": "6",
        "bus": "37",
        "timestamps": [
          6150.0,
          6165.0,
          6180.0,
          6195.0,
          6210.0,
          6225.0,
          6240.0,
          6255.0,
          6270.0
        ]
      },
      "geometry": {
        "type": "LineString",
        "coordinates": [
          [
            10.9245523,
            48.3750176
          ],
          [
            10.9253351,
            48.3747324
          ],
          [
            10.9255264,
            48.3747309
          ],
          [
            10.9271155,
            48.3758286
          ],
          [
            10.9225743,
            48.3787871
          ],
          [
            10.9234989,
            48.3791765
          ],
          [
            10.9245013,
            48.3793359
          ],
          [
            10.9249285,
            48.3792871
          ],
          [
            10.9263468,
            48.3788877
          ]
        ]
      }
    },
    {
      "type": "Feature",
      "properties": {
        "segment_id": 3,
        "start_stop": "6",
        "end_stop": "5",
        "bus": "37",
        "timestamps": [
          6300.0,
          6324.0,
          6348.0,
          6372.0,
          6396.0,
          6420.0
        ]
      },
      "geometry": {
        "type": "LineString",
        "coordinates": [
          [
            10.9263468,
            48.3788877
          ],
          [
            10.9273877,
            48.3784823
          ],
          [
            10.9283909,
            48.3777067
          ],
          [
            10.9288866,
            48.3774545
          ],
          [
            10.9306187,
            48.3772489
          ],
          [
            10.9313331,
            48.3773372
          ]
        ]
      }
    },
    {
      "type": "Feature",
      "properties": {
        "segment_id": 4,
        "start_stop": "5",
        "end_stop": "4",
        "bus": "37",
        "timestamps": [
          6450.0,
          6510.0,
          6570.0
        ]
      },
      "geometry": {
        "type": "LineString",
        "coordinates": [
          [
            10.9313331,
            48.3773372
          ],
          [
            10.9333406,
            48.3778245
          ],
          [
            10.9348932,
            48.3779834
          ]
        ]
      }
    },
    {
      "type": "Feature",
      "properties": {
        "segment_id": 5,
        "start_stop": "4",
        "end_stop": "3",
        "bus": "37",
        "timestamps": [
          6600.0,
          6660.0,
          6720.0
        ]
      },
      "geometry": {
        "type": "LineString",
        "coordinates": [
          [
            10.9348932,
            48.3779834
          ],
          [
            10.9372422,
            48.3782033
          ],
          [
            10.9425056,
            48.3790661
          ]
        ]
      }
    },
    {
      "type": "Feature",
      "properties": {
        "segment_id": 6,
        "start_stop": "3",
        "end_stop": "2",
        "bus": "37",
        "timestamps": [
          6750.0,
          6870.0
        ]
      },
      "geometry": {
        "type": "LineString",
        "coordinates": [
          [
            10.9425056,
            48.3790661
          ],
          [
            10.9485394,
            48.3799889
          ]
        ]
      }
    },
    {
      "type": "Feature",
      "properties": {
        "segment_id": 7,
        "start_stop": "2",
        "end_stop": "End",
        "bus": "37",
        "timestamps": [
          6900.0,
          6940.0,
          6980.0,
          7020.0
        ]
      },
      "geometry": {
        "type": "LineString",
        "coordinates": [
          [
            10.9485394,
            48.3799889
          ],
          [
            10.9515007,
            48.3804276
          ],
          [
            10.9515523,
            48.3802732
          ],
          [
            10.9520065,
            48.3803086
          ]
        ]
      }
    },
    {
      "type": "Feature",
      "properties": {
        "segment_id": 1,
        "start_stop": "Start",
        "end_stop": "4",
        "bus": "38",
        "timestamps": [
          3000.0,
          3030.0,
          3060.0,
          3090.0,
          3120.0
        ]
      },
      "geometry": {
        "type": "LineString",
        "coordinates": [
          [
            10.845379,
            48.314806
          ],
          [
            10.8454616,
            48.3150193
          ],
          [
            10.8469073,
            48.3151366
          ],
          [
            10.8488359,
            48.3147807
          ],
          [
            10.8496265,
            48.314533
          ]
        ]
      }
    },
    {
      "type": "Feature",
      "properties": {
        "segment_id": 2,
        "start_stop": "4",
        "end_stop": "3",
        "bus": "38",
        "timestamps": [
          3120.0,
          3240.0
        ]
      },
      "geometry": {
        "type": "LineString",
        "coordinates": [
          [
            10.8496265,
            48.314533
          ],
          [
            10.8528126,
            48.3135389
          ]
        ]
      }
    },
    {
      "type": "Feature",
      "properties": {
        "segment_id": 3,
        "start_stop": "3",
        "end_stop": "0",
        "bus": "38",
        "timestamps": [
          3240.0,
          3300.0,
          3360.0
        ]
      },
      "geometry": {
        "type": "LineString",
        "coordinates": [
          [
            10.8528126,
            48.3135389
          ],
          [
            10.8562226,
            48.3124579
          ],
          [
            10.8567957,
            48.3132431
          ]
        ]
      }
    },
    {
      "type": "Feature",
      "properties": {
        "segment_id": 4,
        "start_stop": "0",
        "end_stop": "9",
        "bus": "38",
        "timestamps": [
          3360.0,
          3373.3333,
          3386.6667,
          3400.0,
          3413.3333,
          3426.6667,
          3440.0,
          3453.3333,
          3466.6667,
          3480.0
        ]
      },
      "geometry": {
        "type": "LineString",
        "coordinates": [
          [
            10.8567957,
            48.3132431
          ],
          [
            10.8581139,
            48.3140528
          ],
          [
            10.8588008,
            48.3140591
          ],
          [
            10.859072,
            48.3141506
          ],
          [
            10.8592378,
            48.3140014
          ],
          [
            10.8610014,
            48.3135194
          ],
          [
            10.8615674,
            48.3131871
          ],
          [
            10.8626585,
            48.3123318
          ],
          [
            10.8633396,
            48.3115308
          ],
          [
            10.8638853,
            48.311599
          ]
        ]
      }
    },
    {
      "type": "Feature",
      "properties": {
        "segment_id": 5,
        "start_stop": "9",
        "end_stop": "2",
        "bus": "38",
        "timestamps": [
          3480.0,
          3504.0,
          3528.0,
          3552.0,
          3576.0,
          3600.0
        ]
      },
      "geometry": {
        "type": "LineString",
        "coordinates": [
          [
            10.8638853,
            48.311599
          ],
          [
            10.8642111,
            48.3116363
          ],
          [
            10.863868,
            48.312931
          ],
          [
            10.8638051,
            48.3135692
          ],
          [
            10.8638937,
            48.3141388
          ],
          [
            10.8640885,
            48.3145864
          ]
        ]
      }
    },
    {
      "type": "Feature",
      "properties": {
        "segment_id": 6,
        "start_stop": "2",
        "end_stop": "1",
        "bus": "38",
        "timestamps": [
          3600.0,
          3660.0,
          3720.0
        ]
      },
      "geometry": {
        "type": "LineString",
        "coordinates": [
          [
            10.8640885,
            48.3145864
          ],
          [
            10.8644935,
            48.3156356
          ],
          [
            10.8612024,
            48.3156823
          ]
        ]
      }
    },
    {
      "type": "Feature",
      "properties": {
        "segment_id": 7,
        "start_stop": "1",
        "end_stop": "7",
        "bus": "38",
        "timestamps": [
          3720.0,
          3740.0,
          3760.0,
          3780.0,
          3800.0,
          3820.0,
          3840.0
        ]
      },
      "geometry": {
        "type": "LineString",
        "coordinates": [
          [
            10.8612024,
            48.3156823
          ],
          [
            10.8596889,
            48.3157322
          ],
          [
            10.8601876,
            48.3167909
          ],
          [
            10.8614605,
            48.3190521
          ],
          [
            10.8624105,
            48.3218307
          ],
          [
            10.8632286,
            48.3231126
          ],
          [
            10.8635533,
            48.3237763
          ]
        ]
      }
    },
    {
      "type": "Feature",
      "properties": {
        "segment_id": 8,
        "start_stop": "7",
        "end_stop": "8",
        "bus": "38",
        "timestamps": [
          3840.0,
          3870.0,
          3900.0,
          3930.0,
          3960.0
        ]
      },
      "geometry": {
        "type": "LineString",
        "coordinates": [
          [
            10.8635533,
            48.3237763
          ],
          [
            10.8663488,
            48.3296699
          ],
          [
            10.8666899,
            48.3305753
          ],
          [
            10.8671484,
            48.3336689
          ],
          [
            10.867167,
            48.334536
          ]
        ]
      }
    },
    {
      "type": "Feature",
      "properties": {
        "segment_id": 9,
        "start_stop": "8",
        "end_stop": "End",
        "bus": "38",
        "timestamps": [
          3960.0,
          3973.3333,
          3986.6667,
          4000.0,
          4013.3333,
          4026.6667,
          4040.0,
          4053.3333,
          4066.6667,
          4080.0
        ]
      },
      "geometry": {
        "type": "LineString",
        "coordinates": [
          [
            10.867167,
            48.334536
          ],
          [
            10.8669935,
            48.3356002
          ],
          [
            10.8676485,
            48.3368676
          ],
          [
            10.868,
            48.3379702
          ],
          [
            10.8681036,
            48.338678
          ],
          [
            10.8680249,
            48.3401083
          ],
          [
            10.8685489,
            48.3416967
          ],
          [
            10.8687712,
            48.3421022
          ],
          [
            10.8682146,
            48.3420992
          ],
          [
            10.8672968,
            48.3417686
          ]
        ]
      }
    },
    {
      "type": "Feature",
      "properties": {
        "segment_id": 1,
        "start_stop": "Start",
        "end_stop": "4",
        "bus": "38",
        "timestamps": [
          3000.0,
          3030.0,
          3060.0,
          3090.0,
          3120.0
        ]
      },
      "geometry": {
        "type": "LineString",
        "coordinates": [
          [
            10.845379,
            48.314806
          ],
          [
            10.8454616,
            48.3150193
          ],
          [
            10.8469073,
            48.3151366
          ],
          [
            10.8488359,
            48.3147807
          ],
          [
            10.8496265,
            48.314533
          ]
        ]
      }
    },
    {
      "type": "Feature",
      "properties": {
        "segment_id": 2,
        "start_stop": "4",
        "end_stop": "3",
        "bus": "38",
        "timestamps": [
          3150.0,
          3270.0
        ]
      },
      "geometry": {
        "type": "LineString",
        "coordinates": [
          [
            10.8496265,
            48.314533
          ],
          [
            10.8528126,
            48.3135389
          ]
        ]
      }
    },
    {
      "type": "Feature",
      "properties": {
        "segment_id": 3,
        "start_stop": "3",
        "end_stop": "0",
        "bus": "38",
        "timestamps": [
          3300.0,
          3360.0,
          3420.0
        ]
      },
      "geometry": {
        "type": "LineString",
        "coordinates": [
          [
            10.8528126,
            48.3135389
          ],
          [
            10.8562226,
            48.3124579
          ],
          [
            10.8567957,
            48.3132431
          ]
        ]
      }
    },
    {
      "type": "Feature",
      "properties": {
        "segment_id": 4,
        "start_stop": "0",
        "end_stop": "9",
        "bus": "38",
        "timestamps": [
          3450.0,
          3463.3333,
          3476.6667,
          3490.0,
          3503.3333,
          3516.6667,
          3530.0,
          3543.3333,
          3556.6667,
          3570.0
        ]
      },
      "geometry": {
        "type": "LineString",
        "coordinates": [
          [
            10.8567957,
            48.3132431
          ],
          [
            10.8581139,
            48.3140528
          ],
          [
            10.8588008,
            48.3140591
          ],
          [
            10.859072,
            48.3141506
          ],
          [
            10.8592378,
            48.3140014
          ],
          [
            10.8610014,
            48.3135194
          ],
          [
            10.8615674,
            48.3131871
          ],
          [
            10.8626585,
            48.3123318
          ],
          [
            10.8633396,
            48.3115308
          ],
          [
            10.8638853,
            48.311599
          ]
        ]
      }
    },
    {
      "type": "Feature",
      "properties": {
        "segment_id": 5,
        "start_stop": "9",
        "end_stop": "2",
        "bus": "38",
        "timestamps": [
          3600.0,
          3624.0,
          3648.0,
          3672.0,
          3696.0,
          3720.0
        ]
      },
      "geometry": {
        "type": "LineString",
        "coordinates": [
          [
            10.8638853,
            48.311599
          ],
          [
            10.8642111,
            48.3116363
          ],
          [
            10.863868,
            48.312931
          ],
          [
            10.8638051,
            48.3135692
          ],
          [
            10.8638937,
            48.3141388
          ],
          [
            10.8640885,
            48.3145864
          ]
        ]
      }
    },
    {
      "type": "Feature",
      "properties": {
        "segment_id": 6,
        "start_stop": "2",
        "end_stop": "1",
        "bus": "38",
        "timestamps": [
          3750.0,
          3810.0,
          3870.0
        ]
      },
      "geometry": {
        "type": "LineString",
        "coordinates": [
          [
            10.8640885,
            48.3145864
          ],
          [
            10.8644935,
            48.3156356
          ],
          [
            10.8612024,
            48.3156823
          ]
        ]
      }
    },
    {
      "type": "Feature",
      "properties": {
        "segment_id": 7,
        "start_stop": "1",
        "end_stop": "7",
        "bus": "38",
        "timestamps": [
          3900.0,
          3920.0,
          3940.0,
          3960.0,
          3980.0,
          4000.0,
          4020.0
        ]
      },
      "geometry": {
        "type": "LineString",
        "coordinates": [
          [
            10.8612024,
            48.3156823
          ],
          [
            10.8596889,
            48.3157322
          ],
          [
            10.8601876,
            48.3167909
          ],
          [
            10.8614605,
            48.3190521
          ],
          [
            10.8624105,
            48.3218307
          ],
          [
            10.8632286,
            48.3231126
          ],
          [
            10.8635533,
            48.3237763
          ]
        ]
      }
    },
    {
      "type": "Feature",
      "properties": {
        "segment_id": 8,
        "start_stop": "7",
        "end_stop": "8",
        "bus": "38",
        "timestamps": [
          4050.0,
          4080.0,
          4110.0,
          4140.0,
          4170.0
        ]
      },
      "geometry": {
        "type": "LineString",
        "coordinates": [
          [
            10.8635533,
            48.3237763
          ],
          [
            10.8663488,
            48.3296699
          ],
          [
            10.8666899,
            48.3305753
          ],
          [
            10.8671484,
            48.3336689
          ],
          [
            10.867167,
            48.334536
          ]
        ]
      }
    },
    {
      "type": "Feature",
      "properties": {
        "segment_id": 9,
        "start_stop": "8",
        "end_stop": "End",
        "bus": "38",
        "timestamps": [
          4200.0,
          4213.3333,
          4226.6667,
          4240.0,
          4253.3333,
          4266.6667,
          4280.0,
          4293.3333,
          4306.6667,
          4320.0
        ]
      },
      "geometry": {
        "type": "LineString",
        "coordinates": [
          [
            10.867167,
            48.334536
          ],
          [
            10.8669935,
            48.3356002
          ],
          [
            10.8676485,
            48.3368676
          ],
          [
            10.868,
            48.3379702
          ],
          [
            10.8681036,
            48.338678
          ],
          [
            10.8680249,
            48.3401083
          ],
          [
            10.8685489,
            48.3416967
          ],
          [
            10.8687712,
            48.3421022
          ],
          [
            10.8682146,
            48.3420992
          ],
          [
            10.8672968,
            48.3417686
          ]
        ]
      }
    },
    {
      "type": "Feature",
      "properties": {
        "segment_id": 1,
        "start_stop": "Start",
        "end_stop": "13",
        "bus": "38",
        "timestamps": [
          3000.0,
          3024.0,
          3048.0,
          3072.0,
          3096.0,
          3120.0
        ]
      },
      "geometry": {
        "type": "LineString",
        "coordinates": [
          [
            10.8168052,
            48.3139434
          ],
          [
            10.8168964,
            48.3137526
          ],
          [
            10.8193797,
            48.3135695
          ],
          [
            10.8200435,
            48.3144611
          ],
          [
            10.8203708,
            48.3144928
          ],
          [
            10.8209928,
            48.3153908
          ]
        ]
      }
    },
    {
      "type": "Feature",
      "properties": {
        "segment_id": 2,
        "start_stop": "13",
        "end_stop": "15",
        "bus": "38",
        "timestamps": [
          3120.0,
          3180.0,
          3240.0
        ]
      },
      "geometry": {
        "type": "LineString",
        "coordinates": [
          [
            10.8209928,
            48.3153908
          ],
          [
            10.8213127,
            48.3164036
          ],
          [
            10.8211112,
            48.3170634
          ]
        ]
      }
    },
    {
      "type": "Feature",
      "properties": {
        "segment_id": 3,
        "start_stop": "15",
        "end_stop": "20",
        "bus": "38",
        "timestamps": [
          3240.0,
          3264.0,
          3288.0,
          3312.0,
          3336.0,
          3360.0
        ]
      },
      "geometry": {
        "type": "LineString",
        "coordinates": [
          [
            10.8211112,
            48.3170634
          ],
          [
            10.8209697,
            48.31797
          ],
          [
            10.8203664,
            48.3190399
          ],
          [
            10.8204238,
            48.3191477
          ],
          [
            10.8208069,
            48.3192948
          ],
          [
            10.8218229,
            48.3195209
          ]
        ]
      }
    },
    {
      "type": "Feature",
      "properties": {
        "segment_id": 4,
        "start_stop": "20",
        "end_stop": "1",
        "bus": "38",
        "timestamps": [
          3360.0,
          3390.0,
          3420.0,
          3450.0,
          3480.0
        ]
      },
      "geometry": {
        "type": "LineString",
        "coordinates": [
          [
            10.8218229,
            48.3195209
          ],
          [
            10.8226383,
            48.3196306
          ],
          [
            10.8241678,
            48.3200278
          ],
          [
            10.8256771,
            48.3205757
          ],
          [
            10.8267728,
            48.3210873
          ]
        ]
      }
    },
    {
      "type": "Feature",
      "properties": {
        "segment_id": 5,
        "start_stop": "1",
        "end_stop": "4",
        "bus": "38",
        "timestamps": [
          3480.0,
          3520.0,
          3560.0,
          3600.0
        ]
      },
      "geometry": {
        "type": "LineString",
        "coordinates": [
          [
            10.8267728,
            48.3210873
          ],
          [
            10.8290715,
            48.3225433
          ],
          [
            10.832333,
            48.3235607
          ],
          [
            10.833121,
            48.3240472
          ]
        ]
      }
    },
    {
      "type": "Feature",
      "properties": {
        "segment_id": 6,
        "start_stop": "4",
        "end_stop": "2",
        "bus": "38",
        "timestamps": [
          3600.0,
          3630.0,
          3660.0,
          3690.0,
          3720.0
        ]
      },
      "geometry": {
        "type": "LineString",
        "coordinates": [
          [
            10.833121,
            48.3240472
          ],
          [
            10.8343647,
            48.3255731
          ],
          [
            10.8351374,
            48.3269071
          ],
          [
            10.8354792,
            48.3271831
          ],
          [
            10.8362441,
            48.3274461
          ]
        ]
      }
    },
    {
      "type": "Feature",
      "properties": {
        "segment_id": 7,
        "start_stop": "2",
        "end_stop": "19",
        "bus": "38",
        "timestamps": [
          3720.0,
          3760.0,
          3800.0,
          3840.0
        ]
      },
      "geometry": {
        "type": "LineString",
        "coordinates": [
          [
            10.8362441,
            48.3274461
          ],
          [
            10.8376449,
            48.327648
          ],
          [
            10.839651,
            48.3276121
          ],
          [
            10.8404642,
            48.3280019
          ]
        ]
      }
    },
    {
      "type": "Feature",
      "properties": {
        "segment_id": 8,
        "start_stop": "19",
        "end_stop": "12",
        "bus": "38",
        "timestamps": [
          3840.0,
          3860.0,
          3880.0,
          3900.0,
          3920.0,
          3940.0,
          3960.0
        ]
      },
      "geometry": {
        "type": "LineString",
        "coordinates": [
          [
            10.8404642,
            48.3280019
          ],
          [
            10.8429066,
            48.3295014
          ],
          [
            10.8435768,
            48.3304977
          ],
          [
            10.8447228,
            48.3311634
          ],
          [
            10.8469841,
            48.3318234
          ],
          [
            10.8484834,
            48.3323282
          ],
          [
            10.8489282,
            48.3325535
          ]
        ]
      }
    },
    {
      "type": "Feature",
      "properties": {
        "segment_id": 9,
        "start_stop": "12",
        "end_stop": "10",
        "bus": "38",
        "timestamps": [
          3960.0,
          3969.2308,
          3978.4615,
          3987.6923,
          3996.9231,
          4006.1538,
          4015.3846,
          4024.6154,
          4033.8462,
          4043.0769,
          4052.3077,
          4061.5385,
          4070.7692,
          4080.0
        ]
      },
      "geometry": {
        "type": "LineString",
        "coordinates": [
          [
            10.8489282,
            48.3325535
          ],
          [
            10.8505456,
            48.3338485
          ],
          [
            10.8531487,
            48.3354916
          ],
          [
            10.8535772,
            48.3363385
          ],
          [
            10.8544084,
            48.3370417
          ],
          [
            10.8545088,
            48.3372236
          ],
          [
            10.8545454,
            48.3375752
          ],
          [
            10.854448,
            48.3379176
          ],
          [
            10.8538676,
            48.3389066
          ],
          [
            10.8536274,
            48.3395609
          ],
          [
            10.8525545,
            48.3405235
          ],
          [
            10.8520029,
            48.3411172
          ],
          [
            10.8518838,
            48.341347
          ],
          [
            10.8517349,
            48.3412922
          ]
        ]
      }
    },
    {
      "type": "Feature",
      "properties": {
        "segment_id": 10,
        "start_stop": "10",
        "end_stop": "16",
        "bus": "38",
        "timestamps": [
          4080.0,
          4110.0,
          4140.0,
          4170.0,
          4200.0
        ]
      },
      "geometry": {
        "type": "LineString",
        "coordinates": [
          [
            10.8517349,
            48.3412922
          ],
          [
            10.8517073,
            48.3412044
          ],
          [
            10.8545525,
            48.337016
          ],
          [
            10.8561565,
            48.3371619
          ],
          [
            10.8570717,
            48.3374978
          ]
        ]
      }
    },
    {
      "type": "Feature",
      "properties": {
        "segment_id": 11,
        "start_stop": "16",
        "end_stop": "3",
        "bus": "38",
        "timestamps": [
          4200.0,
          4224.0,
          4248.0,
          4272.0,
          4296.0,
          4320.0
        ]
      },
      "geometry": {
        "type": "LineString",
        "coordinates": [
          [
            10.8570717,
            48.3374978
          ],
          [
            10.8595238,
            48.338856
          ],
          [
            10.8601935,
            48.3390685
          ],
          [
            10.8601087,
            48.3391341
          ],
          [
            10.8601705,
            48.3392405
          ],
          [
            10.863252,
            48.3409467
          ]
        ]
      }
    },
    {
      "type": "Feature",
      "properties": {
        "segment_id": 12,
        "start_stop": "3",
        "end_stop": "11",
        "bus": "38",
        "timestamps": [
          4320.0,
          4360.0,
          4400.0,
          4440.0
        ]
      },
      "geometry": {
        "type": "LineString",
        "coordinates": [
          [
            10.863252,
            48.3409467
          ],
          [
            10.8655308,
            48.3411509
          ],
          [
            10.866266,
            48.34133
          ],
          [
            10.8672968,
            48.3417686
          ]
        ]
      }
    },
    {
      "type": "Feature",
      "properties": {
        "segment_id": 13,
        "start_stop": "11",
        "end_stop": "18",
        "bus": "38",
        "timestamps": [
          4440.0,
          4453.3333,
          4466.6667,
          4480.0,
          4493.3333,
          4506.6667,
          4520.0,
          4533.3333,
          4546.6667,
          4560.0
        ]
      },
      "geometry": {
        "type": "LineString",
        "coordinates": [
          [
            10.8672968,
            48.3417686
          ],
          [
            10.8682146,
            48.3420992
          ],
          [
            10.8687712,
            48.3421022
          ],
          [
            10.8685489,
            48.3416967
          ],
          [
            10.8680249,
            48.3401083
          ],
          [
            10.8681036,
            48.338678
          ],
          [
            10.868,
            48.3379702
          ],
          [
            10.8676485,
            48.3368676
          ],
          [
            10.8669935,
            48.3356002
          ],
          [
            10.867167,
            48.334536
          ]
        ]
      }
    },
    {
      "type": "Feature",
      "properties": {
        "segment_id": 14,
        "start_stop": "18",
        "end_stop": "17",
        "bus": "38",
        "timestamps": [
          4560.0,
          4590.0,
          4620.0,
          4650.0,
          4680.0
        ]
      },
      "geometry": {
        "type": "LineString",
        "coordinates": [
          [
            10.867167,
            48.334536
          ],
          [
            10.8671484,
            48.3336689
          ],
          [
            10.8666899,
            48.3305753
          ],
          [
            10.8663488,
            48.3296699
          ],
          [
            10.8635533,
            48.3237763
          ]
        ]
      }
    },
    {
      "type": "Feature",
      "properties": {
        "segment_id": 15,
        "start_stop": "17",
        "end_stop": "5",
        "bus": "38",
        "timestamps": [
          4680.0,
          4700.0,
          4720.0,
          4740.0,
          4760.0,
          4780.0,
          4800.0
        ]
      },
      "geometry": {
        "type": "LineString",
        "coordinates": [
          [
            10.8635533,
            48.3237763
          ],
          [
            10.8632286,
            48.3231126
          ],
          [
            10.8624105,
            48.3218307
          ],
          [
            10.8614605,
            48.3190521
          ],
          [
            10.8601876,
            48.3167909
          ],
          [
            10.8596889,
            48.3157322
          ],
          [
            10.8612024,
            48.3156823
          ]
        ]
      }
    },
    {
      "type": "Feature",
      "properties": {
        "segment_id": 16,
        "start_stop": "5",
        "end_stop": "6",
        "bus": "38",
        "timestamps": [
          4800.0,
          4860.0,
          4920.0
        ]
      },
      "geometry": {
        "type": "LineString",
        "coordinates": [
          [
            10.8612024,
            48.3156823
          ],
          [
            10.8644935,
            48.3156356
          ],
          [
            10.8640885,
            48.3145864
          ]
        ]
      }
    },
    {
      "type": "Feature",
      "properties": {
        "segment_id": 17,
        "start_stop": "6",
        "end_stop": "21",
        "bus": "38",
        "timestamps": [
          4920.0,
          4944.0,
          4968.0,
          4992.0,
          5016.0,
          5040.0
        ]
      },
      "geometry": {
        "type": "LineString",
        "coordinates": [
          [
            10.8640885,
            48.3145864
          ],
          [
            10.8638937,
            48.3141388
          ],
          [
            10.8638051,
            48.3135692
          ],
          [
            10.863868,
            48.312931
          ],
          [
            10.8642111,
            48.3116363
          ],
          [
            10.8638853,
            48.311599
          ]
        ]
      }
    },
    {
      "type": "Feature",
      "properties": {
        "segment_id": 18,
        "start_stop": "21",
        "end_stop": "0",
        "bus": "38",
        "timestamps": [
          5040.0,
          5053.3333,
          5066.6667,
          5080.0,
          5093.3333,
          5106.6667,
          5120.0,
          5133.3333,
          5146.6667,
          5160.0
        ]
      },
      "geometry": {
        "type": "LineString",
        "coordinates": [
          [
            10.8638853,
            48.311599
          ],
          [
            10.8633396,
            48.3115308
          ],
          [
            10.8626585,
            48.3123318
          ],
          [
            10.8615674,
            48.3131871
          ],
          [
            10.8610014,
            48.3135194
          ],
          [
            10.8592378,
            48.3140014
          ],
          [
            10.859072,
            48.3141506
          ],
          [
            10.8588008,
            48.3140591
          ],
          [
            10.8581139,
            48.3140528
          ],
          [
            10.8567957,
            48.3132431
          ]
        ]
      }
    },
    {
      "type": "Feature",
      "properties": {
        "segment_id": 19,
        "start_stop": "0",
        "end_stop": "7",
        "bus": "38",
        "timestamps": [
          5160.0,
          5220.0,
          5280.0
        ]
      },
      "geometry": {
        "type": "LineString",
        "coordinates": [
          [
            10.8567957,
            48.3132431
          ],
          [
            10.8562226,
            48.3124579
          ],
          [
            10.8528126,
            48.3135389
          ]
        ]
      }
    },
    {
      "type": "Feature",
      "properties": {
        "segment_id": 20,
        "start_stop": "7",
        "end_stop": "8",
        "bus": "38",
        "timestamps": [
          5280.0,
          5400.0
        ]
      },
      "geometry": {
        "type": "LineString",
        "coordinates": [
          [
            10.8528126,
            48.3135389
          ],
          [
            10.8496265,
            48.314533
          ]
        ]
      }
    },
    {
      "type": "Feature",
      "properties": {
        "segment_id": 21,
        "start_stop": "8",
        "end_stop": "End",
        "bus": "38",
        "timestamps": [
          5400.0,
          5430.0,
          5460.0,
          5490.0,
          5520.0
        ]
      },
      "geometry": {
        "type": "LineString",
        "coordinates": [
          [
            10.8496265,
            48.314533
          ],
          [
            10.8488359,
            48.3147807
          ],
          [
            10.8469073,
            48.3151366
          ],
          [
            10.8454616,
            48.3150193
          ],
          [
            10.845379,
            48.314806
          ]
        ]
      }
    },
    {
      "type": "Feature",
      "properties": {
        "segment_id": 1,
        "start_stop": "Start",
        "end_stop": "13",
        "bus": "38",
        "timestamps": [
          3000.0,
          3024.0,
          3048.0,
          3072.0,
          3096.0,
          3120.0
        ]
      },
      "geometry": {
        "type": "LineString",
        "coordinates": [
          [
            10.8168052,
            48.3139434
          ],
          [
            10.8168964,
            48.3137526
          ],
          [
            10.8193797,
            48.3135695
          ],
          [
            10.8200435,
            48.3144611
          ],
          [
            10.8203708,
            48.3144928
          ],
          [
            10.8209928,
            48.3153908
          ]
        ]
      }
    },
    {
      "type": "Feature",
      "properties": {
        "segment_id": 2,
        "start_stop": "13",
        "end_stop": "15",
        "bus": "38",
        "timestamps": [
          3150.0,
          3210.0,
          3270.0
        ]
      },
      "geometry": {
        "type": "LineString",
        "coordinates": [
          [
            10.8209928,
            48.3153908
          ],
          [
            10.8213127,
            48.3164036
          ],
          [
            10.8211112,
            48.3170634
          ]
        ]
      }
    },
    {
      "type": "Feature",
      "properties": {
        "segment_id": 3,
        "start_stop": "15",
        "end_stop": "20",
        "bus": "38",
        "timestamps": [
          3300.0,
          3324.0,
          3348.0,
          3372.0,
          3396.0,
          3420.0
        ]
      },
      "geometry": {
        "type": "LineString",
        "coordinates": [
          [
            10.8211112,
            48.3170634
          ],
          [
            10.8209697,
            48.31797
          ],
          [
            10.8203664,
            48.3190399
          ],
          [
            10.8204238,
            48.3191477
          ],
          [
            10.8208069,
            48.3192948
          ],
          [
            10.8218229,
            48.3195209
          ]
        ]
      }
    },
    {
      "type": "Feature",
      "properties": {
        "segment_id": 4,
        "start_stop": "20",
        "end_stop": "1",
        "bus": "38",
        "timestamps": [
          3450.0,
          3480.0,
          3510.0,
          3540.0,
          3570.0
        ]
      },
      "geometry": {
        "type": "LineString",
        "coordinates": [
          [
            10.8218229,
            48.3195209
          ],
          [
            10.8226383,
            48.3196306
          ],
          [
            10.8241678,
            48.3200278
          ],
          [
            10.8256771,
            48.3205757
          ],
          [
            10.8267728,
            48.3210873
          ]
        ]
      }
    },
    {
      "type": "Feature",
      "properties": {
        "segment_id": 5,
        "start_stop": "1",
        "end_stop": "4",
        "bus": "38",
        "timestamps": [
          3600.0,
          3640.0,
          3680.0,
          3720.0
        ]
      },
      "geometry": {
        "type": "LineString",
        "coordinates": [
          [
            10.8267728,
            48.3210873
          ],
          [
            10.8290715,
            48.3225433
          ],
          [
            10.832333,
            48.3235607
          ],
          [
            10.833121,
            48.3240472
          ]
        ]
      }
    },
    {
      "type": "Feature",
      "properties": {
        "segment_id": 6,
        "start_stop": "4",
        "end_stop": "2",
        "bus": "38",
        "timestamps": [
          3750.0,
          3780.0,
          3810.0,
          3840.0,
          3870.0
        ]
      },
      "geometry": {
        "type": "LineString",
        "coordinates": [
          [
            10.833121,
            48.3240472
          ],
          [
            10.8343647,
            48.3255731
          ],
          [
            10.8351374,
            48.3269071
          ],
          [
            10.8354792,
            48.3271831
          ],
          [
            10.8362441,
            48.3274461
          ]
        ]
      }
    },
    {
      "type": "Feature",
      "properties": {
        "segment_id": 7,
        "start_stop": "2",
        "end_stop": "19",
        "bus": "38",
        "timestamps": [
          3900.0,
          3940.0,
          3980.0,
          4020.0
        ]
      },
      "geometry": {
        "type": "LineString",
        "coordinates": [
          [
            10.8362441,
            48.3274461
          ],
          [
            10.8376449,
            48.327648
          ],
          [
            10.839651,
            48.3276121
          ],
          [
            10.8404642,
            48.3280019
          ]
        ]
      }
    },
    {
      "type": "Feature",
      "properties": {
        "segment_id": 8,
        "start_stop": "19",
        "end_stop": "12",
        "bus": "38",
        "timestamps": [
          4050.0,
          4070.0,
          4090.0,
          4110.0,
          4130.0,
          4150.0,
          4170.0
        ]
      },
      "geometry": {
        "type": "LineString",
        "coordinates": [
          [
            10.8404642,
            48.3280019
          ],
          [
            10.8429066,
            48.3295014
          ],
          [
            10.8435768,
            48.3304977
          ],
          [
            10.8447228,
            48.3311634
          ],
          [
            10.8469841,
            48.3318234
          ],
          [
            10.8484834,
            48.3323282
          ],
          [
            10.8489282,
            48.3325535
          ]
        ]
      }
    },
    {
      "type": "Feature",
      "properties": {
        "segment_id": 9,
        "start_stop": "12",
        "end_stop": "10",
        "bus": "38",
        "timestamps": [
          4200.0,
          4209.2308,
          4218.4615,
          4227.6923,
          4236.9231,
          4246.1538,
          4255.3846,
          4264.6154,
          4273.8462,
          4283.0769,
          4292.3077,
          4301.5385,
          4310.7692,
          4320.0
        ]
      },
      "geometry": {
        "type": "LineString",
        "coordinates": [
          [
            10.8489282,
            48.3325535
          ],
          [
            10.8505456,
            48.3338485
          ],
          [
            10.8531487,
            48.3354916
          ],
          [
            10.8535772,
            48.3363385
          ],
          [
            10.8544084,
            48.3370417
          ],
          [
            10.8545088,
            48.3372236
          ],
          [
            10.8545454,
            48.3375752
          ],
          [
            10.854448,
            48.3379176
          ],
          [
            10.8538676,
            48.3389066
          ],
          [
            10.8536274,
            48.3395609
          ],
          [
            10.8525545,
            48.3405235
          ],
          [
            10.8520029,
            48.3411172
          ],
          [
            10.8518838,
            48.341347
          ],
          [
            10.8517349,
            48.3412922
          ]
        ]
      }
    },
    {
      "type": "Feature",
      "properties": {
        "segment_id": 10,
        "start_stop": "10",
        "end_stop": "16",
        "bus": "38",
        "timestamps": [
          4350.0,
          4380.0,
          4410.0,
          4440.0,
          4470.0
        ]
      },
      "geometry": {
        "type": "LineString",
        "coordinates": [
          [
            10.8517349,
            48.3412922
          ],
          [
            10.8517073,
            48.3412044
          ],
          [
            10.8545525,
            48.337016
          ],
          [
            10.8561565,
            48.3371619
          ],
          [
            10.8570717,
            48.3374978
          ]
        ]
      }
    },
    {
      "type": "Feature",
      "properties": {
        "segment_id": 11,
        "start_stop": "16",
        "end_stop": "3",
        "bus": "38",
        "timestamps": [
          4500.0,
          4524.0,
          4548.0,
          4572.0,
          4596.0,
          4620.0
        ]
      },
      "geometry": {
        "type": "LineString",
        "coordinates": [
          [
            10.8570717,
            48.3374978
          ],
          [
            10.8595238,
            48.338856
          ],
          [
            10.8601935,
            48.3390685
          ],
          [
            10.8601087,
            48.3391341
          ],
          [
            10.8601705,
            48.3392405
          ],
          [
            10.863252,
            48.3409467
          ]
        ]
      }
    },
    {
      "type": "Feature",
      "properties": {
        "segment_id": 12,
        "start_stop": "3",
        "end_stop": "11",
        "bus": "38",
        "timestamps": [
          4650.0,
          4690.0,
          4730.0,
          4770.0
        ]
      },
      "geometry": {
        "type": "LineString",
        "coordinates": [
          [
            10.863252,
            48.3409467
          ],
          [
            10.8655308,
            48.3411509
          ],
          [
            10.866266,
            48.34133
          ],
          [
            10.8672968,
            48.3417686
          ]
        ]
      }
    },
    {
      "type": "Feature",
      "properties": {
        "segment_id": 13,
        "start_stop": "11",
        "end_stop": "18",
        "bus": "38",
        "timestamps": [
          4800.0,
          4813.3333,
          4826.6667,
          4840.0,
          4853.3333,
          4866.6667,
          4880.0,
          4893.3333,
          4906.6667,
          4920.0
        ]
      },
      "geometry": {
        "type": "LineString",
        "coordinates": [
          [
            10.8672968,
            48.3417686
          ],
          [
            10.8682146,
            48.3420992
          ],
          [
            10.8687712,
            48.3421022
          ],
          [
            10.8685489,
            48.3416967
          ],
          [
            10.8680249,
            48.3401083
          ],
          [
            10.8681036,
            48.338678
          ],
          [
            10.868,
            48.3379702
          ],
          [
            10.8676485,
            48.3368676
          ],
          [
            10.8669935,
            48.3356002
          ],
          [
            10.867167,
            48.334536
          ]
        ]
      }
    },
    {
      "type": "Feature",
      "properties": {
        "segment_id": 14,
        "start_stop": "18",
        "end_stop": "17",
        "bus": "38",
        "timestamps": [
          4950.0,
          4980.0,
          5010.0,
          5040.0,
          5070.0
        ]
      },
      "geometry": {
        "type": "LineString",
        "coordinates": [
          [
            10.867167,
            48.334536
          ],
          [
            10.8671484,
            48.3336689
          ],
          [
            10.8666899,
            48.3305753
          ],
          [
            10.8663488,
            48.3296699
          ],
          [
            10.8635533,
            48.3237763
          ]
        ]
      }
    },
    {
      "type": "Feature",
      "properties": {
        "segment_id": 15,
        "start_stop": "17",
        "end_stop": "5",
        "bus": "38",
        "timestamps": [
          5100.0,
          5120.0,
          5140.0,
          5160.0,
          5180.0,
          5200.0,
          5220.0
        ]
      },
      "geometry": {
        "type": "LineString",
        "coordinates": [
          [
            10.8635533,
            48.3237763
          ],
          [
            10.8632286,
            48.3231126
          ],
          [
            10.8624105,
            48.3218307
          ],
          [
            10.8614605,
            48.3190521
          ],
          [
            10.8601876,
            48.3167909
          ],
          [
            10.8596889,
            48.3157322
          ],
          [
            10.8612024,
            48.3156823
          ]
        ]
      }
    },
    {
      "type": "Feature",
      "properties": {
        "segment_id": 16,
        "start_stop": "5",
        "end_stop": "6",
        "bus": "38",
        "timestamps": [
          5250.0,
          5310.0,
          5370.0
        ]
      },
      "geometry": {
        "type": "LineString",
        "coordinates": [
          [
            10.8612024,
            48.3156823
          ],
          [
            10.8644935,
            48.3156356
          ],
          [
            10.8640885,
            48.3145864
          ]
        ]
      }
    },
    {
      "type": "Feature",
      "properties": {
        "segment_id": 17,
        "start_stop": "6",
        "end_stop": "21",
        "bus": "38",
        "timestamps": [
          5400.0,
          5424.0,
          5448.0,
          5472.0,
          5496.0,
          5520.0
        ]
      },
      "geometry": {
        "type": "LineString",
        "coordinates": [
          [
            10.8640885,
            48.3145864
          ],
          [
            10.8638937,
            48.3141388
          ],
          [
            10.8638051,
            48.3135692
          ],
          [
            10.863868,
            48.312931
          ],
          [
            10.8642111,
            48.3116363
          ],
          [
            10.8638853,
            48.311599
          ]
        ]
      }
    },
    {
      "type": "Feature",
      "properties": {
        "segment_id": 18,
        "start_stop": "21",
        "end_stop": "0",
        "bus": "38",
        "timestamps": [
          5550.0,
          5563.3333,
          5576.6667,
          5590.0,
          5603.3333,
          5616.6667,
          5630.0,
          5643.3333,
          5656.6667,
          5670.0
        ]
      },
      "geometry": {
        "type": "LineString",
        "coordinates": [
          [
            10.8638853,
            48.311599
          ],
          [
            10.8633396,
            48.3115308
          ],
          [
            10.8626585,
            48.3123318
          ],
          [
            10.8615674,
            48.3131871
          ],
          [
            10.8610014,
            48.3135194
          ],
          [
            10.8592378,
            48.3140014
          ],
          [
            10.859072,
            48.3141506
          ],
          [
            10.8588008,
            48.3140591
          ],
          [
            10.8581139,
            48.3140528
          ],
          [
            10.8567957,
            48.3132431
          ]
        ]
      }
    },
    {
      "type": "Feature",
      "properties": {
        "segment_id": 19,
        "start_stop": "0",
        "end_stop": "7",
        "bus": "38",
        "timestamps": [
          5700.0,
          5760.0,
          5820.0
        ]
      },
      "geometry": {
        "type": "LineString",
        "coordinates": [
          [
            10.8567957,
            48.3132431
          ],
          [
            10.8562226,
            48.3124579
          ],
          [
            10.8528126,
            48.3135389
          ]
        ]
      }
    },
    {
      "type": "Feature",
      "properties": {
        "segment_id": 20,
        "start_stop": "7",
        "end_stop": "8",
        "bus": "38",
        "timestamps": [
          5850.0,
          5970.0
        ]
      },
      "geometry": {
        "type": "LineString",
        "coordinates": [
          [
            10.8528126,
            48.3135389
          ],
          [
            10.8496265,
            48.314533
          ]
        ]
      }
    },
    {
      "type": "Feature",
      "properties": {
        "segment_id": 21,
        "start_stop": "8",
        "end_stop": "End",
        "bus": "38",
        "timestamps": [
          6000.0,
          6030.0,
          6060.0,
          6090.0,
          6120.0
        ]
      },
      "geometry": {
        "type": "LineString",
        "coordinates": [
          [
            10.8496265,
            48.314533
          ],
          [
            10.8488359,
            48.3147807
          ],
          [
            10.8469073,
            48.3151366
          ],
          [
            10.8454616,
            48.3150193
          ],
          [
            10.845379,
            48.314806
          ]
        ]
      }
    },
    {
      "type": "Feature",
      "properties": {
        "segment_id": 1,
        "start_stop": "Start",
        "end_stop": "4",
        "bus": "41",
        "timestamps": [
          1800.0,
          1860.0,
          1920.0
        ]
      },
      "geometry": {
        "type": "LineString",
        "coordinates": [
          [
            10.8761727,
            48.3467664
          ],
          [
            10.8763008,
            48.3469071
          ],
          [
            10.8762146,
            48.3467568
          ]
        ]
      }
    },
    {
      "type": "Feature",
      "properties": {
        "segment_id": 2,
        "start_stop": "4",
        "end_stop": "4",
        "bus": "41",
        "timestamps": [
          1920.0,
          1960.0,
          2000.0,
          2040.0
        ]
      },
      "geometry": {
        "type": "LineString",
        "coordinates": [
          [
            10.8762146,
            48.3467568
          ],
          [
            10.8760763,
            48.3465225
          ],
          [
            10.8760132,
            48.3465371
          ],
          [
            10.8761727,
            48.3467664
          ]
        ]
      }
    },
    {
      "type": "Feature",
      "properties": {
        "segment_id": 3,
        "start_stop": "4",
        "end_stop": "4",
        "bus": "41",
        "timestamps": [
          2040.0,
          2160.0
        ]
      },
      "geometry": {
        "type": "LineString",
        "coordinates": [
          [
            10.8762146,
            48.3467568
          ],
          [
            10.8761727,
            48.3467664
          ]
        ]
      }
    },
    {
      "type": "Feature",
      "properties": {
        "segment_id": 4,
        "start_stop": "4",
        "end_stop": "12",
        "bus": "41",
        "timestamps": [
          2160.0,
          2280.0
        ]
      },
      "geometry": {
        "type": "LineString",
        "coordinates": [
          [
            10.8945895,
            48.3657248
          ],
          [
            10.8973794,
            48.360685
          ]
        ]
      }
    },
    {
      "type": "Feature",
      "properties": {
        "segment_id": 5,
        "start_stop": "12",
        "end_stop": "10",
        "bus": "41",
        "timestamps": [
          2280.0,
          2340.0,
          2400.0
        ]
      },
      "geometry": {
        "type": "LineString",
        "coordinates": [
          [
            10.8973794,
            48.360685
          ],
          [
            10.8979621,
            48.3597975
          ],
          [
            10.8969963,
            48.3571993
          ]
        ]
      }
    },
    {
      "type": "Feature",
      "properties": {
        "segment_id": 6,
        "start_stop": "10",
        "end_stop": "9",
        "bus": "41",
        "timestamps": [
          2400.0,
          2440.0,
          2480.0,
          2520.0
        ]
      },
      "geometry": {
        "type": "LineString",
        "coordinates": [
          [
            10.8969963,
            48.3571993
          ],
          [
            10.8963797,
            48.35565
          ],
          [
            10.8985991,
            48.355517
          ],
          [
            10.8982286,
            48.3533833
          ]
        ]
      }
    },
    {
      "type": "Feature",
      "properties": {
        "segment_id": 7,
        "start_stop": "9",
        "end_stop": "18",
        "bus": "41",
        "timestamps": [
          2520.0,
          2640.0
        ]
      },
      "geometry": {
        "type": "LineString",
        "coordinates": [
          [
            10.8982286,
            48.3533833
          ],
          [
            10.8979916,
            48.3520864
          ]
        ]
      }
    },
    {
      "type": "Feature",
      "properties": {
        "segment_id": 8,
        "start_stop": "18",
        "end_stop": "2",
        "bus": "41",
        "timestamps": [
          2640.0,
          2680.0,
          2720.0,
          2760.0
        ]
      },
      "geometry": {
        "type": "LineString",
        "coordinates": [
          [
            10.8979916,
            48.3520864
          ],
          [
            10.8978074,
            48.3512064
          ],
          [
            10.8973128,
            48.350228
          ],
          [
            10.8971064,
            48.3492737
          ]
        ]
      }
    },
    {
      "type": "Feature",
      "properties": {
        "segment_id": 9,
        "start_stop": "2",
        "end_stop": "3",
        "bus": "41",
        "timestamps": [
          2760.0,
          2790.0,
          2820.0,
          2850.0,
          2880.0
        ]
      },
      "geometry": {
        "type": "LineString",
        "coordinates": [
          [
            10.8971064,
            48.3492737
          ],
          [
            10.8969653,
            48.34894
          ],
          [
            10.896102,
            48.3476831
          ],
          [
            10.8958459,
            48.34687
          ],
          [
            10.895771,
            48.3463523
          ]
        ]
      }
    },
    {
      "type": "Feature",
      "properties": {
        "segment_id": 10,
        "start_stop": "3",
        "end_stop": "1",
        "bus": "41",
        "timestamps": [
          2880.0,
          2940.0,
          3000.0
        ]
      },
      "geometry": {
        "type": "LineString",
        "coordinates": [
          [
            10.895771,
            48.3463523
          ],
          [
            10.8958055,
            48.3456112
          ],
          [
            10.8960812,
            48.3447057
          ]
        ]
      }
    },
    {
      "type": "Feature",
      "properties": {
        "segment_id": 11,
        "start_stop": "1",
        "end_stop": "15",
        "bus": "41",
        "timestamps": [
          3000.0,
          3013.3333,
          3026.6667,
          3040.0,
          3053.3333,
          3066.6667,
          3080.0,
          3093.3333,
          3106.6667,
          3120.0
        ]
      },
      "geometry": {
        "type": "LineString",
        "coordinates": [
          [
            10.8960812,
            48.3447057
          ],
          [
            10.8960551,
            48.3443165
          ],
          [
            10.8959084,
            48.343994
          ],
          [
            10.8957391,
            48.3437283
          ],
          [
            10.8954532,
            48.3435021
          ],
          [
            10.894834,
            48.3433258
          ],
          [
            10.894104,
            48.3435277
          ],
          [
            10.8939031,
            48.3428049
          ],
          [
            10.8936194,
            48.3426386
          ],
          [
            10.8939289,
            48.3423643
          ]
        ]
      }
    },
    {
      "type": "Feature",
      "properties": {
        "segment_id": 12,
        "start_stop": "15",
        "end_stop": "16",
        "bus": "41",
        "timestamps": [
          3120.0,
          3150.0,
          3180.0,
          3210.0,
          3240.0
        ]
      },
      "geometry": {
        "type": "LineString",
        "coordinates": [
          [
            10.8939289,
            48.3423643
          ],
          [
            10.8944866,
            48.3418677
          ],
          [
            10.8955886,
            48.3418183
          ],
          [
            10.895668,
            48.3416687
          ],
          [
            10.8955547,
            48.3414961
          ]
        ]
      }
    },
    {
      "type": "Feature",
      "properties": {
        "segment_id": 13,
        "start_stop": "16",
        "end_stop": "0",
        "bus": "41",
        "timestamps": [
          3240.0,
          3252.0,
          3264.0,
          3276.0,
          3288.0,
          3300.0,
          3312.0,
          3324.0,
          3336.0,
          3348.0,
          3360.0
        ]
      },
      "geometry": {
        "type": "LineString",
        "coordinates": [
          [
            10.8955547,
            48.3414961
          ],
          [
            10.8951566,
            48.3412586
          ],
          [
            10.8951369,
            48.3410302
          ],
          [
            10.8949894,
            48.3408721
          ],
          [
            10.8950792,
            48.3403239
          ],
          [
            10.8954647,
            48.3400296
          ],
          [
            10.8957859,
            48.3399376
          ],
          [
            10.8964318,
            48.3399046
          ],
          [
            10.8968575,
            48.3397477
          ],
          [
            10.8994467,
            48.339744
          ],
          [
            10.899094,
            48.3381123
          ]
        ]
      }
    },
    {
      "type": "Feature",
      "properties": {
        "segment_id": 14,
        "start_stop": "0",
        "end_stop": "17",
        "bus": "41",
        "timestamps": [
          3360.0,
          3420.0,
          3480.0
        ]
      },
      "geometry": {
        "type": "LineString",
        "coordinates": [
          [
            10.899094,
            48.3381123
          ],
          [
            10.899014,
            48.3375342
          ],
          [
            10.8950803,
            48.3377565
          ]
        ]
      }
    },
    {
      "type": "Feature",
      "properties": {
        "segment_id": 15,
        "start_stop": "17",
        "end_stop": "5",
        "bus": "41",
        "timestamps": [
          3480.0,
          3600.0
        ]
      },
      "geometry": {
        "type": "LineString",
        "coordinates": [
          [
            10.8950803,
            48.3377565
          ],
          [
            10.8860713,
            48.3378041
          ]
        ]
      }
    },
    {
      "type": "Feature",
      "properties": {
        "segment_id": 16,
        "start_stop": "5",
        "end_stop": "8",
        "bus": "41",
        "timestamps": [
          3600.0,
          3720.0
        ]
      },
      "geometry": {
        "type": "LineString",
        "coordinates": [
          [
            10.8860713,
            48.3378041
          ],
          [
            10.8811007,
            48.3377402
          ]
        ]
      }
    },
    {
      "type": "Feature",
      "properties": {
        "segment_id": 17,
        "start_stop": "8",
        "end_stop": "7",
        "bus": "41",
        "timestamps": [
          3720.0,
          3744.0,
          3768.0,
          3792.0,
          3816.0,
          3840.0
        ]
      },
      "geometry": {
        "type": "LineString",
        "coordinates": [
          [
            10.8811007,
            48.3377402
          ],
          [
            10.8794314,
            48.3377094
          ],
          [
            10.8790168,
            48.3357234
          ],
          [
            10.8787875,
            48.3356204
          ],
          [
            10.8779962,
            48.3355722
          ],
          [
            10.8776197,
            48.3350928
          ]
        ]
      }
    },
    {
      "type": "Feature",
      "properties": {
        "segment_id": 18,
        "start_stop": "7",
        "end_stop": "20",
        "bus": "41",
        "timestamps": [
          3840.0,
          3860.0,
          3880.0,
          3900.0,
          3920.0,
          3940.0,
          3960.0
        ]
      },
      "geometry": {
        "type": "LineString",
        "coordinates": [
          [
            10.8776197,
            48.3350928
          ],
          [
            10.87708,
            48.3342569
          ],
          [
            10.877138,
            48.334171
          ],
          [
            10.8769865,
            48.334121
          ],
          [
            10.8762157,
            48.332987
          ],
          [
            10.875513,
            48.3329262
          ],
          [
            10.8750858,
            48.3325702
          ]
        ]
      }
    },
    {
      "type": "Feature",
      "properties": {
        "segment_id": 19,
        "start_stop": "20",
        "end_stop": "14",
        "bus": "41",
        "timestamps": [
          3960.0,
          3975.0,
          3990.0,
          4005.0,
          4020.0,
          4035.0,
          4050.0,
          4065.0,
          4080.0
        ]
      },
      "geometry": {
        "type": "LineString",
        "coordinates": [
          [
            10.8750858,
            48.3325702
          ],
          [
            10.8743541,
            48.33183
          ],
          [
            10.8743852,
            48.3317331
          ],
          [
            10.8742451,
            48.3317095
          ],
          [
            10.8732276,
            48.3307402
          ],
          [
            10.8725136,
            48.3312063
          ],
          [
            10.8714772,
            48.3321956
          ],
          [
            10.8706867,
            48.332573
          ],
          [
            10.871666,
            48.333591
          ]
        ]
      }
    },
    {
      "type": "Feature",
      "properties": {
        "segment_id": 20,
        "start_stop": "14",
        "end_stop": "19",
        "bus": "41",
        "timestamps": [
          4080.0,
          4100.0,
          4120.0,
          4140.0,
          4160.0,
          4180.0,
          4200.0
        ]
      },
      "geometry": {
        "type": "LineString",
        "coordinates": [
          [
            10.871666,
            48.333591
          ],
          [
            10.872254,
            48.3343528
          ],
          [
            10.8729429,
            48.335564
          ],
          [
            10.8733364,
            48.3366348
          ],
          [
            10.8735418,
            48.3377643
          ],
          [
            10.8758946,
            48.3376866
          ],
          [
            10.8760134,
            48.3380592
          ]
        ]
      }
    },
    {
      "type": "Feature",
      "properties": {
        "segment_id": 21,
        "start_stop": "19",
        "end_stop": "13",
        "bus": "41",
        "timestamps": [
          4200.0,
          4320.0
        ]
      },
      "geometry": {
        "type": "LineString",
        "coordinates": [
          [
            10.8760134,
            48.3380592
          ],
          [
            10.8779655,
            48.3421643
          ]
        ]
      }
    },
    {
      "type": "Feature",
      "properties": {
        "segment_id": 22,
        "start_stop": "13",
        "end_stop": "4",
        "bus": "41",
        "timestamps": [
          4320.0,
          4340.0,
          4360.0,
          4380.0,
          4400.0,
          4420.0,
          4440.0
        ]
      },
      "geometry": {
        "type": "LineString",
        "coordinates": [
          [
            10.8779655,
            48.3421643
          ],
          [
            10.8784503,
            48.3432633
          ],
          [
            10.8745243,
            48.3432927
          ],
          [
            10.8747169,
            48.3439975
          ],
          [
            10.8750124,
            48.3444915
          ],
          [
            10.8752677,
            48.3452175
          ],
          [
            10.8761301,
            48.3465477
          ]
        ]
      }
    },
    {
      "type": "Feature",
      "properties": {
        "segment_id": 23,
        "start_stop": "4",
        "end_stop": "11",
        "bus": "41",
        "timestamps": [
          4440.0,
          4452.0,
          4464.0,
          4476.0,
          4488.0,
          4500.0,
          4512.0,
          4524.0,
          4536.0,
          4548.0,
          4560.0
        ]
      },
      "geometry": {
        "type": "LineString",
        "coordinates": [
          [
            10.8761301,
            48.3465477
          ],
          [
            10.8773572,
            48.3490111
          ],
          [
            10.8785912,
            48.3506473
          ],
          [
            10.8787323,
            48.3507023
          ],
          [
            10.8796756,
            48.3504806
          ],
          [
            10.8825249,
            48.3503447
          ],
          [
            10.8827095,
            48.3502939
          ],
          [
            10.8828942,
            48.3500915
          ],
          [
            10.8829395,
            48.3496397
          ],
          [
            10.8828633,
            48.3479933
          ],
          [
            10.879019,
            48.3481376
          ]
        ]
      }
    },
    {
      "type": "Feature",
      "properties": {
        "segment_id": 24,
        "start_stop": "11",
        "end_stop": "6",
        "bus": "41",
        "timestamps": [
          4560.0,
          4680.0
        ]
      },
      "geometry": {
        "type": "LineString",
        "coordinates": [
          [
            10.8949559,
            48.365184
          ],
          [
            10.8946198,
            48.3657934
          ]
        ]
      }
    },
    {
      "type": "Feature",
      "properties": {
        "segment_id": 25,
        "start_stop": "6",
        "end_stop": "5",
        "bus": "41",
        "timestamps": [
          4680.0,
          4720.0,
          4760.0,
          4800.0
        ]
      },
      "geometry": {
        "type": "LineString",
        "coordinates": [
          [
            10.8860828,
            48.3377551
          ],
          [
            10.8857128,
            48.3377525
          ],
          [
            10.8860818,
            48.3376985
          ],
          [
            10.8860828,
            48.3377551
          ]
        ]
      }
    },
    {
      "type": "Feature",
      "properties": {
        "segment_id": 26,
        "start_stop": "5",
        "end_stop": "End",
        "bus": "41",
        "timestamps": [
          4800.0,
          4860.0,
          4920.0
        ]
      },
      "geometry": {
        "type": "LineString",
        "coordinates": [
          [
            10.897351,
            48.3607963
          ],
          [
            10.8978793,
            48.3599837
          ],
          [
            10.897351,
            48.3607963
          ]
        ]
      }
    },
    {
      "type": "Feature",
      "properties": {
        "segment_id": 1,
        "start_stop": "Start",
        "end_stop": "4",
        "bus": "41",
        "timestamps": [
          1800.0,
          1860.0,
          1920.0
        ]
      },
      "geometry": {
        "type": "LineString",
        "coordinates": [
          [
            10.8761727,
            48.3467664
          ],
          [
            10.8763008,
            48.3469071
          ],
          [
            10.8762146,
            48.3467568
          ]
        ]
      }
    },
    {
      "type": "Feature",
      "properties": {
        "segment_id": 2,
        "start_stop": "4",
        "end_stop": "4",
        "bus": "41",
        "timestamps": [
          1950.0,
          1990.0,
          2030.0,
          2070.0
        ]
      },
      "geometry": {
        "type": "LineString",
        "coordinates": [
          [
            10.8762146,
            48.3467568
          ],
          [
            10.8760763,
            48.3465225
          ],
          [
            10.8760132,
            48.3465371
          ],
          [
            10.8761727,
            48.3467664
          ]
        ]
      }
    },
    {
      "type": "Feature",
      "properties": {
        "segment_id": 3,
        "start_stop": "4",
        "end_stop": "4",
        "bus": "41",
        "timestamps": [
          2100.0,
          2220.0
        ]
      },
      "geometry": {
        "type": "LineString",
        "coordinates": [
          [
            10.8762146,
            48.3467568
          ],
          [
            10.8761727,
            48.3467664
          ]
        ]
      }
    },
    {
      "type": "Feature",
      "properties": {
        "segment_id": 4,
        "start_stop": "4",
        "end_stop": "12",
        "bus": "41",
        "timestamps": [
          2250.0,
          2370.0
        ]
      },
      "geometry": {
        "type": "LineString",
        "coordinates": [
          [
            10.8945895,
            48.3657248
          ],
          [
            10.8973794,
            48.360685
          ]
        ]
      }
    },
    {
      "type": "Feature",
      "properties": {
        "segment_id": 5,
        "start_stop": "12",
        "end_stop": "10",
        "bus": "41",
        "timestamps": [
          2400.0,
          2460.0,
          2520.0
        ]
      },
      "geometry": {
        "type": "LineString",
        "coordinates": [
          [
            10.8973794,
            48.360685
          ],
          [
            10.8979621,
            48.3597975
          ],
          [
            10.8969963,
            48.3571993
          ]
        ]
      }
    },
    {
      "type": "Feature",
      "properties": {
        "segment_id": 6,
        "start_stop": "10",
        "end_stop": "9",
        "bus": "41",
        "timestamps": [
          2550.0,
          2590.0,
          2630.0,
          2670.0
        ]
      },
      "geometry": {
        "type": "LineString",
        "coordinates": [
          [
            10.8969963,
            48.3571993
          ],
          [
            10.8963797,
            48.35565
          ],
          [
            10.8985991,
            48.355517
          ],
          [
            10.8982286,
            48.3533833
          ]
        ]
      }
    },
    {
      "type": "Feature",
      "properties": {
        "segment_id": 7,
        "start_stop": "9",
        "end_stop": "18",
        "bus": "41",
        "timestamps": [
          2700.0,
          2820.0
        ]
      },
      "geometry": {
        "type": "LineString",
        "coordinates": [
          [
            10.8982286,
            48.3533833
          ],
          [
            10.8979916,
            48.3520864
          ]
        ]
      }
    },
    {
      "type": "Feature",
      "properties": {
        "segment_id": 8,
        "start_stop": "18",
        "end_stop": "2",
        "bus": "41",
        "timestamps": [
          2850.0,
          2890.0,
          2930.0,
          2970.0
        ]
      },
      "geometry": {
        "type": "LineString",
        "coordinates": [
          [
            10.8979916,
            48.3520864
          ],
          [
            10.8978074,
            48.3512064
          ],
          [
            10.8973128,
            48.350228
          ],
          [
            10.8971064,
            48.3492737
          ]
        ]
      }
    },
    {
      "type": "Feature",
      "properties": {
        "segment_id": 9,
        "start_stop": "2",
        "end_stop": "3",
        "bus": "41",
        "timestamps": [
          3000.0,
          3030.0,
          3060.0,
          3090.0,
          3120.0
        ]
      },
      "geometry": {
        "type": "LineString",
        "coordinates": [
          [
            10.8971064,
            48.3492737
          ],
          [
            10.8969653,
            48.34894
          ],
          [
            10.896102,
            48.3476831
          ],
          [
            10.8958459,
            48.34687
          ],
          [
            10.895771,
            48.3463523
          ]
        ]
      }
    },
    {
      "type": "Feature",
      "properties": {
        "segment_id": 10,
        "start_stop": "3",
        "end_stop": "1",
        "bus": "41",
        "timestamps": [
          3150.0,
          3210.0,
          3270.0
        ]
      },
      "geometry": {
        "type": "LineString",
        "coordinates": [
          [
            10.895771,
            48.3463523
          ],
          [
            10.8958055,
            48.3456112
          ],
          [
            10.8960812,
            48.3447057
          ]
        ]
      }
    },
    {
      "type": "Feature",
      "properties": {
        "segment_id": 11,
        "start_stop": "1",
        "end_stop": "15",
        "bus": "41",
        "timestamps": [
          3300.0,
          3313.3333,
          3326.6667,
          3340.0,
          3353.3333,
          3366.6667,
          3380.0,
          3393.3333,
          3406.6667,
          3420.0
        ]
      },
      "geometry": {
        "type": "LineString",
        "coordinates": [
          [
            10.8960812,
            48.3447057
          ],
          [
            10.8960551,
            48.3443165
          ],
          [
            10.8959084,
            48.343994
          ],
          [
            10.8957391,
            48.3437283
          ],
          [
            10.8954532,
            48.3435021
          ],
          [
            10.894834,
            48.3433258
          ],
          [
            10.894104,
            48.3435277
          ],
          [
            10.8939031,
            48.3428049
          ],
          [
            10.8936194,
            48.3426386
          ],
          [
            10.8939289,
            48.3423643
          ]
        ]
      }
    },
    {
      "type": "Feature",
      "properties": {
        "segment_id": 12,
        "start_stop": "15",
        "end_stop": "16",
        "bus": "41",
        "timestamps": [
          3450.0,
          3480.0,
          3510.0,
          3540.0,
          3570.0
        ]
      },
      "geometry": {
        "type": "LineString",
        "coordinates": [
          [
            10.8939289,
            48.3423643
          ],
          [
            10.8944866,
            48.3418677
          ],
          [
            10.8955886,
            48.3418183
          ],
          [
            10.895668,
            48.3416687
          ],
          [
            10.8955547,
            48.3414961
          ]
        ]
      }
    },
    {
      "type": "Feature",
      "properties": {
        "segment_id": 13,
        "start_stop": "16",
        "end_stop": "0",
        "bus": "41",
        "timestamps": [
          3600.0,
          3612.0,
          3624.0,
          3636.0,
          3648.0,
          3660.0,
          3672.0,
          3684.0,
          3696.0,
          3708.0,
          3720.0
        ]
      },
      "geometry": {
        "type": "LineString",
        "coordinates": [
          [
            10.8955547,
            48.3414961
          ],
          [
            10.8951566,
            48.3412586
          ],
          [
            10.8951369,
            48.3410302
          ],
          [
            10.8949894,
            48.3408721
          ],
          [
            10.8950792,
            48.3403239
          ],
          [
            10.8954647,
            48.3400296
          ],
          [
            10.8957859,
            48.3399376
          ],
          [
            10.8964318,
            48.3399046
          ],
          [
            10.8968575,
            48.3397477
          ],
          [
            10.8994467,
            48.339744
          ],
          [
            10.899094,
            48.3381123
          ]
        ]
      }
    },
    {
      "type": "Feature",
      "properties": {
        "segment_id": 14,
        "start_stop": "0",
        "end_stop": "17",
        "bus": "41",
        "timestamps": [
          3750.0,
          3810.0,
          3870.0
        ]
      },
      "geometry": {
        "type": "LineString",
        "coordinates": [
          [
            10.899094,
            48.3381123
          ],
          [
            10.899014,
            48.3375342
          ],
          [
            10.8950803,
            48.3377565
          ]
        ]
      }
    },
    {
      "type": "Feature",
      "properties": {
        "segment_id": 15,
        "start_stop": "17",
        "end_stop": "5",
        "bus": "41",
        "timestamps": [
          3900.0,
          4020.0
        ]
      },
      "geometry": {
        "type": "LineString",
        "coordinates": [
          [
            10.8950803,
            48.3377565
          ],
          [
            10.8860713,
            48.3378041
          ]
        ]
      }
    },
    {
      "type": "Feature",
      "properties": {
        "segment_id": 16,
        "start_stop": "5",
        "end_stop": "8",
        "bus": "41",
        "timestamps": [
          4050.0,
          4170.0
        ]
      },
      "geometry": {
        "type": "LineString",
        "coordinates": [
          [
            10.8860713,
            48.3378041
          ],
          [
            10.8811007,
            48.3377402
          ]
        ]
      }
    },
    {
      "type": "Feature",
      "properties": {
        "segment_id": 17,
        "start_stop": "8",
        "end_stop": "7",
        "bus": "41",
        "timestamps": [
          4200.0,
          4224.0,
          4248.0,
          4272.0,
          4296.0,
          4320.0
        ]
      },
      "geometry": {
        "type": "LineString",
        "coordinates": [
          [
            10.8811007,
            48.3377402
          ],
          [
            10.8794314,
            48.3377094
          ],
          [
            10.8790168,
            48.3357234
          ],
          [
            10.8787875,
            48.3356204
          ],
          [
            10.8779962,
            48.3355722
          ],
          [
            10.8776197,
            48.3350928
          ]
        ]
      }
    },
    {
      "type": "Feature",
      "properties": {
        "segment_id": 18,
        "start_stop": "7",
        "end_stop": "20",
        "bus": "41",
        "timestamps": [
          4350.0,
          4370.0,
          4390.0,
          4410.0,
          4430.0,
          4450.0,
          4470.0
        ]
      },
      "geometry": {
        "type": "LineString",
        "coordinates": [
          [
            10.8776197,
            48.3350928
          ],
          [
            10.87708,
            48.3342569
          ],
          [
            10.877138,
            48.334171
          ],
          [
            10.8769865,
            48.334121
          ],
          [
            10.8762157,
            48.332987
          ],
          [
            10.875513,
            48.3329262
          ],
          [
            10.8750858,
            48.3325702
          ]
        ]
      }
    },
    {
      "type": "Feature",
      "properties": {
        "segment_id": 19,
        "start_stop": "20",
        "end_stop": "14",
        "bus": "41",
        "timestamps": [
          4500.0,
          4515.0,
          4530.0,
          4545.0,
          4560.0,
          4575.0,
          4590.0,
          4605.0,
          4620.0
        ]
      },
      "geometry": {
        "type": "LineString",
        "coordinates": [
          [
            10.8750858,
            48.3325702
          ],
          [
            10.8743541,
            48.33183
          ],
          [
            10.8743852,
            48.3317331
          ],
          [
            10.8742451,
            48.3317095
          ],
          [
            10.8732276,
            48.3307402
          ],
          [
            10.8725136,
            48.3312063
          ],
          [
            10.8714772,
            48.3321956
          ],
          [
            10.8706867,
            48.332573
          ],
          [
            10.871666,
            48.333591
          ]
        ]
      }
    },
    {
      "type": "Feature",
      "properties": {
        "segment_id": 20,
        "start_stop": "14",
        "end_stop": "19",
        "bus": "41",
        "timestamps": [
          4650.0,
          4670.0,
          4690.0,
          4710.0,
          4730.0,
          4750.0,
          4770.0
        ]
      },
      "geometry": {
        "type": "LineString",
        "coordinates": [
          [
            10.871666,
            48.333591
          ],
          [
            10.872254,
            48.3343528
          ],
          [
            10.8729429,
            48.335564
          ],
          [
            10.8733364,
            48.3366348
          ],
          [
            10.8735418,
            48.3377643
          ],
          [
            10.8758946,
            48.3376866
          ],
          [
            10.8760134,
            48.3380592
          ]
        ]
      }
    },
    {
      "type": "Feature",
      "properties": {
        "segment_id": 21,
        "start_stop": "19",
        "end_stop": "13",
        "bus": "41",
        "timestamps": [
          4800.0,
          4920.0
        ]
      },
      "geometry": {
        "type": "LineString",
        "coordinates": [
          [
            10.8760134,
            48.3380592
          ],
          [
            10.8779655,
            48.3421643
          ]
        ]
      }
    },
    {
      "type": "Feature",
      "properties": {
        "segment_id": 22,
        "start_stop": "13",
        "end_stop": "4",
        "bus": "41",
        "timestamps": [
          4950.0,
          4970.0,
          4990.0,
          5010.0,
          5030.0,
          5050.0,
          5070.0
        ]
      },
      "geometry": {
        "type": "LineString",
        "coordinates": [
          [
            10.8779655,
            48.3421643
          ],
          [
            10.8784503,
            48.3432633
          ],
          [
            10.8745243,
            48.3432927
          ],
          [
            10.8747169,
            48.3439975
          ],
          [
            10.8750124,
            48.3444915
          ],
          [
            10.8752677,
            48.3452175
          ],
          [
            10.8761301,
            48.3465477
          ]
        ]
      }
    },
    {
      "type": "Feature",
      "properties": {
        "segment_id": 23,
        "start_stop": "4",
        "end_stop": "11",
        "bus": "41",
        "timestamps": [
          5100.0,
          5112.0,
          5124.0,
          5136.0,
          5148.0,
          5160.0,
          5172.0,
          5184.0,
          5196.0,
          5208.0,
          5220.0
        ]
      },
      "geometry": {
        "type": "LineString",
        "coordinates": [
          [
            10.8761301,
            48.3465477
          ],
          [
            10.8773572,
            48.3490111
          ],
          [
            10.8785912,
            48.3506473
          ],
          [
            10.8787323,
            48.3507023
          ],
          [
            10.8796756,
            48.3504806
          ],
          [
            10.8825249,
            48.3503447
          ],
          [
            10.8827095,
            48.3502939
          ],
          [
            10.8828942,
            48.3500915
          ],
          [
            10.8829395,
            48.3496397
          ],
          [
            10.8828633,
            48.3479933
          ],
          [
            10.879019,
            48.3481376
          ]
        ]
      }
    },
    {
      "type": "Feature",
      "properties": {
        "segment_id": 24,
        "start_stop": "11",
        "end_stop": "6",
        "bus": "41",
        "timestamps": [
          5250.0,
          5370.0
        ]
      },
      "geometry": {
        "type": "LineString",
        "coordinates": [
          [
            10.8949559,
            48.365184
          ],
          [
            10.8946198,
            48.3657934
          ]
        ]
      }
    },
    {
      "type": "Feature",
      "properties": {
        "segment_id": 25,
        "start_stop": "6",
        "end_stop": "5",
        "bus": "41",
        "timestamps": [
          5400.0,
          5440.0,
          5480.0,
          5520.0
        ]
      },
      "geometry": {
        "type": "LineString",
        "coordinates": [
          [
            10.8860828,
            48.3377551
          ],
          [
            10.8857128,
            48.3377525
          ],
          [
            10.8860818,
            48.3376985
          ],
          [
            10.8860828,
            48.3377551
          ]
        ]
      }
    },
    {
      "type": "Feature",
      "properties": {
        "segment_id": 26,
        "start_stop": "5",
        "end_stop": "End",
        "bus": "41",
        "timestamps": [
          5550.0,
          5610.0,
          5670.0
        ]
      },
      "geometry": {
        "type": "LineString",
        "coordinates": [
          [
            10.897351,
            48.3607963
          ],
          [
            10.8978793,
            48.3599837
          ],
          [
            10.897351,
            48.3607963
          ]
        ]
      }
    },
    {
      "type": "Feature",
      "properties": {
        "segment_id": 1,
        "start_stop": "Start",
        "end_stop": "6",
        "bus": "42",
        "timestamps": [
          9000.0,
          9030.0,
          9060.0,
          9090.0,
          9120.0
        ]
      },
      "geometry": {
        "type": "LineString",
        "coordinates": [
          [
            10.8763266,
            48.346882
          ],
          [
            10.8773572,
            48.3490111
          ],
          [
            10.8777902,
            48.3495503
          ],
          [
            10.8780421,
            48.3497324
          ],
          [
            10.8773335,
            48.3500011
          ]
        ]
      }
    },
    {
      "type": "Feature",
      "properties": {
        "segment_id": 2,
        "start_stop": "6",
        "end_stop": "2",
        "bus": "42",
        "timestamps": [
          9120.0,
          9180.0,
          9240.0
        ]
      },
      "geometry": {
        "type": "LineString",
        "coordinates": [
          [
            10.8773335,
            48.3500011
          ],
          [
            10.8764028,
            48.3503071
          ],
          [
            10.8740332,
            48.35042
          ]
        ]
      }
    },
    {
      "type": "Feature",
      "properties": {
        "segment_id": 3,
        "start_stop": "2",
        "end_stop": "3",
        "bus": "42",
        "timestamps": [
          9240.0,
          9245.7143,
          9251.4286,
          9257.1429,
          9262.8571,
          9268.5714,
          9274.2857,
          9280.0,
          9285.7143,
          9291.4286,
          9297.1429,
          9302.8571,
          9308.5714,
          9314.2857,
          9320.0,
          9325.7143,
          9331.4286,
          9337.1429,
          9342.8571,
          9348.5714,
          9354.2857,
          9360.0
        ]
      },
      "geometry": {
        "type": "LineString",
        "coordinates": [
          [
            10.8740332,
            48.35042
          ],
          [
            10.8734331,
            48.350451
          ],
          [
            10.8731566,
            48.3498306
          ],
          [
            10.8720229,
            48.3480779
          ],
          [
            10.8720216,
            48.3479551
          ],
          [
            10.8711335,
            48.3481617
          ],
          [
            10.8686203,
            48.3485398
          ],
          [
            10.8635921,
            48.3500035
          ],
          [
            10.8613541,
            48.3507728
          ],
          [
            10.8554488,
            48.3531799
          ],
          [
            10.8535232,
            48.3542575
          ],
          [
            10.8524793,
            48.3550325
          ],
          [
            10.851495,
            48.3561786
          ],
          [
            10.851189,
            48.3567264
          ],
          [
            10.8509972,
            48.357289
          ],
          [
            10.8509311,
            48.3577884
          ],
          [
            10.8509679,
            48.3583487
          ],
          [
            10.852206,
            48.360432
          ],
          [
            10.8524995,
            48.3604355
          ],
          [
            10.852794,
            48.3603227
          ],
          [
            10.8527763,
            48.3598594
          ],
          [
            10.8537635,
            48.3597933
          ]
        ]
      }
    },
    {
      "type": "Feature",
      "properties": {
        "segment_id": 4,
        "start_stop": "3",
        "end_stop": "7",
        "bus": "42",
        "timestamps": [
          9360.0,
          9400.0,
          9440.0,
          9480.0
        ]
      },
      "geometry": {
        "type": "LineString",
        "coordinates": [
          [
            10.8537635,
            48.3597933
          ],
          [
            10.8552001,
            48.3597003
          ],
          [
            10.8552014,
            48.3593436
          ],
          [
            10.8547964,
            48.3569975
          ]
        ]
      }
    },
    {
      "type": "Feature",
      "properties": {
        "segment_id": 5,
        "start_stop": "7",
        "end_stop": "1",
        "bus": "42",
        "timestamps": [
          9480.0,
          9490.9091,
          9501.8182,
          9512.7273,
          9523.6364,
          9534.5455,
          9545.4545,
          9556.3636,
          9567.2727,
          9578.1818,
          9589.0909,
          9600.0
        ]
      },
      "geometry": {
        "type": "LineString",
        "coordinates": [
          [
            10.8547964,
            48.3569975
          ],
          [
            10.8545304,
            48.3548569
          ],
          [
            10.8546085,
            48.3547032
          ],
          [
            10.8551155,
            48.3543939
          ],
          [
            10.8550556,
            48.35427
          ],
          [
            10.8551397,
            48.3541725
          ],
          [
            10.8554014,
            48.3541625
          ],
          [
            10.8555081,
            48.3543015
          ],
          [
            10.8558402,
            48.3542715
          ],
          [
            10.8564452,
            48.3539236
          ],
          [
            10.8568406,
            48.3538755
          ],
          [
            10.8592213,
            48.3546539
          ]
        ]
      }
    },
    {
      "type": "Feature",
      "properties": {
        "segment_id": 6,
        "start_stop": "1",
        "end_stop": "5",
        "bus": "42",
        "timestamps": [
          9600.0,
          9660.0,
          9720.0
        ]
      },
      "geometry": {
        "type": "LineString",
        "coordinates": [
          [
            10.8592213,
            48.3546539
          ],
          [
            10.8610839,
            48.3552802
          ],
          [
            10.8620922,
            48.3560873
          ]
        ]
      }
    },
    {
      "type": "Feature",
      "properties": {
        "segment_id": 7,
        "start_stop": "5",
        "end_stop": "4",
        "bus": "42",
        "timestamps": [
          9720.0,
          9840.0
        ]
      },
      "geometry": {
        "type": "LineString",
        "coordinates": [
          [
            10.8620922,
            48.3560873
          ],
          [
            10.864724,
            48.3580976
          ]
        ]
      }
    },
    {
      "type": "Feature",
      "properties": {
        "segment_id": 8,
        "start_stop": "4",
        "end_stop": "End",
        "bus": "42",
        "timestamps": [
          9840.0,
          9853.3333,
          9866.6667,
          9880.0,
          9893.3333,
          9906.6667,
          9920.0,
          9933.3333,
          9946.6667,
          9960.0
        ]
      },
      "geometry": {
        "type": "LineString",
        "coordinates": [
          [
            10.864724,
            48.3580976
          ],
          [
            10.8664848,
            48.3593128
          ],
          [
            10.8680308,
            48.3601354
          ],
          [
            10.8682092,
            48.3605794
          ],
          [
            10.8683157,
            48.3615716
          ],
          [
            10.8671318,
            48.3613968
          ],
          [
            10.8670506,
            48.3614708
          ],
          [
            10.8670185,
            48.3617758
          ],
          [
            10.8672604,
            48.3624166
          ],
          [
            10.8680289,
            48.3623692
          ]
        ]
      }
    },
    {
      "type": "Feature",
      "properties": {
        "segment_id": 1,
        "start_stop": "Start",
        "end_stop": "6",
        "bus": "42",
        "timestamps": [
          9000.0,
          9030.0,
          9060.0,
          9090.0,
          9120.0
        ]
      },
      "geometry": {
        "type": "LineString",
        "coordinates": [
          [
            10.8763266,
            48.346882
          ],
          [
            10.8773572,
            48.3490111
          ],
          [
            10.8777902,
            48.3495503
          ],
          [
            10.8780421,
            48.3497324
          ],
          [
            10.8773335,
            48.3500011
          ]
        ]
      }
    },
    {
      "type": "Feature",
      "properties": {
        "segment_id": 2,
        "start_stop": "6",
        "end_stop": "2",
        "bus": "42",
        "timestamps": [
          9150.0,
          9210.0,
          9270.0
        ]
      },
      "geometry": {
        "type": "LineString",
        "coordinates": [
          [
            10.8773335,
            48.3500011
          ],
          [
            10.8764028,
            48.3503071
          ],
          [
            10.8740332,
            48.35042
          ]
        ]
      }
    },
    {
      "type": "Feature",
      "properties": {
        "segment_id": 3,
        "start_stop": "2",
        "end_stop": "3",
        "bus": "42",
        "timestamps": [
          9300.0,
          9305.7143,
          9311.4286,
          9317.1429,
          9322.8571,
          9328.5714,
          9334.2857,
          9340.0,
          9345.7143,
          9351.4286,
          9357.1429,
          9362.8571,
          9368.5714,
          9374.2857,
          9380.0,
          9385.7143,
          9391.4286,
          9397.1429,
          9402.8571,
          9408.5714,
          9414.2857,
          9420.0
        ]
      },
      "geometry": {
        "type": "LineString",
        "coordinates": [
          [
            10.8740332,
            48.35042
          ],
          [
            10.8734331,
            48.350451
          ],
          [
            10.8731566,
            48.3498306
          ],
          [
            10.8720229,
            48.3480779
          ],
          [
            10.8720216,
            48.3479551
          ],
          [
            10.8711335,
            48.3481617
          ],
          [
            10.8686203,
            48.3485398
          ],
          [
            10.8635921,
            48.3500035
          ],
          [
            10.8613541,
            48.3507728
          ],
          [
            10.8554488,
            48.3531799
          ],
          [
            10.8535232,
            48.3542575
          ],
          [
            10.8524793,
            48.3550325
          ],
          [
            10.851495,
            48.3561786
          ],
          [
            10.851189,
            48.3567264
          ],
          [
            10.8509972,
            48.357289
          ],
          [
            10.8509311,
            48.3577884
          ],
          [
            10.8509679,
            48.3583487
          ],
          [
            10.852206,
            48.360432
          ],
          [
            10.8524995,
            48.3604355
          ],
          [
            10.852794,
            48.3603227
          ],
          [
            10.8527763,
            48.3598594
          ],
          [
            10.8537635,
            48.3597933
          ]
        ]
      }
    },
    {
      "type": "Feature",
      "properties": {
        "segment_id": 4,
        "start_stop": "3",
        "end_stop": "7",
        "bus": "42",
        "timestamps": [
          9450.0,
          9490.0,
          9530.0,
          9570.0
        ]
      },
      "geometry": {
        "type": "LineString",
        "coordinates": [
          [
            10.8537635,
            48.3597933
          ],
          [
            10.8552001,
            48.3597003
          ],
          [
            10.8552014,
            48.3593436
          ],
          [
            10.8547964,
            48.3569975
          ]
        ]
      }
    },
    {
      "type": "Feature",
      "properties": {
        "segment_id": 5,
        "start_stop": "7",
        "end_stop": "1",
        "bus": "42",
        "timestamps": [
          9600.0,
          9610.9091,
          9621.8182,
          9632.7273,
          9643.6364,
          9654.5455,
          9665.4545,
          9676.3636,
          9687.2727,
          9698.1818,
          9709.0909,
          9720.0
        ]
      },
      "geometry": {
        "type": "LineString",
        "coordinates": [
          [
            10.8547964,
            48.3569975
          ],
          [
            10.8545304,
            48.3548569
          ],
          [
            10.8546085,
            48.3547032
          ],
          [
            10.8551155,
            48.3543939
          ],
          [
            10.8550556,
            48.35427
          ],
          [
            10.8551397,
            48.3541725
          ],
          [
            10.8554014,
            48.3541625
          ],
          [
            10.8555081,
            48.3543015
          ],
          [
            10.8558402,
            48.3542715
          ],
          [
            10.8564452,
            48.3539236
          ],
          [
            10.8568406,
            48.3538755
          ],
          [
            10.8592213,
            48.3546539
          ]
        ]
      }
    },
    {
      "type": "Feature",
      "properties": {
        "segment_id": 6,
        "start_stop": "1",
        "end_stop": "5",
        "bus": "42",
        "timestamps": [
          9750.0,
          9810.0,
          9870.0
        ]
      },
      "geometry": {
        "type": "LineString",
        "coordinates": [
          [
            10.8592213,
            48.3546539
          ],
          [
            10.8610839,
            48.3552802
          ],
          [
            10.8620922,
            48.3560873
          ]
        ]
      }
    },
    {
      "type": "Feature",
      "properties": {
        "segment_id": 7,
        "start_stop": "5",
        "end_stop": "4",
        "bus": "42",
        "timestamps": [
          9900.0,
          10020.0
        ]
      },
      "geometry": {
        "type": "LineString",
        "coordinates": [
          [
            10.8620922,
            48.3560873
          ],
          [
            10.864724,
            48.3580976
          ]
        ]
      }
    },
    {
      "type": "Feature",
      "properties": {
        "segment_id": 8,
        "start_stop": "4",
        "end_stop": "End",
        "bus": "42",
        "timestamps": [
          10050.0,
          10063.3333,
          10076.6667,
          10090.0,
          10103.3333,
          10116.6667,
          10130.0,
          10143.3333,
          10156.6667,
          10170.0
        ]
      },
      "geometry": {
        "type": "LineString",
        "coordinates": [
          [
            10.864724,
            48.3580976
          ],
          [
            10.8664848,
            48.3593128
          ],
          [
            10.8680308,
            48.3601354
          ],
          [
            10.8682092,
            48.3605794
          ],
          [
            10.8683157,
            48.3615716
          ],
          [
            10.8671318,
            48.3613968
          ],
          [
            10.8670506,
            48.3614708
          ],
          [
            10.8670185,
            48.3617758
          ],
          [
            10.8672604,
            48.3624166
          ],
          [
            10.8680289,
            48.3623692
          ]
        ]
      }
    }
  ]
}