{
  "type": "FeatureCollection",
  "crs": {
    "type": "name",
    "properties": {
      "name": "urn:ogc:def:crs:OGC:1.3:CRS84"
    }
  },
  "features": [
    {
      "type": "Feature",
      "properties": {
        "segment_id": 1,
        "start_stop": "Start",
        "end_stop": "3",
        "bus": "21_hin",
        "timestamps": [
          2700.0,
          2760.0,
          2820.0
        ]
      },
      "geometry": {
        "type": "LineString",
        "coordinates": [
          [
            10.880536,
            48.3854347
          ],
          [
            10.8805494,
            48.3856625
          ],
          [
            10.8797384,
            48.3857436
          ]
        ]
      }
    },
    {
      "type": "Feature",
      "properties": {
        "segment_id": 2,
        "start_stop": "3",
        "end_stop": "5",
        "bus": "21_hin",
        "timestamps": [
          2820.0,
          2850.0,
          2880.0,
          2910.0,
          2940.0
        ]
      },
      "geometry": {
        "type": "LineString",
        "coordinates": [
          [
            10.8797384,
            48.3857436
          ],
          [
            10.878743,
            48.3860638
          ],
          [
            10.8781457,
            48.3869056
          ],
          [
            10.8765165,
            48.3861109
          ],
          [
            10.8759345,
            48.3860066
          ]
        ]
      }
    },
    {
      "type": "Feature",
      "properties": {
        "segment_id": 3,
        "start_stop": "5",
        "end_stop": "0",
        "bus": "21_hin",
        "timestamps": [
          2940.0,
          2953.3333,
          2966.6667,
          2980.0,
          2993.3333,
          3006.6667,
          3020.0,
          3033.3333,
          3046.6667,
          3060.0
        ]
      },
      "geometry": {
        "type": "LineString",
        "coordinates": [
          [
            10.8759345,
            48.3860066
          ],
          [
            10.8753496,
            48.3860349
          ],
          [
            10.8746781,
            48.3861827
          ],
          [
            10.8743329,
            48.386298
          ],
          [
            10.8741513,
            48.3864667
          ],
          [
            10.8740157,
            48.3867597
          ],
          [
            10.8742068,
            48.3873405
          ],
          [
            10.8741075,
            48.3878595
          ],
          [
            10.8741896,
            48.3880469
          ],
          [
            10.8732728,
            48.3887574
          ]
        ]
      }
    },
    {
      "type": "Feature",
      "properties": {
        "segment_id": 4,
        "start_stop": "0",
        "end_stop": "7",
        "bus": "21_hin",
        "timestamps": [
          3060.0,
          3120.0,
          3180.0
        ]
      },
      "geometry": {
        "type": "LineString",
        "coordinates": [
          [
            10.8732728,
            48.3887574
          ],
          [
            10.8704372,
            48.3896183
          ],
          [
            10.867667,
            48.389879
          ]
        ]
      }
    },
    {
      "type": "Feature",
      "properties": {
        "segment_id": 5,
        "start_stop": "7",
        "end_stop": "15",
        "bus": "21_hin",
        "timestamps": [
          3180.0,
          3240.0,
          3300.0
        ]
      },
      "geometry": {
        "type": "LineString",
        "coordinates": [
          [
            10.867667,
            48.389879
          ],
          [
            10.8669123,
            48.3899262
          ],
          [
            10.8643218,
            48.3903426
          ]
        ]
      }
    },
    {
      "type": "Feature",
      "properties": {
        "segment_id": 6,
        "start_stop": "15",
        "end_stop": "8",
        "bus": "21_hin",
        "timestamps": [
          3300.0,
          3360.0,
          3420.0
        ]
      },
      "geometry": {
        "type": "LineString",
        "coordinates": [
          [
            10.8643218,
            48.3903426
          ],
          [
            10.8610588,
            48.3909559
          ],
          [
            10.8569736,
            48.3914651
          ]
        ]
      }
    },
    {
      "type": "Feature",
      "properties": {
        "segment_id": 7,
        "start_stop": "8",
        "end_stop": "9",
        "bus": "21_hin",
        "timestamps": [
          3420.0,
          3444.0,
          3468.0,
          3492.0,
          3516.0,
          3540.0
        ]
      },
      "geometry": {
        "type": "LineString",
        "coordinates": [
          [
            10.8569736,
            48.3914651
          ],
          [
            10.8556793,
            48.3916281
          ],
          [
            10.856553,
            48.3936507
          ],
          [
            10.8565793,
            48.3939265
          ],
          [
            10.857261,
            48.3949822
          ],
          [
            10.857833,
            48.39561
          ]
        ]
      }
    },
    {
      "type": "Feature",
      "properties": {
        "segment_id": 8,
        "start_stop": "9",
        "end_stop": "10",
        "bus": "21_hin",
        "timestamps": [
          3540.0,
          3600.0,
          3660.0
        ]
      },
      "geometry": {
        "type": "LineString",
        "coordinates": [
          [
            10.857833,
            48.39561
          ],
          [
            10.8590533,
            48.3965505
          ],
          [
            10.858453,
            48.3970249
          ]
        ]
      }
    },
    {
      "type": "Feature",
      "properties": {
        "segment_id": 9,
        "start_stop": "10",
        "end_stop": "6",
        "bus": "21_hin",
        "timestamps": [
          3660.0,
          3684.0,
          3708.0,
          3732.0,
          3756.0,
          3780.0
        ]
      },
      "geometry": {
        "type": "LineString",
        "coordinates": [
          [
            10.858453,
            48.3970249
          ],
          [
            10.858309,
            48.3971657
          ],
          [
            10.8583849,
            48.3972821
          ],
          [
            10.8582255,
            48.3973028
          ],
          [
            10.8577941,
            48.3975915
          ],
          [
            10.8550093,
            48.3996518
          ]
        ]
      }
    },
    {
      "type": "Feature",
      "properties": {
        "segment_id": 10,
        "start_stop": "6",
        "end_stop": "11",
        "bus": "21_hin",
        "timestamps": [
          3780.0,
          3804.0,
          3828.0,
          3852.0,
          3876.0,
          3900.0
        ]
      },
      "geometry": {
        "type": "LineString",
        "coordinates": [
          [
            10.8550093,
            48.3996518
          ],
          [
            10.8543866,
            48.4002543
          ],
          [
            10.8530759,
            48.4022931
          ],
          [
            10.8526757,
            48.4027439
          ],
          [
            10.8517343,
            48.4035341
          ],
          [
            10.8512316,
            48.4032726
          ]
        ]
      }
    },
    {
      "type": "Feature",
      "properties": {
        "segment_id": 11,
        "start_stop": "11",
        "end_stop": "12",
        "bus": "21_hin",
        "timestamps": [
          3900.0,
          3960.0,
          4020.0
        ]
      },
      "geometry": {
        "type": "LineString",
        "coordinates": [
          [
            10.8512316,
            48.4032726
          ],
          [
            10.8494497,
            48.402288
          ],
          [
            10.8487649,
            48.4017603
          ]
        ]
      }
    },
    {
      "type": "Feature",
      "properties": {
        "segment_id": 12,
        "start_stop": "12",
        "end_stop": "13",
        "bus": "21_hin",
        "timestamps": [
          4020.0,
          4060.0,
          4100.0,
          4140.0
        ]
      },
      "geometry": {
        "type": "LineString",
        "coordinates": [
          [
            10.8487649,
            48.4017603
          ],
          [
            10.8482456,
            48.4011453
          ],
          [
            10.8479231,
            48.4004777
          ],
          [
            10.8475167,
            48.3979823
          ]
        ]
      }
    },
    {
      "type": "Feature",
      "properties": {
        "segment_id": 13,
        "start_stop": "13",
        "end_stop": "2",
        "bus": "21_hin",
        "timestamps": [
          4140.0,
          4200.0,
          4260.0
        ]
      },
      "geometry": {
        "type": "LineString",
        "coordinates": [
          [
            10.8475167,
            48.3979823
          ],
          [
            10.8474317,
            48.3974153
          ],
          [
            10.8474322,
            48.3947956
          ]
        ]
      }
    },
    {
      "type": "Feature",
      "properties": {
        "segment_id": 14,
        "start_stop": "2",
        "end_stop": "14",
        "bus": "21_hin",
        "timestamps": [
          4260.0,
          4320.0,
          4380.0
        ]
      },
      "geometry": {
        "type": "LineString",
        "coordinates": [
          [
            10.8474322,
            48.3947956
          ],
          [
            10.8474376,
            48.3945731
          ],
          [
            10.8479093,
            48.3945742
          ]
        ]
      }
    },
    {
      "type": "Feature",
      "properties": {
        "segment_id": 15,
        "start_stop": "14",
        "end_stop": "4",
        "bus": "21_hin",
        "timestamps": [
          4380.0,
          4410.0,
          4440.0,
          4470.0,
          4500.0
        ]
      },
      "geometry": {
        "type": "LineString",
        "coordinates": [
          [
            10.8479093,
            48.3945742
          ],
          [
            10.8497467,
            48.3945784
          ],
          [
            10.84964,
            48.393837
          ],
          [
            10.8492254,
            48.3930961
          ],
          [
            10.8487805,
            48.3932452
          ]
        ]
      }
    },
    {
      "type": "Feature",
      "properties": {
        "segment_id": 16,
        "start_stop": "4",
        "end_stop": "End",
        "bus": "21_hin",
        "timestamps": [
          4500.0,
          4560.0,
          4620.0
        ]
      },
      "geometry": {
        "type": "LineString",
        "coordinates": [
          [
            10.8487805,
            48.3932452
          ],
          [
            10.8473782,
            48.393793
          ],
          [
            10.8474376,
            48.3945731
          ]
        ]
      }
    },
    {
      "type": "Feature",
      "properties": {
        "segment_id": 1,
        "start_stop": "Start",
        "end_stop": "14",
        "bus": "22",
        "timestamps": [
          2700.0,
          2717.1429,
          2734.2857,
          2751.4286,
          2768.5714,
          2785.7143,
          2802.8571,
          2820.0
        ]
      },
      "geometry": {
        "type": "LineString",
        "coordinates": [
          [
            10.8941338,
            48.4077796
          ],
          [
            10.8936945,
            48.4078701
          ],
          [
            10.8934972,
            48.4064393
          ],
          [
            10.8934124,
            48.4063363
          ],
          [
            10.8929207,
            48.4061732
          ],
          [
            10.8926399,
            48.4048031
          ],
          [
            10.8927146,
            48.4039562
          ],
          [
            10.8935118,
            48.4019794
          ]
        ]
      }
    },
    {
      "type": "Feature",
      "properties": {
        "segment_id": 2,
        "start_stop": "14",
        "end_stop": "13",
        "bus": "22",
        "timestamps": [
          2820.0,
          2940.0
        ]
      },
      "geometry": {
        "type": "LineString",
        "coordinates": [
          [
            10.8935118,
            48.4019794
          ],
          [
            10.8962808,
            48.3980074
          ]
        ]
      }
    },
    {
      "type": "Feature",
      "properties": {
        "segment_id": 3,
        "start_stop": "13",
        "end_stop": "10",
        "bus": "22",
        "timestamps": [
          2940.0,
          3060.0
        ]
      },
      "geometry": {
        "type": "LineString",
        "coordinates": [
          [
            10.8962808,
            48.3980074
          ],
          [
            10.8982817,
            48.3952198
          ]
        ]
      }
    },
    {
      "type": "Feature",
      "properties": {
        "segment_id": 4,
        "start_stop": "10",
        "end_stop": "12",
        "bus": "22",
        "timestamps": [
          3060.0,
          3180.0
        ]
      },
      "geometry": {
        "type": "LineString",
        "coordinates": [
          [
            10.8982817,
            48.3952198
          ],
          [
            10.9020781,
            48.3914823
          ]
        ]
      }
    },
    {
      "type": "Feature",
      "properties": {
        "segment_id": 5,
        "start_stop": "12",
        "end_stop": "11",
        "bus": "22",
        "timestamps": [
          3180.0,
          3240.0,
          3300.0
        ]
      },
      "geometry": {
        "type": "LineString",
        "coordinates": [
          [
            10.9020781,
            48.3914823
          ],
          [
            10.9037252,
            48.3899035
          ],
          [
            10.9053749,
            48.3880941
          ]
        ]
      }
    },
    {
      "type": "Feature",
      "properties": {
        "segment_id": 6,
        "start_stop": "11",
        "end_stop": "8",
        "bus": "22",
        "timestamps": [
          3300.0,
          3320.0,
          3340.0,
          3360.0,
          3380.0,
          3400.0,
          3420.0
        ]
      },
      "geometry": {
        "type": "LineString",
        "coordinates": [
          [
            10.9053749,
            48.3880941
          ],
          [
            10.9067532,
            48.3865699
          ],
          [
            10.9072067,
            48.3859478
          ],
          [
            10.907374,
            48.3858963
          ],
          [
            10.9076366,
            48.3854654
          ],
          [
            10.9081316,
            48.3848942
          ],
          [
            10.9083768,
            48.384375
          ]
        ]
      }
    },
    {
      "type": "Feature",
      "properties": {
        "segment_id": 7,
        "start_stop": "8",
        "end_stop": "0",
        "bus": "22",
        "timestamps": [
          3420.0,
          3450.0,
          3480.0,
          3510.0,
          3540.0
        ]
      },
      "geometry": {
        "type": "LineString",
        "coordinates": [
          [
            10.9083768,
            48.384375
          ],
          [
            10.9088072,
            48.3834231
          ],
          [
            10.9091594,
            48.3809818
          ],
          [
            10.9096498,
            48.3802943
          ],
          [
            10.9101986,
            48.3798702
          ]
        ]
      }
    },
    {
      "type": "Feature",
      "properties": {
        "segment_id": 8,
        "start_stop": "0",
        "end_stop": "1",
        "bus": "22",
        "timestamps": [
          3540.0,
          3570.0,
          3600.0,
          3630.0,
          3660.0
        ]
      },
      "geometry": {
        "type": "LineString",
        "coordinates": [
          [
            10.9101986,
            48.3798702
          ],
          [
            10.9134439,
            48.3781349
          ],
          [
            10.9137934,
            48.3786058
          ],
          [
            10.9145195,
            48.3784033
          ],
          [
            10.9142824,
            48.3778705
          ]
        ]
      }
    },
    {
      "type": "Feature",
      "properties": {
        "segment_id": 9,
        "start_stop": "1",
        "end_stop": "9",
        "bus": "22",
        "timestamps": [
          3660.0,
          3700.0,
          3740.0,
          3780.0
        ]
      },
      "geometry": {
        "type": "LineString",
        "coordinates": [
          [
            10.9142824,
            48.3778705
          ],
          [
            10.9138549,
            48.3769258
          ],
          [
            10.9127926,
            48.3753902
          ],
          [
            10.9124101,
            48.3744899
          ]
        ]
      }
    },
    {
      "type": "Feature",
      "properties": {
        "segment_id": 10,
        "start_stop": "9",
        "end_stop": "5",
        "bus": "22",
        "timestamps": [
          3780.0,
          3820.0,
          3860.0,
          3900.0
        ]
      },
      "geometry": {
        "type": "LineString",
        "coordinates": [
          [
            10.9124101,
            48.3744899
          ],
          [
            10.9120288,
            48.3736772
          ],
          [
            10.9101932,
            48.3717465
          ],
          [
            10.9097038,
            48.3708749
          ]
        ]
      }
    },
    {
      "type": "Feature",
      "properties": {
        "segment_id": 11,
        "start_stop": "5",
        "end_stop": "4",
        "bus": "22",
        "timestamps": [
          3900.0,
          3908.0,
          3916.0,
          3924.0,
          3932.0,
          3940.0,
          3948.0,
          3956.0,
          3964.0,
          3972.0,
          3980.0,
          3988.0,
          3996.0,
          4004.0,
          4012.0,
          4020.0
        ]
      },
      "geometry": {
        "type": "LineString",
        "coordinates": [
          [
            10.9097038,
            48.3708749
          ],
          [
            10.9094312,
            48.3704219
          ],
          [
            10.9095107,
            48.3703473
          ],
          [
            10.9094802,
            48.3701541
          ],
          [
            10.9095997,
            48.3695964
          ],
          [
            10.9098199,
            48.3693691
          ],
          [
            10.9104755,
            48.3690266
          ],
          [
            10.9106285,
            48.368833
          ],
          [
            10.910665,
            48.3684989
          ],
          [
            10.9105003,
            48.3682251
          ],
          [
            10.9101374,
            48.3679874
          ],
          [
            10.9098729,
            48.3679173
          ],
          [
            10.9087578,
            48.3678391
          ],
          [
            10.9049915,
            48.3662585
          ],
          [
            10.9046585,
            48.3660056
          ],
          [
            10.904277,
            48.3658448
          ]
        ]
      }
    },
    {
      "type": "Feature",
      "properties": {
        "segment_id": 12,
        "start_stop": "4",
        "end_stop": "15",
        "bus": "22",
        "timestamps": [
          4020.0,
          4040.0,
          4060.0,
          4080.0,
          4100.0,
          4120.0,
          4140.0
        ]
      },
      "geometry": {
        "type": "LineString",
        "coordinates": [
          [
            10.904277,
            48.3658448
          ],
          [
            10.9038318,
            48.3657085
          ],
          [
            10.9043622,
            48.3648363
          ],
          [
            10.9044808,
            48.3633132
          ],
          [
            10.9047953,
            48.3621494
          ],
          [
            10.9043011,
            48.3621842
          ],
          [
            10.9034103,
            48.3620995
          ]
        ]
      }
    },
    {
      "type": "Feature",
      "properties": {
        "segment_id": 13,
        "start_stop": "15",
        "end_stop": "16",
        "bus": "22",
        "timestamps": [
          4140.0,
          4160.0,
          4180.0,
          4200.0,
          4220.0,
          4240.0,
          4260.0
        ]
      },
      "geometry": {
        "type": "LineString",
        "coordinates": [
          [
            10.9034103,
            48.3620995
          ],
          [
            10.9026514,
            48.3619477
          ],
          [
            10.9013897,
            48.3619533
          ],
          [
            10.9005538,
            48.3621726
          ],
          [
            10.9002992,
            48.362327
          ],
          [
            10.9002659,
            48.3629332
          ],
          [
            10.900116,
            48.3632816
          ]
        ]
      }
    },
    {
      "type": "Feature",
      "properties": {
        "segment_id": 14,
        "start_stop": "16",
        "end_stop": "3",
        "bus": "22",
        "timestamps": [
          4260.0,
          4275.0,
          4290.0,
          4305.0,
          4320.0,
          4335.0,
          4350.0,
          4365.0,
          4380.0
        ]
      },
      "geometry": {
        "type": "LineString",
        "coordinates": [
          [
            10.900116,
            48.3632816
          ],
          [
            10.8996113,
            48.364825
          ],
          [
            10.8996868,
            48.3648861
          ],
          [
            10.8996634,
            48.3650767
          ],
          [
            10.8995722,
            48.3652444
          ],
          [
            10.8994201,
            48.3653154
          ],
          [
            10.8986884,
            48.3669126
          ],
          [
            10.8982788,
            48.3672563
          ],
          [
            10.8974953,
            48.3670837
          ]
        ]
      }
    },
    {
      "type": "Feature",
      "properties": {
        "segment_id": 15,
        "start_stop": "3",
        "end_stop": "7",
        "bus": "22",
        "timestamps": [
          4380.0,
          4420.0,
          4460.0,
          4500.0
        ]
      },
      "geometry": {
        "type": "LineString",
        "coordinates": [
          [
            10.8974953,
            48.3670837
          ],
          [
            10.8958507,
            48.3665596
          ],
          [
            10.894765,
            48.3664357
          ],
          [
            10.8938971,
            48.3653113
          ]
        ]
      }
    },
    {
      "type": "Feature",
      "properties": {
        "segment_id": 16,
        "start_stop": "7",
        "end_stop": "End",
        "bus": "22",
        "timestamps": [
          4500.0,
          4540.0,
          4580.0,
          4620.0
        ]
      },
      "geometry": {
        "type": "LineString",
        "coordinates": [
          [
            10.8938971,
            48.3653113
          ],
          [
            10.8936888,
            48.3650812
          ],
          [
            10.8929626,
            48.3650299
          ],
          [
            10.8881204,
            48.36548
          ]
        ]
      }
    },
    {
      "type": "Feature",
      "properties": {
        "segment_id": 1,
        "start_stop": "Start",
        "end_stop": "12",
        "bus": "23_hin",
        "timestamps": [
          2700.0,
          2717.1429,
          2734.2857,
          2751.4286,
          2768.5714,
          2785.7143,
          2802.8571,
          2820.0
        ]
      },
      "geometry": {
        "type": "LineString",
        "coordinates": [
          [
            10.8938012,
            48.4061743
          ],
          [
            10.8934668,
            48.4062495
          ],
          [
            10.8934124,
            48.4063363
          ],
          [
            10.8929656,
            48.4062113
          ],
          [
            10.8927704,
            48.4056117
          ],
          [
            10.892636,
            48.4043992
          ],
          [
            10.8927146,
            48.4039562
          ],
          [
            10.8932134,
            48.4026646
          ]
        ]
      }
    },
    {
      "type": "Feature",
      "properties": {
        "segment_id": 2,
        "start_stop": "12",
        "end_stop": "13",
        "bus": "23_hin",
        "timestamps": [
          2820.0,
          2880.0,
          2940.0
        ]
      },
      "geometry": {
        "type": "LineString",
        "coordinates": [
          [
            10.8932134,
            48.4026646
          ],
          [
            10.8932383,
            48.4025935
          ],
          [
            10.8983075,
            48.4032376
          ]
        ]
      }
    },
    {
      "type": "Feature",
      "properties": {
        "segment_id": 3,
        "start_stop": "13",
        "end_stop": "23",
        "bus": "23_hin",
        "timestamps": [
          2940.0,
          2980.0,
          3020.0,
          3060.0
        ]
      },
      "geometry": {
        "type": "LineString",
        "coordinates": [
          [
            10.8983075,
            48.4032376
          ],
          [
            10.903216,
            48.4038998
          ],
          [
            10.9033617,
            48.4038584
          ],
          [
            10.9055617,
            48.4042254
          ]
        ]
      }
    },
    {
      "type": "Feature",
      "properties": {
        "segment_id": 5,
        "start_stop": "2",
        "end_stop": "14",
        "bus": "23_hin",
        "timestamps": [
          3060.0,
          3120.0,
          3180.0
        ]
      },
      "geometry": {
        "type": "LineString",
        "coordinates": [
          [
            10.9109419,
            48.402436
          ],
          [
            10.9117038,
            48.401426
          ],
          [
            10.9141644,
            48.3990238
          ]
        ]
      }
    },
    {
      "type": "Feature",
      "properties": {
        "segment_id": 6,
        "start_stop": "14",
        "end_stop": "15",
        "bus": "23_hin",
        "timestamps": [
          3180.0,
          3220.0,
          3260.0,
          3300.0
        ]
      },
      "geometry": {
        "type": "LineString",
        "coordinates": [
          [
            10.9141644,
            48.3990238
          ],
          [
            10.9148412,
            48.3982242
          ],
          [
            10.9103718,
            48.3972692
          ],
          [
            10.9105958,
            48.3959605
          ]
        ]
      }
    },
    {
      "type": "Feature",
      "properties": {
        "segment_id": 7,
        "start_stop": "15",
        "end_stop": "16",
        "bus": "23_hin",
        "timestamps": [
          3300.0,
          3340.0,
          3380.0,
          3420.0
        ]
      },
      "geometry": {
        "type": "LineString",
        "coordinates": [
          [
            10.9105958,
            48.3959605
          ],
          [
            10.9106206,
            48.3957677
          ],
          [
            10.9127768,
            48.3961896
          ],
          [
            10.9146007,
            48.3963918
          ]
        ]
      }
    },
    {
      "type": "Feature",
      "properties": {
        "segment_id": 8,
        "start_stop": "16",
        "end_stop": "20",
        "bus": "23_hin",
        "timestamps": [
          3420.0,
          3460.0,
          3500.0,
          3540.0
        ]
      },
      "geometry": {
        "type": "LineString",
        "coordinates": [
          [
            10.9146007,
            48.3963918
          ],
          [
            10.9154765,
            48.3964918
          ],
          [
            10.9155256,
            48.3958808
          ],
          [
            10.9153742,
            48.3951479
          ]
        ]
      }
    },
    {
      "type": "Feature",
      "properties": {
        "segment_id": 9,
        "start_stop": "20",
        "end_stop": "10",
        "bus": "23_hin",
        "timestamps": [
          3540.0,
          3570.0,
          3600.0,
          3630.0,
          3660.0
        ]
      },
      "geometry": {
        "type": "LineString",
        "coordinates": [
          [
            10.9153742,
            48.3951479
          ],
          [
            10.915131,
            48.3941858
          ],
          [
            10.9150065,
            48.3928745
          ],
          [
            10.9151397,
            48.3912137
          ],
          [
            10.9152742,
            48.3905333
          ]
        ]
      }
    },
    {
      "type": "Feature",
      "properties": {
        "segment_id": 10,
        "start_stop": "10",
        "end_stop": "17",
        "bus": "23_hin",
        "timestamps": [
          3660.0,
          3690.0,
          3720.0,
          3750.0,
          3780.0
        ]
      },
      "geometry": {
        "type": "LineString",
        "coordinates": [
          [
            10.9152742,
            48.3905333
          ],
          [
            10.9154782,
            48.3890301
          ],
          [
            10.9156389,
            48.3886317
          ],
          [
            10.9161236,
            48.3877353
          ],
          [
            10.9165527,
            48.3878803
          ]
        ]
      }
    },
    {
      "type": "Feature",
      "properties": {
        "segment_id": 11,
        "start_stop": "17",
        "end_stop": "18",
        "bus": "23_hin",
        "timestamps": [
          3780.0,
          3840.0,
          3900.0
        ]
      },
      "geometry": {
        "type": "LineString",
        "coordinates": [
          [
            10.9165527,
            48.3878803
          ],
          [
            10.920827,
            48.3889756
          ],
          [
            10.9212246,
            48.3882263
          ]
        ]
      }
    },
    {
      "type": "Feature",
      "properties": {
        "segment_id": 12,
        "start_stop": "18",
        "end_stop": "19",
        "bus": "23_hin",
        "timestamps": [
          3900.0,
          3940.0,
          3980.0,
          4020.0
        ]
      },
      "geometry": {
        "type": "LineString",
        "coordinates": [
          [
            10.9212246,
            48.3882263
          ],
          [
            10.9220948,
            48.3869545
          ],
          [
            10.923735,
            48.3850226
          ],
          [
            10.9228813,
            48.3847941
          ]
        ]
      }
    },
    {
      "type": "Feature",
      "properties": {
        "segment_id": 13,
        "start_stop": "19",
        "end_stop": "22",
        "bus": "23_hin",
        "timestamps": [
          4020.0,
          4140.0
        ]
      },
      "geometry": {
        "type": "LineString",
        "coordinates": [
          [
            10.9228813,
            48.3847941
          ],
          [
            10.9182973,
            48.3834946
          ]
        ]
      }
    },
    {
      "type": "Feature",
      "properties": {
        "segment_id": 14,
        "start_stop": "22",
        "end_stop": "4",
        "bus": "23_hin",
        "timestamps": [
          4140.0,
          4157.1429,
          4174.2857,
          4191.4286,
          4208.5714,
          4225.7143,
          4242.8571,
          4260.0
        ]
      },
      "geometry": {
        "type": "LineString",
        "coordinates": [
          [
            10.9182973,
            48.3834946
          ],
          [
            10.917936,
            48.3834003
          ],
          [
            10.9174086,
            48.3834204
          ],
          [
            10.9171905,
            48.3828772
          ],
          [
            10.9163433,
            48.3814231
          ],
          [
            10.916032,
            48.3811826
          ],
          [
            10.9160927,
            48.3811099
          ],
          [
            10.9157206,
            48.3807189
          ]
        ]
      }
    },
    {
      "type": "Feature",
      "properties": {
        "segment_id": 15,
        "start_stop": "4",
        "end_stop": "1",
        "bus": "23_hin",
        "timestamps": [
          4260.0,
          4300.0,
          4340.0,
          4380.0
        ]
      },
      "geometry": {
        "type": "LineString",
        "coordinates": [
          [
            10.9157206,
            48.3807189
          ],
          [
            10.9153754,
            48.3802812
          ],
          [
            10.9150017,
            48.3796125
          ],
          [
            10.9142824,
            48.3778705
          ]
        ]
      }
    },
    {
      "type": "Feature",
      "properties": {
        "segment_id": 16,
        "start_stop": "1",
        "end_stop": "8",
        "bus": "23_hin",
        "timestamps": [
          4380.0,
          4420.0,
          4460.0,
          4500.0
        ]
      },
      "geometry": {
        "type": "LineString",
        "coordinates": [
          [
            10.9142824,
            48.3778705
          ],
          [
            10.9138549,
            48.3769258
          ],
          [
            10.9127926,
            48.3753902
          ],
          [
            10.9124101,
            48.3744899
          ]
        ]
      }
    },
    {
      "type": "Feature",
      "properties": {
        "segment_id": 17,
        "start_stop": "8",
        "end_stop": "5",
        "bus": "23_hin",
        "timestamps": [
          4500.0,
          4540.0,
          4580.0,
          4620.0
        ]
      },
      "geometry": {
        "type": "LineString",
        "coordinates": [
          [
            10.9124101,
            48.3744899
          ],
          [
            10.9120288,
            48.3736772
          ],
          [
            10.9101932,
            48.3717465
          ],
          [
            10.9097038,
            48.3708749
          ]
        ]
      }
    },
    {
      "type": "Feature",
      "properties": {
        "segment_id": 18,
        "start_stop": "5",
        "end_stop": "0",
        "bus": "23_hin",
        "timestamps": [
          4620.0,
          4644.0,
          4668.0,
          4692.0,
          4716.0,
          4740.0
        ]
      },
      "geometry": {
        "type": "LineString",
        "coordinates": [
          [
            10.9097038,
            48.3708749
          ],
          [
            10.9094671,
            48.3704486
          ],
          [
            10.9092102,
            48.3703622
          ],
          [
            10.9080719,
            48.3703753
          ],
          [
            10.9061315,
            48.3701209
          ],
          [
            10.9048742,
            48.3702842
          ]
        ]
      }
    },
    {
      "type": "Feature",
      "properties": {
        "segment_id": 19,
        "start_stop": "0",
        "end_stop": "6",
        "bus": "23_hin",
        "timestamps": [
          4740.0,
          4780.0,
          4820.0,
          4860.0
        ]
      },
      "geometry": {
        "type": "LineString",
        "coordinates": [
          [
            10.9048742,
            48.3702842
          ],
          [
            10.9035524,
            48.3703518
          ],
          [
            10.902243,
            48.3706033
          ],
          [
            10.9013338,
            48.37067
          ]
        ]
      }
    },
    {
      "type": "Feature",
      "properties": {
        "segment_id": 20,
        "start_stop": "6",
        "end_stop": "21",
        "bus": "23_hin",
        "timestamps": [
          4860.0,
          4920.0,
          4980.0
        ]
      },
      "geometry": {
        "type": "LineString",
        "coordinates": [
          [
            10.9013338,
            48.37067
          ],
          [
            10.8984191,
            48.370579
          ],
          [
            10.897199,
            48.3703969
          ]
        ]
      }
    },
    {
      "type": "Feature",
      "properties": {
        "segment_id": 21,
        "start_stop": "21",
        "end_stop": "9",
        "bus": "23_hin",
        "timestamps": [
          4980.0,
          5004.0,
          5028.0,
          5052.0,
          5076.0,
          5100.0
        ]
      },
      "geometry": {
        "type": "LineString",
        "coordinates": [
          [
            10.897199,
            48.3703969
          ],
          [
            10.8966359,
            48.3702282
          ],
          [
            10.8924912,
            48.3696867
          ],
          [
            10.8923747,
            48.3695185
          ],
          [
            10.8928391,
            48.3691847
          ],
          [
            10.8930545,
            48.3688205
          ]
        ]
      }
    },
    {
      "type": "Feature",
      "properties": {
        "segment_id": 22,
        "start_stop": "9",
        "end_stop": "3",
        "bus": "23_hin",
        "timestamps": [
          5100.0,
          5124.0,
          5148.0,
          5172.0,
          5196.0,
          5220.0
        ]
      },
      "geometry": {
        "type": "LineString",
        "coordinates": [
          [
            10.8930545,
            48.3688205
          ],
          [
            10.8933642,
            48.3680606
          ],
          [
            10.8895576,
            48.3673275
          ],
          [
            10.8889738,
            48.3675177
          ],
          [
            10.8866746,
            48.3666703
          ],
          [
            10.8877355,
            48.3654998
          ]
        ]
      }
    },
    {
      "type": "Feature",
      "properties": {
        "segment_id": 1,
        "start_stop": "Start",
        "end_stop": "9",
        "bus": "25_hin",
        "timestamps": [
          2700.0,
          2717.1429,
          2734.2857,
          2751.4286,
          2768.5714,
          2785.7143,
          2802.8571,
          2820.0
        ]
      },
      "geometry": {
        "type": "LineString",
        "coordinates": [
          [
            10.8941732,
            48.2960603
          ],
          [
            10.8921743,
            48.2964245
          ],
          [
            10.8926302,
            48.2974155
          ],
          [
            10.8930136,
            48.297727
          ],
          [
            10.8936451,
            48.2979039
          ],
          [
            10.8966753,
            48.2977504
          ],
          [
            10.8986093,
            48.2973587
          ],
          [
            10.8987912,
            48.2977623
          ]
        ]
      }
    },
    {
      "type": "Feature",
      "properties": {
        "segment_id": 2,
        "start_stop": "9",
        "end_stop": "6",
        "bus": "25_hin",
        "timestamps": [
          2820.0,
          2840.0,
          2860.0,
          2880.0,
          2900.0,
          2920.0,
          2940.0
        ]
      },
      "geometry": {
        "type": "LineString",
        "coordinates": [
          [
            10.8987912,
            48.2977623
          ],
          [
            10.8990726,
            48.298102
          ],
          [
            10.899419,
            48.298174
          ],
          [
            10.90018,
            48.3001264
          ],
          [
            10.8990573,
            48.3002288
          ],
          [
            10.899476,
            48.3021822
          ],
          [
            10.8990075,
            48.3022291
          ]
        ]
      }
    },
    {
      "type": "Feature",
      "properties": {
        "segment_id": 3,
        "start_stop": "6",
        "end_stop": "8",
        "bus": "25_hin",
        "timestamps": [
          2940.0,
          3000.0,
          3060.0
        ]
      },
      "geometry": {
        "type": "LineString",
        "coordinates": [
          [
            10.8990075,
            48.3022291
          ],
          [
            10.8974467,
            48.3024133
          ],
          [
            10.8977164,
            48.3040181
          ]
        ]
      }
    },
    {
      "type": "Feature",
      "properties": {
        "segment_id": 4,
        "start_stop": "8",
        "end_stop": "4",
        "bus": "25_hin",
        "timestamps": [
          3060.0,
          3084.0,
          3108.0,
          3132.0,
          3156.0,
          3180.0
        ]
      },
      "geometry": {
        "type": "LineString",
        "coordinates": [
          [
            10.8977164,
            48.3040181
          ],
          [
            10.8978129,
            48.3046062
          ],
          [
            10.8984408,
            48.3044906
          ],
          [
            10.8990276,
            48.3045175
          ],
          [
            10.9020532,
            48.3042299
          ],
          [
            10.9020719,
            48.3046865
          ]
        ]
      }
    },
    {
      "type": "Feature",
      "properties": {
        "segment_id": 5,
        "start_stop": "4",
        "end_stop": "7",
        "bus": "25_hin",
        "timestamps": [
          3180.0,
          3240.0,
          3300.0
        ]
      },
      "geometry": {
        "type": "LineString",
        "coordinates": [
          [
            10.9020719,
            48.3046865
          ],
          [
            10.9021241,
            48.3067987
          ],
          [
            10.9023876,
            48.3078715
          ]
        ]
      }
    },
    {
      "type": "Feature",
      "properties": {
        "segment_id": 6,
        "start_stop": "7",
        "end_stop": "1",
        "bus": "25_hin",
        "timestamps": [
          3300.0,
          3360.0,
          3420.0
        ]
      },
      "geometry": {
        "type": "LineString",
        "coordinates": [
          [
            10.9023876,
            48.3078715
          ],
          [
            10.9024963,
            48.3083043
          ],
          [
            10.8989416,
            48.3086933
          ]
        ]
      }
    },
    {
      "type": "Feature",
      "properties": {
        "segment_id": 7,
        "start_stop": "1",
        "end_stop": "5",
        "bus": "25_hin",
        "timestamps": [
          3420.0,
          3450.0,
          3480.0,
          3510.0,
          3540.0
        ]
      },
      "geometry": {
        "type": "LineString",
        "coordinates": [
          [
            10.8989416,
            48.3086933
          ],
          [
            10.8937648,
            48.3092037
          ],
          [
            10.8938061,
            48.310534
          ],
          [
            10.8936372,
            48.310552
          ],
          [
            10.8930199,
            48.3101702
          ]
        ]
      }
    },
    {
      "type": "Feature",
      "properties": {
        "segment_id": 8,
        "start_stop": "5",
        "end_stop": "12",
        "bus": "25_hin",
        "timestamps": [
          3540.0,
          3570.0,
          3600.0,
          3630.0,
          3660.0
        ]
      },
      "geometry": {
        "type": "LineString",
        "coordinates": [
          [
            10.8930199,
            48.3101702
          ],
          [
            10.8925363,
            48.3098331
          ],
          [
            10.8924765,
            48.3093624
          ],
          [
            10.8897536,
            48.3096996
          ],
          [
            10.8900606,
            48.3116676
          ]
        ]
      }
    },
    {
      "type": "Feature",
      "properties": {
        "segment_id": 9,
        "start_stop": "12",
        "end_stop": "14",
        "bus": "25_hin",
        "timestamps": [
          3660.0,
          3780.0
        ]
      },
      "geometry": {
        "type": "LineString",
        "coordinates": [
          [
            10.8900606,
            48.3116676
          ],
          [
            10.8904032,
            48.3135644
          ]
        ]
      }
    },
    {
      "type": "Feature",
      "properties": {
        "segment_id": 10,
        "start_stop": "14",
        "end_stop": "13",
        "bus": "25_hin",
        "timestamps": [
          3780.0,
          3840.0,
          3900.0
        ]
      },
      "geometry": {
        "type": "LineString",
        "coordinates": [
          [
            10.8904032,
            48.3135644
          ],
          [
            10.890491,
            48.3139248
          ],
          [
            10.8935372,
            48.3136913
          ]
        ]
      }
    },
    {
      "type": "Feature",
      "properties": {
        "segment_id": 11,
        "start_stop": "13",
        "end_stop": "3",
        "bus": "25_hin",
        "timestamps": [
          3900.0,
          3930.0,
          3960.0,
          3990.0,
          4020.0
        ]
      },
      "geometry": {
        "type": "LineString",
        "coordinates": [
          [
            10.8935372,
            48.3136913
          ],
          [
            10.8943342,
            48.3136121
          ],
          [
            10.8941166,
            48.3130755
          ],
          [
            10.8942616,
            48.3129364
          ],
          [
            10.901598,
            48.3121819
          ]
        ]
      }
    },
    {
      "type": "Feature",
      "properties": {
        "segment_id": 12,
        "start_stop": "3",
        "end_stop": "10",
        "bus": "25_hin",
        "timestamps": [
          4020.0,
          4080.0,
          4140.0
        ]
      },
      "geometry": {
        "type": "LineString",
        "coordinates": [
          [
            10.901598,
            48.3121819
          ],
          [
            10.9023178,
            48.3121092
          ],
          [
            10.9026835,
            48.3134129
          ]
        ]
      }
    },
    {
      "type": "Feature",
      "properties": {
        "segment_id": 13,
        "start_stop": "10",
        "end_stop": "11",
        "bus": "25_hin",
        "timestamps": [
          4140.0,
          4260.0
        ]
      },
      "geometry": {
        "type": "LineString",
        "coordinates": [
          [
            10.9026835,
            48.3134129
          ],
          [
            10.903498,
            48.3164453
          ]
        ]
      }
    },
    {
      "type": "Feature",
      "properties": {
        "segment_id": 14,
        "start_stop": "11",
        "end_stop": "End",
        "bus": "25_hin",
        "timestamps": [
          4260.0,
          4284.0,
          4308.0,
          4332.0,
          4356.0,
          4380.0
        ]
      },
      "geometry": {
        "type": "LineString",
        "coordinates": [
          [
            10.903498,
            48.3164453
          ],
          [
            10.9037244,
            48.317264
          ],
          [
            10.9096163,
            48.3172617
          ],
          [
            10.9091838,
            48.318471
          ],
          [
            10.9090421,
            48.3195106
          ],
          [
            10.90855,
            48.3194936
          ]
        ]
      }
    },
    {
      "type": "Feature",
      "properties": {
        "segment_id": 1,
        "start_stop": "Start",
        "end_stop": "8",
        "bus": "29",
        "timestamps": [
          2700.0,
          2720.0,
          2740.0,
          2760.0,
          2780.0,
          2800.0,
          2820.0
        ]
      },
      "geometry": {
        "type": "LineString",
        "coordinates": [
          [
            10.9497489,
            48.3414785
          ],
          [
            10.9498191,
            48.3412902
          ],
          [
            10.9500647,
            48.3412793
          ],
          [
            10.9500741,
            48.3402692
          ],
          [
            10.9503632,
            48.3385738
          ],
          [
            10.9501241,
            48.3384086
          ],
          [
            10.9490405,
            48.3383055
          ]
        ]
      }
    },
    {
      "type": "Feature",
      "properties": {
        "segment_id": 2,
        "start_stop": "8",
        "end_stop": "1",
        "bus": "29",
        "timestamps": [
          2820.0,
          2860.0,
          2900.0,
          2940.0
        ]
      },
      "geometry": {
        "type": "LineString",
        "coordinates": [
          [
            10.9490405,
            48.3383055
          ],
          [
            10.9454502,
            48.3379784
          ],
          [
            10.9446109,
            48.3383417
          ],
          [
            10.9444876,
            48.3387255
          ]
        ]
      }
    },
    {
      "type": "Feature",
      "properties": {
        "segment_id": 3,
        "start_stop": "1",
        "end_stop": "2",
        "bus": "29",
        "timestamps": [
          2940.0,
          3060.0
        ]
      },
      "geometry": {
        "type": "LineString",
        "coordinates": [
          [
            10.9444876,
            48.3387255
          ],
          [
            10.9437897,
            48.3417206
          ]
        ]
      }
    },
    {
      "type": "Feature",
      "properties": {
        "segment_id": 4,
        "start_stop": "2",
        "end_stop": "6",
        "bus": "29",
        "timestamps": [
          3060.0,
          3100.0,
          3140.0,
          3180.0
        ]
      },
      "geometry": {
        "type": "LineString",
        "coordinates": [
          [
            10.9437897,
            48.3417206
          ],
          [
            10.9432868,
            48.3431846
          ],
          [
            10.9431231,
            48.3444326
          ],
          [
            10.9442899,
            48.3444767
          ]
        ]
      }
    },
    {
      "type": "Feature",
      "properties": {
        "segment_id": 5,
        "start_stop": "6",
        "end_stop": "7",
        "bus": "29",
        "timestamps": [
          3180.0,
          3220.0,
          3260.0,
          3300.0
        ]
      },
      "geometry": {
        "type": "LineString",
        "coordinates": [
          [
            10.9442899,
            48.3444767
          ],
          [
            10.9446747,
            48.3445006
          ],
          [
            10.9445137,
            48.3458719
          ],
          [
            10.9445213,
            48.3489282
          ]
        ]
      }
    },
    {
      "type": "Feature",
      "properties": {
        "segment_id": 6,
        "start_stop": "7",
        "end_stop": "5",
        "bus": "29",
        "timestamps": [
          3300.0,
          3360.0,
          3420.0
        ]
      },
      "geometry": {
        "type": "LineString",
        "coordinates": [
          [
            10.9445213,
            48.3489282
          ],
          [
            10.9445258,
            48.351572
          ],
          [
            10.9448932,
            48.3526642
          ]
        ]
      }
    },
    {
      "type": "Feature",
      "properties": {
        "segment_id": 7,
        "start_stop": "5",
        "end_stop": "0",
        "bus": "29",
        "timestamps": [
          3420.0,
          3460.0,
          3500.0,
          3540.0
        ]
      },
      "geometry": {
        "type": "LineString",
        "coordinates": [
          [
            10.9448932,
            48.3526642
          ],
          [
            10.9448981,
            48.3533511
          ],
          [
            10.944544,
            48.3540221
          ],
          [
            10.9444546,
            48.3546627
          ]
        ]
      }
    },
    {
      "type": "Feature",
      "properties": {
        "segment_id": 8,
        "start_stop": "0",
        "end_stop": "10",
        "bus": "29",
        "timestamps": [
          3540.0,
          3600.0,
          3660.0
        ]
      },
      "geometry": {
        "type": "LineString",
        "coordinates": [
          [
            10.9444546,
            48.3546627
          ],
          [
            10.9443521,
            48.3551884
          ],
          [
            10.9412967,
            48.3591776
          ]
        ]
      }
    },
    {
      "type": "Feature",
      "properties": {
        "segment_id": 9,
        "start_stop": "10",
        "end_stop": "9",
        "bus": "29",
        "timestamps": [
          3660.0,
          3780.0
        ]
      },
      "geometry": {
        "type": "LineString",
        "coordinates": [
          [
            10.9412967,
            48.3591776
          ],
          [
            10.9388678,
            48.3622948
          ]
        ]
      }
    },
    {
      "type": "Feature",
      "properties": {
        "segment_id": 10,
        "start_stop": "9",
        "end_stop": "End",
        "bus": "29",
        "timestamps": [
          3780.0,
          3810.0,
          3840.0,
          3870.0,
          3900.0
        ]
      },
      "geometry": {
        "type": "LineString",
        "coordinates": [
          [
            10.9388678,
            48.3622948
          ],
          [
            10.9366486,
            48.3651711
          ],
          [
            10.9372198,
            48.3654136
          ],
          [
            10.9369544,
            48.3657011
          ],
          [
            10.9365074,
            48.3657967
          ]
        ]
      }
    },
    {
      "type": "Feature",
      "properties": {
        "segment_id": 1,
        "start_stop": "Start",
        "end_stop": "3",
        "bus": "30_hin",
        "timestamps": [
          2700.0,
          2740.0,
          2780.0,
          2820.0
        ]
      },
      "geometry": {
        "type": "LineString",
        "coordinates": [
          [
            10.9502043,
            48.3552703
          ],
          [
            10.9488289,
            48.3551973
          ],
          [
            10.9487814,
            48.3533715
          ],
          [
            10.9486264,
            48.3519072
          ]
        ]
      }
    },
    {
      "type": "Feature",
      "properties": {
        "segment_id": 2,
        "start_stop": "3",
        "end_stop": "0",
        "bus": "30_hin",
        "timestamps": [
          2820.0,
          2835.0,
          2850.0,
          2865.0,
          2880.0,
          2895.0,
          2910.0,
          2925.0,
          2940.0
        ]
      },
      "geometry": {
        "type": "LineString",
        "coordinates": [
          [
            10.9486264,
            48.3519072
          ],
          [
            10.9487496,
            48.3515013
          ],
          [
            10.9491693,
            48.3508931
          ],
          [
            10.9491727,
            48.3504904
          ],
          [
            10.9489216,
            48.3501422
          ],
          [
            10.9480716,
            48.3495428
          ],
          [
            10.9472226,
            48.3491452
          ],
          [
            10.9461085,
            48.3488014
          ],
          [
            10.9453386,
            48.3486624
          ]
        ]
      }
    },
    {
      "type": "Feature",
      "properties": {
        "segment_id": 3,
        "start_stop": "0",
        "end_stop": "4",
        "bus": "30_hin",
        "timestamps": [
          2940.0,
          3060.0
        ]
      },
      "geometry": {
        "type": "LineString",
        "coordinates": [
          [
            10.9453386,
            48.3486624
          ],
          [
            10.9430492,
            48.3485418
          ]
        ]
      }
    },
    {
      "type": "Feature",
      "properties": {
        "segment_id": 4,
        "start_stop": "4",
        "end_stop": "5",
        "bus": "30_hin",
        "timestamps": [
          3060.0,
          3100.0,
          3140.0,
          3180.0
        ]
      },
      "geometry": {
        "type": "LineString",
        "coordinates": [
          [
            10.9430492,
            48.3485418
          ],
          [
            10.9406708,
            48.3484583
          ],
          [
            10.9405087,
            48.3451846
          ],
          [
            10.9406662,
            48.3446327
          ]
        ]
      }
    },
    {
      "type": "Feature",
      "properties": {
        "segment_id": 5,
        "start_stop": "5",
        "end_stop": "6",
        "bus": "30_hin",
        "timestamps": [
          3180.0,
          3220.0,
          3260.0,
          3300.0
        ]
      },
      "geometry": {
        "type": "LineString",
        "coordinates": [
          [
            10.9406662,
            48.3446327
          ],
          [
            10.9408002,
            48.3444239
          ],
          [
            10.9411671,
            48.3443581
          ],
          [
            10.9442899,
            48.3444767
          ]
        ]
      }
    },
    {
      "type": "Feature",
      "properties": {
        "segment_id": 6,
        "start_stop": "6",
        "end_stop": "7",
        "bus": "30_hin",
        "timestamps": [
          3300.0,
          3340.0,
          3380.0,
          3420.0
        ]
      },
      "geometry": {
        "type": "LineString",
        "coordinates": [
          [
            10.9442899,
            48.3444767
          ],
          [
            10.9487476,
            48.3446418
          ],
          [
            10.9489248,
            48.3445249
          ],
          [
            10.9491665,
            48.3434597
          ]
        ]
      }
    },
    {
      "type": "Feature",
      "properties": {
        "segment_id": 7,
        "start_stop": "7",
        "end_stop": "End",
        "bus": "30_hin",
        "timestamps": [
          3420.0,
          3460.0,
          3500.0,
          3540.0
        ]
      },
      "geometry": {
        "type": "LineString",
        "coordinates": [
          [
            10.9491665,
            48.3434597
          ],
          [
            10.9499246,
            48.3417988
          ],
          [
            10.9497308,
            48.341596
          ],
          [
            10.9497489,
            48.3414785
          ]
        ]
      }
    },
    {
      "type": "Feature",
      "properties": {
        "segment_id": 1,
        "start_stop": "Start",
        "end_stop": "4",
        "bus": "31",
        "timestamps": [
          2700.0,
          2740.0,
          2780.0,
          2820.0
        ]
      },
      "geometry": {
        "type": "LineString",
        "coordinates": [
          [
            10.9502043,
            48.3552703
          ],
          [
            10.9493096,
            48.3551838
          ],
          [
            10.9481035,
            48.3552411
          ],
          [
            10.9479854,
            48.3563799
          ]
        ]
      }
    },
    {
      "type": "Feature",
      "properties": {
        "segment_id": 2,
        "start_stop": "4",
        "end_stop": "1",
        "bus": "31",
        "timestamps": [
          2820.0,
          2860.0,
          2900.0,
          2940.0
        ]
      },
      "geometry": {
        "type": "LineString",
        "coordinates": [
          [
            10.9479854,
            48.3563799
          ],
          [
            10.9476588,
            48.3594162
          ],
          [
            10.9474149,
            48.359688
          ],
          [
            10.9469125,
            48.3599715
          ]
        ]
      }
    },
    {
      "type": "Feature",
      "properties": {
        "segment_id": 3,
        "start_stop": "1",
        "end_stop": "3",
        "bus": "31",
        "timestamps": [
          2940.0,
          2964.0,
          2988.0,
          3012.0,
          3036.0,
          3060.0
        ]
      },
      "geometry": {
        "type": "LineString",
        "coordinates": [
          [
            10.9469125,
            48.3599715
          ],
          [
            10.9465657,
            48.3603419
          ],
          [
            10.9463296,
            48.3609472
          ],
          [
            10.9460521,
            48.3613189
          ],
          [
            10.9452061,
            48.3619092
          ],
          [
            10.9444534,
            48.3626989
          ]
        ]
      }
    },
    {
      "type": "Feature",
      "properties": {
        "segment_id": 4,
        "start_stop": "3",
        "end_stop": "5",
        "bus": "31",
        "timestamps": [
          3060.0,
          3090.0,
          3120.0,
          3150.0,
          3180.0
        ]
      },
      "geometry": {
        "type": "LineString",
        "coordinates": [
          [
            10.9444534,
            48.3626989
          ],
          [
            10.9435446,
            48.3636567
          ],
          [
            10.9427781,
            48.3643101
          ],
          [
            10.9421082,
            48.3647063
          ],
          [
            10.9413121,
            48.3650079
          ]
        ]
      }
    },
    {
      "type": "Feature",
      "properties": {
        "segment_id": 5,
        "start_stop": "5",
        "end_stop": "End",
        "bus": "31",
        "timestamps": [
          3180.0,
          3197.1429,
          3214.2857,
          3231.4286,
          3248.5714,
          3265.7143,
          3282.8571,
          3300.0
        ]
      },
      "geometry": {
        "type": "LineString",
        "coordinates": [
          [
            10.9413121,
            48.3650079
          ],
          [
            10.9401966,
            48.3652754
          ],
          [
            10.939358,
            48.3655885
          ],
          [
            10.9371075,
            48.3645914
          ],
          [
            10.9366486,
            48.3651711
          ],
          [
            10.9372198,
            48.3654136
          ],
          [
            10.9369544,
            48.3657011
          ],
          [
            10.9365074,
            48.3657967
          ]
        ]
      }
    },
    {
      "type": "Feature",
      "properties": {
        "segment_id": 1,
        "start_stop": "Start",
        "end_stop": "5",
        "bus": "33",
        "timestamps": [
          2700.0,
          2724.0,
          2748.0,
          2772.0,
          2796.0,
          2820.0
        ]
      },
      "geometry": {
        "type": "LineString",
        "coordinates": [
          [
            10.9273281,
            48.3558637
          ],
          [
            10.9267435,
            48.3570684
          ],
          [
            10.9271031,
            48.3572294
          ],
          [
            10.9289224,
            48.357179
          ],
          [
            10.9299765,
            48.3573079
          ],
          [
            10.9299269,
            48.3591291
          ]
        ]
      }
    },
    {
      "type": "Feature",
      "properties": {
        "segment_id": 2,
        "start_stop": "5",
        "end_stop": "1",
        "bus": "33",
        "timestamps": [
          2820.0,
          2860.0,
          2900.0,
          2940.0
        ]
      },
      "geometry": {
        "type": "LineString",
        "coordinates": [
          [
            10.9299269,
            48.3591291
          ],
          [
            10.9297695,
            48.3599347
          ],
          [
            10.9294704,
            48.3606226
          ],
          [
            10.9279579,
            48.3629345
          ]
        ]
      }
    },
    {
      "type": "Feature",
      "properties": {
        "segment_id": 3,
        "start_stop": "1",
        "end_stop": "3",
        "bus": "33",
        "timestamps": [
          2940.0,
          2964.0,
          2988.0,
          3012.0,
          3036.0,
          3060.0
        ]
      },
      "geometry": {
        "type": "LineString",
        "coordinates": [
          [
            10.9279579,
            48.3629345
          ],
          [
            10.9279083,
            48.363115
          ],
          [
            10.9280479,
            48.3631509
          ],
          [
            10.9280543,
            48.3632576
          ],
          [
            10.9296674,
            48.3637355
          ],
          [
            10.928308,
            48.365346
          ]
        ]
      }
    },
    {
      "type": "Feature",
      "properties": {
        "segment_id": 4,
        "start_stop": "3",
        "end_stop": "2",
        "bus": "33",
        "timestamps": [
          3060.0,
          3080.0,
          3100.0,
          3120.0,
          3140.0,
          3160.0,
          3180.0
        ]
      },
      "geometry": {
        "type": "LineString",
        "coordinates": [
          [
            10.928308,
            48.365346
          ],
          [
            10.9277416,
            48.3659553
          ],
          [
            10.926768,
            48.3656335
          ],
          [
            10.925869,
            48.3655539
          ],
          [
            10.9257556,
            48.3660767
          ],
          [
            10.9251484,
            48.3666666
          ],
          [
            10.9240994,
            48.3669319
          ]
        ]
      }
    },
    {
      "type": "Feature",
      "properties": {
        "segment_id": 5,
        "start_stop": "2",
        "end_stop": "4",
        "bus": "33",
        "timestamps": [
          3180.0,
          3220.0,
          3260.0,
          3300.0
        ]
      },
      "geometry": {
        "type": "LineString",
        "coordinates": [
          [
            10.9240994,
            48.3669319
          ],
          [
            10.9195645,
            48.3680266
          ],
          [
            10.9192102,
            48.3682604
          ],
          [
            10.9185632,
            48.3679065
          ]
        ]
      }
    },
    {
      "type": "Feature",
      "properties": {
        "segment_id": 6,
        "start_stop": "4",
        "end_stop": "6",
        "bus": "33",
        "timestamps": [
          3300.0,
          3320.0,
          3340.0,
          3360.0,
          3380.0,
          3400.0,
          3420.0
        ]
      },
      "geometry": {
        "type": "LineString",
        "coordinates": [
          [
            10.9185632,
            48.3679065
          ],
          [
            10.9162883,
            48.3668333
          ],
          [
            10.9154425,
            48.3674268
          ],
          [
            10.9154067,
            48.3676031
          ],
          [
            10.9150032,
            48.3675355
          ],
          [
            10.9146769,
            48.3675778
          ],
          [
            10.9136815,
            48.367994
          ]
        ]
      }
    },
    {
      "type": "Feature",
      "properties": {
        "segment_id": 7,
        "start_stop": "6",
        "end_stop": "End",
        "bus": "33",
        "timestamps": [
          3420.0,
          3460.0,
          3500.0,
          3540.0
        ]
      },
      "geometry": {
        "type": "LineString",
        "coordinates": [
          [
            10.9136815,
            48.367994
          ],
          [
            10.9127862,
            48.3684189
          ],
          [
            10.9104198,
            48.3700133
          ],
          [
            10.9097897,
            48.3702643
          ]
        ]
      }
    },
    {
      "type": "Feature",
      "properties": {
        "segment_id": 1,
        "start_stop": "Start",
        "end_stop": "7",
        "bus": "35",
        "timestamps": [
          2700.0,
          2724.0,
          2748.0,
          2772.0,
          2796.0,
          2820.0
        ]
      },
      "geometry": {
        "type": "LineString",
        "coordinates": [
          [
            10.8589731,
            48.3545651
          ],
          [
            10.8606752,
            48.3551603
          ],
          [
            10.8608762,
            48.3553074
          ],
          [
            10.8609057,
            48.3554319
          ],
          [
            10.8612963,
            48.3554764
          ],
          [
            10.8623821,
            48.356328
          ]
        ]
      }
    },
    {
      "type": "Feature",
      "properties": {
        "segment_id": 2,
        "start_stop": "7",
        "end_stop": "30",
        "bus": "35",
        "timestamps": [
          2820.0,
          2940.0
        ]
      },
      "geometry": {
        "type": "LineString",
        "coordinates": [
          [
            10.8623821,
            48.356328
          ],
          [
            10.8646655,
            48.3580531
          ]
        ]
      }
    },
    {
      "type": "Feature",
      "properties": {
        "segment_id": 3,
        "start_stop": "30",
        "end_stop": "0",
        "bus": "35",
        "timestamps": [
          2940.0,
          2964.0,
          2988.0,
          3012.0,
          3036.0,
          3060.0
        ]
      },
      "geometry": {
        "type": "LineString",
        "coordinates": [
          [
            10.8646655,
            48.3580531
          ],
          [
            10.8650884,
            48.3583754
          ],
          [
            10.8660312,
            48.3578275
          ],
          [
            10.8670235,
            48.3574212
          ],
          [
            10.8682017,
            48.3570978
          ],
          [
            10.8692258,
            48.3569457
          ]
        ]
      }
    },
    {
      "type": "Feature",
      "properties": {
        "segment_id": 4,
        "start_stop": "0",
        "end_stop": "3",
        "bus": "35",
        "timestamps": [
          3060.0,
          3077.1429,
          3094.2857,
          3111.4286,
          3128.5714,
          3145.7143,
          3162.8571,
          3180.0
        ]
      },
      "geometry": {
        "type": "LineString",
        "coordinates": [
          [
            10.8692258,
            48.3569457
          ],
          [
            10.8699103,
            48.3569133
          ],
          [
            10.8711344,
            48.3569993
          ],
          [
            10.8716897,
            48.3570799
          ],
          [
            10.8718882,
            48.3572209
          ],
          [
            10.8721273,
            48.3583354
          ],
          [
            10.8703023,
            48.3582694
          ],
          [
            10.8700161,
            48.3583504
          ]
        ]
      }
    },
    {
      "type": "Feature",
      "properties": {
        "segment_id": 5,
        "start_stop": "3",
        "end_stop": "6",
        "bus": "35",
        "timestamps": [
          3180.0,
          3200.0,
          3220.0,
          3240.0,
          3260.0,
          3280.0,
          3300.0
        ]
      },
      "geometry": {
        "type": "LineString",
        "coordinates": [
          [
            10.8700161,
            48.3583504
          ],
          [
            10.8695334,
            48.3585852
          ],
          [
            10.8679051,
            48.3599403
          ],
          [
            10.8678903,
            48.3600442
          ],
          [
            10.8680308,
            48.3601354
          ],
          [
            10.8682092,
            48.3605794
          ],
          [
            10.8683625,
            48.3620002
          ]
        ]
      }
    },
    {
      "type": "Feature",
      "properties": {
        "segment_id": 6,
        "start_stop": "6",
        "end_stop": "19",
        "bus": "35",
        "timestamps": [
          3300.0,
          3330.0,
          3360.0,
          3390.0,
          3420.0
        ]
      },
      "geometry": {
        "type": "LineString",
        "coordinates": [
          [
            10.8683625,
            48.3620002
          ],
          [
            10.8683671,
            48.3622814
          ],
          [
            10.8684546,
            48.3623361
          ],
          [
            10.8690772,
            48.3623629
          ],
          [
            10.8710945,
            48.362954
          ]
        ]
      }
    },
    {
      "type": "Feature",
      "properties": {
        "segment_id": 7,
        "start_stop": "19",
        "end_stop": "21",
        "bus": "35",
        "timestamps": [
          3420.0,
          3440.0,
          3460.0,
          3480.0,
          3500.0,
          3520.0,
          3540.0
        ]
      },
      "geometry": {
        "type": "LineString",
        "coordinates": [
          [
            10.8710945,
            48.362954
          ],
          [
            10.8719255,
            48.3631739
          ],
          [
            10.8718498,
            48.3632961
          ],
          [
            10.8721066,
            48.3642792
          ],
          [
            10.8720308,
            48.3654221
          ],
          [
            10.8721695,
            48.3657957
          ],
          [
            10.8723861,
            48.3660821
          ]
        ]
      }
    },
    {
      "type": "Feature",
      "properties": {
        "segment_id": 8,
        "start_stop": "21",
        "end_stop": "24",
        "bus": "35",
        "timestamps": [
          3540.0,
          3570.0,
          3600.0,
          3630.0,
          3660.0
        ]
      },
      "geometry": {
        "type": "LineString",
        "coordinates": [
          [
            10.8723861,
            48.3660821
          ],
          [
            10.8726275,
            48.3663201
          ],
          [
            10.8734456,
            48.3666348
          ],
          [
            10.8725334,
            48.3681641
          ],
          [
            10.8718294,
            48.3690802
          ]
        ]
      }
    },
    {
      "type": "Feature",
      "properties": {
        "segment_id": 9,
        "start_stop": "24",
        "end_stop": "25",
        "bus": "35",
        "timestamps": [
          3660.0,
          3780.0
        ]
      },
      "geometry": {
        "type": "LineString",
        "coordinates": [
          [
            10.8718294,
            48.3690802
          ],
          [
            10.8701381,
            48.3712032
          ]
        ]
      }
    },
    {
      "type": "Feature",
      "properties": {
        "segment_id": 10,
        "start_stop": "25",
        "end_stop": "26",
        "bus": "35",
        "timestamps": [
          3780.0,
          3840.0,
          3900.0
        ]
      },
      "geometry": {
        "type": "LineString",
        "coordinates": [
          [
            10.8701381,
            48.3712032
          ],
          [
            10.8699359,
            48.3715537
          ],
          [
            10.8699596,
            48.3724527
          ]
        ]
      }
    },
    {
      "type": "Feature",
      "properties": {
        "segment_id": 11,
        "start_stop": "26",
        "end_stop": "23",
        "bus": "35",
        "timestamps": [
          3900.0,
          4020.0
        ]
      },
      "geometry": {
        "type": "LineString",
        "coordinates": [
          [
            10.8699596,
            48.3724527
          ],
          [
            10.8701113,
            48.3758464
          ]
        ]
      }
    },
    {
      "type": "Feature",
      "properties": {
        "segment_id": 12,
        "start_stop": "23",
        "end_stop": "20",
        "bus": "35",
        "timestamps": [
          4020.0,
          4140.0
        ]
      },
      "geometry": {
        "type": "LineString",
        "coordinates": [
          [
            10.8701113,
            48.3758464
          ],
          [
            10.8702337,
            48.3788847
          ]
        ]
      }
    },
    {
      "type": "Feature",
      "properties": {
        "segment_id": 13,
        "start_stop": "20",
        "end_stop": "8",
        "bus": "35",
        "timestamps": [
          4140.0,
          4180.0,
          4220.0,
          4260.0
        ]
      },
      "geometry": {
        "type": "LineString",
        "coordinates": [
          [
            10.8702337,
            48.3788847
          ],
          [
            10.8703108,
            48.3808177
          ],
          [
            10.8701483,
            48.3811999
          ],
          [
            10.8730039,
            48.3813612
          ]
        ]
      }
    },
    {
      "type": "Feature",
      "properties": {
        "segment_id": 14,
        "start_stop": "8",
        "end_stop": "18",
        "bus": "35",
        "timestamps": [
          4260.0,
          4277.1429,
          4294.2857,
          4311.4286,
          4328.5714,
          4345.7143,
          4362.8571,
          4380.0
        ]
      },
      "geometry": {
        "type": "LineString",
        "coordinates": [
          [
            10.8730039,
            48.3813612
          ],
          [
            10.8743629,
            48.3814412
          ],
          [
            10.87522,
            48.3829147
          ],
          [
            10.8764228,
            48.3831053
          ],
          [
            10.8767516,
            48.3832352
          ],
          [
            10.8768356,
            48.3833482
          ],
          [
            10.8768415,
            48.383556
          ],
          [
            10.8765001,
            48.385293
          ]
        ]
      }
    },
    {
      "type": "Feature",
      "properties": {
        "segment_id": 15,
        "start_stop": "18",
        "end_stop": "1",
        "bus": "35",
        "timestamps": [
          4380.0,
          4404.0,
          4428.0,
          4452.0,
          4476.0,
          4500.0
        ]
      },
      "geometry": {
        "type": "LineString",
        "coordinates": [
          [
            10.8765001,
            48.385293
          ],
          [
            10.87641,
            48.3859135
          ],
          [
            10.8765165,
            48.3861109
          ],
          [
            10.8781457,
            48.3869056
          ],
          [
            10.878743,
            48.3860638
          ],
          [
            10.8797384,
            48.3857436
          ]
        ]
      }
    },
    {
      "type": "Feature",
      "properties": {
        "segment_id": 16,
        "start_stop": "1",
        "end_stop": "32",
        "bus": "35",
        "timestamps": [
          4500.0,
          4524.0,
          4548.0,
          4572.0,
          4596.0,
          4620.0
        ]
      },
      "geometry": {
        "type": "LineString",
        "coordinates": [
          [
            10.8797384,
            48.3857436
          ],
          [
            10.8805494,
            48.3856625
          ],
          [
            10.8807094,
            48.3857234
          ],
          [
            10.885332,
            48.3857051
          ],
          [
            10.8868773,
            48.3854269
          ],
          [
            10.8878377,
            48.38487
          ]
        ]
      }
    },
    {
      "type": "Feature",
      "properties": {
        "segment_id": 17,
        "start_stop": "32",
        "end_stop": "11",
        "bus": "35",
        "timestamps": [
          4620.0,
          4680.0,
          4740.0
        ]
      },
      "geometry": {
        "type": "LineString",
        "coordinates": [
          [
            10.8878377,
            48.38487
          ],
          [
            10.8900613,
            48.3835383
          ],
          [
            10.8929417,
            48.3827692
          ]
        ]
      }
    },
    {
      "type": "Feature",
      "properties": {
        "segment_id": 18,
        "start_stop": "11",
        "end_stop": "12",
        "bus": "35",
        "timestamps": [
          4740.0,
          4800.0,
          4860.0
        ]
      },
      "geometry": {
        "type": "LineString",
        "coordinates": [
          [
            10.8929417,
            48.3827692
          ],
          [
            10.8941723,
            48.382454
          ],
          [
            10.8968783,
            48.3803469
          ]
        ]
      }
    },
    {
      "type": "Feature",
      "properties": {
        "segment_id": 19,
        "start_stop": "12",
        "end_stop": "5",
        "bus": "35",
        "timestamps": [
          4860.0,
          4884.0,
          4908.0,
          4932.0,
          4956.0,
          4980.0
        ]
      },
      "geometry": {
        "type": "LineString",
        "coordinates": [
          [
            10.8968783,
            48.3803469
          ],
          [
            10.8977526,
            48.3797258
          ],
          [
            10.8993579,
            48.3791354
          ],
          [
            10.9005822,
            48.378552
          ],
          [
            10.9008481,
            48.3782479
          ],
          [
            10.900838,
            48.3776595
          ]
        ]
      }
    },
    {
      "type": "Feature",
      "properties": {
        "segment_id": 20,
        "start_stop": "5",
        "end_stop": "4",
        "bus": "35",
        "timestamps": [
          4980.0,
          5020.0,
          5060.0,
          5100.0
        ]
      },
      "geometry": {
        "type": "LineString",
        "coordinates": [
          [
            10.900838,
            48.3776595
          ],
          [
            10.9008727,
            48.3773288
          ],
          [
            10.9016068,
            48.3752363
          ],
          [
            10.901477,
            48.373513
          ]
        ]
      }
    },
    {
      "type": "Feature",
      "properties": {
        "segment_id": 21,
        "start_stop": "4",
        "end_stop": "10",
        "bus": "35",
        "timestamps": [
          5100.0,
          5130.0,
          5160.0,
          5190.0,
          5220.0
        ]
      },
      "geometry": {
        "type": "LineString",
        "coordinates": [
          [
            10.901477,
            48.373513
          ],
          [
            10.9013915,
            48.3729057
          ],
          [
            10.9011141,
            48.3722365
          ],
          [
            10.9011822,
            48.3718109
          ],
          [
            10.9010513,
            48.3710925
          ]
        ]
      }
    },
    {
      "type": "Feature",
      "properties": {
        "segment_id": 22,
        "start_stop": "10",
        "end_stop": "29",
        "bus": "35",
        "timestamps": [
          5220.0,
          5280.0,
          5340.0
        ]
      },
      "geometry": {
        "type": "LineString",
        "coordinates": [
          [
            10.9010513,
            48.3710925
          ],
          [
            10.9010366,
            48.3705127
          ],
          [
            10.9015244,
            48.3694616
          ]
        ]
      }
    },
    {
      "type": "Feature",
      "properties": {
        "segment_id": 23,
        "start_stop": "29",
        "end_stop": "2",
        "bus": "35",
        "timestamps": [
          5340.0,
          5370.0,
          5400.0,
          5430.0,
          5460.0
        ]
      },
      "geometry": {
        "type": "LineString",
        "coordinates": [
          [
            10.9015244,
            48.3694616
          ],
          [
            10.9026714,
            48.3680254
          ],
          [
            10.903423,
            48.3665919
          ],
          [
            10.9039637,
            48.3657491
          ],
          [
            10.9043622,
            48.3648363
          ]
        ]
      }
    },
    {
      "type": "Feature",
      "properties": {
        "segment_id": 24,
        "start_stop": "2",
        "end_stop": "22",
        "bus": "35",
        "timestamps": [
          5460.0,
          5500.0,
          5540.0,
          5580.0
        ]
      },
      "geometry": {
        "type": "LineString",
        "coordinates": [
          [
            10.9043622,
            48.3648363
          ],
          [
            10.9044677,
            48.3643404
          ],
          [
            10.9044808,
            48.3633132
          ],
          [
            10.904696,
            48.3626561
          ]
        ]
      }
    },
    {
      "type": "Feature",
      "properties": {
        "segment_id": 25,
        "start_stop": "22",
        "end_stop": "9",
        "bus": "35",
        "timestamps": [
          5580.0,
          5597.1429,
          5614.2857,
          5631.4286,
          5648.5714,
          5665.7143,
          5682.8571,
          5700.0
        ]
      },
      "geometry": {
        "type": "LineString",
        "coordinates": [
          [
            10.904696,
            48.3626561
          ],
          [
            10.9047953,
            48.3621494
          ],
          [
            10.9046626,
            48.3614046
          ],
          [
            10.9047869,
            48.3612352
          ],
          [
            10.9052763,
            48.3610691
          ],
          [
            10.905399,
            48.3609353
          ],
          [
            10.9059634,
            48.3592869
          ],
          [
            10.9057888,
            48.3590128
          ]
        ]
      }
    },
    {
      "type": "Feature",
      "properties": {
        "segment_id": 26,
        "start_stop": "9",
        "end_stop": "16",
        "bus": "35",
        "timestamps": [
          5700.0,
          5724.0,
          5748.0,
          5772.0,
          5796.0,
          5820.0
        ]
      },
      "geometry": {
        "type": "LineString",
        "coordinates": [
          [
            10.9057888,
            48.3590128
          ],
          [
            10.9049865,
            48.3585834
          ],
          [
            10.9042109,
            48.358396
          ],
          [
            10.902599,
            48.3586081
          ],
          [
            10.9023283,
            48.3587158
          ],
          [
            10.9022546,
            48.3588579
          ]
        ]
      }
    },
    {
      "type": "Feature",
      "properties": {
        "segment_id": 27,
        "start_stop": "16",
        "end_stop": "15",
        "bus": "35",
        "timestamps": [
          5820.0,
          5850.0,
          5880.0,
          5910.0,
          5940.0
        ]
      },
      "geometry": {
        "type": "LineString",
        "coordinates": [
          [
            10.9022546,
            48.3588579
          ],
          [
            10.9019036,
            48.3595923
          ],
          [
            10.9000472,
            48.3595383
          ],
          [
            10.8979415,
            48.3597078
          ],
          [
            10.8969963,
            48.3571993
          ]
        ]
      }
    },
    {
      "type": "Feature",
      "properties": {
        "segment_id": 28,
        "start_stop": "15",
        "end_stop": "14",
        "bus": "35",
        "timestamps": [
          5940.0,
          5980.0,
          6020.0,
          6060.0
        ]
      },
      "geometry": {
        "type": "LineString",
        "coordinates": [
          [
            10.8969963,
            48.3571993
          ],
          [
            10.8963797,
            48.35565
          ],
          [
            10.8985991,
            48.355517
          ],
          [
            10.8982286,
            48.3533833
          ]
        ]
      }
    },
    {
      "type": "Feature",
      "properties": {
        "segment_id": 29,
        "start_stop": "14",
        "end_stop": "27",
        "bus": "35",
        "timestamps": [
          6060.0,
          6120.0,
          6180.0
        ]
      },
      "geometry": {
        "type": "LineString",
        "coordinates": [
          [
            10.8982286,
            48.3533833
          ],
          [
            10.8981102,
            48.3527015
          ],
          [
            10.8923357,
            48.3532763
          ]
        ]
      }
    },
    {
      "type": "Feature",
      "properties": {
        "segment_id": 30,
        "start_stop": "27",
        "end_stop": "28",
        "bus": "35",
        "timestamps": [
          6180.0,
          6220.0,
          6260.0,
          6300.0
        ]
      },
      "geometry": {
        "type": "LineString",
        "coordinates": [
          [
            10.8923357,
            48.3532763
          ],
          [
            10.8908893,
            48.353411
          ],
          [
            10.8886674,
            48.3541534
          ],
          [
            10.887909,
            48.3529989
          ]
        ]
      }
    },
    {
      "type": "Feature",
      "properties": {
        "segment_id": 31,
        "start_stop": "28",
        "end_stop": "13",
        "bus": "35",
        "timestamps": [
          6300.0,
          6324.0,
          6348.0,
          6372.0,
          6396.0,
          6420.0
        ]
      },
      "geometry": {
        "type": "LineString",
        "coordinates": [
          [
            10.887909,
            48.3529989
          ],
          [
            10.8877008,
            48.3525775
          ],
          [
            10.8875362,
            48.3515252
          ],
          [
            10.8869367,
            48.3514451
          ],
          [
            10.8860397,
            48.3515089
          ],
          [
            10.885962,
            48.3488233
          ]
        ]
      }
    },
    {
      "type": "Feature",
      "properties": {
        "segment_id": 32,
        "start_stop": "13",
        "end_stop": "End",
        "bus": "35",
        "timestamps": [
          6420.0,
          6460.0,
          6500.0,
          6540.0
        ]
      },
      "geometry": {
        "type": "LineString",
        "coordinates": [
          [
            10.885962,
            48.3488233
          ],
          [
            10.8859199,
            48.3479539
          ],
          [
            10.8817117,
            48.3480098
          ],
          [
            10.879019,
            48.3481376
          ]
        ]
      }
    },
    {
      "type": "Feature",
      "properties": {
        "segment_id": 1,
        "start_stop": "Start",
        "end_stop": "1",
        "bus": "36",
        "timestamps": [
          2700.0,
          2724.0,
          2748.0,
          2772.0,
          2796.0,
          2820.0
        ]
      },
      "geometry": {
        "type": "LineString",
        "coordinates": [
          [
            10.9139437,
            48.3610002
          ],
          [
            10.9142906,
            48.361053
          ],
          [
            10.9156119,
            48.3609201
          ],
          [
            10.9157826,
            48.3610428
          ],
          [
            10.9159229,
            48.362045
          ],
          [
            10.9167793,
            48.3619986
          ]
        ]
      }
    },
    {
      "type": "Feature",
      "properties": {
        "segment_id": 2,
        "start_stop": "1",
        "end_stop": "4",
        "bus": "36",
        "timestamps": [
          2820.0,
          2880.0,
          2940.0
        ]
      },
      "geometry": {
        "type": "LineString",
        "coordinates": [
          [
            10.9167793,
            48.3619986
          ],
          [
            10.9206622,
            48.3618368
          ],
          [
            10.9220647,
            48.3620092
          ]
        ]
      }
    },
    {
      "type": "Feature",
      "properties": {
        "segment_id": 3,
        "start_stop": "4",
        "end_stop": "0",
        "bus": "36",
        "timestamps": [
          2940.0,
          2970.0,
          3000.0,
          3030.0,
          3060.0
        ]
      },
      "geometry": {
        "type": "LineString",
        "coordinates": [
          [
            10.9220647,
            48.3620092
          ],
          [
            10.9276464,
            48.363186
          ],
          [
            10.927793,
            48.3632009
          ],
          [
            10.9279083,
            48.363115
          ],
          [
            10.9280637,
            48.3627351
          ]
        ]
      }
    },
    {
      "type": "Feature",
      "properties": {
        "segment_id": 4,
        "start_stop": "0",
        "end_stop": "3",
        "bus": "36",
        "timestamps": [
          3060.0,
          3090.0,
          3120.0,
          3150.0,
          3180.0
        ]
      },
      "geometry": {
        "type": "LineString",
        "coordinates": [
          [
            10.9280637,
            48.3627351
          ],
          [
            10.9290713,
            48.3613003
          ],
          [
            10.9295637,
            48.3604421
          ],
          [
            10.9297695,
            48.3599347
          ],
          [
            10.9299376,
            48.3590044
          ]
        ]
      }
    },
    {
      "type": "Feature",
      "properties": {
        "segment_id": 5,
        "start_stop": "3",
        "end_stop": "2",
        "bus": "36",
        "timestamps": [
          3180.0,
          3220.0,
          3260.0,
          3300.0
        ]
      },
      "geometry": {
        "type": "LineString",
        "coordinates": [
          [
            10.9299376,
            48.3590044
          ],
          [
            10.929993,
            48.3571877
          ],
          [
            10.9305218,
            48.3563534
          ],
          [
            10.9306343,
            48.3556153
          ]
        ]
      }
    },
    {
      "type": "Feature",
      "properties": {
        "segment_id": 6,
        "start_stop": "2",
        "end_stop": "End",
        "bus": "36",
        "timestamps": [
          3300.0,
          3330.0,
          3360.0,
          3390.0,
          3420.0
        ]
      },
      "geometry": {
        "type": "LineString",
        "coordinates": [
          [
            10.9306343,
            48.3556153
          ],
          [
            10.9306483,
            48.3552432
          ],
          [
            10.9278104,
            48.3552232
          ],
          [
            10.9274276,
            48.355482
          ],
          [
            10.9273281,
            48.3558637
          ]
        ]
      }
    },
    {
      "type": "Feature",
      "properties": {
        "segment_id": 1,
        "start_stop": "Start",
        "end_stop": "7",
        "bus": "37",
        "timestamps": [
          2700.0,
          2724.0,
          2748.0,
          2772.0,
          2796.0,
          2820.0
        ]
      },
      "geometry": {
        "type": "LineString",
        "coordinates": [
          [
            10.9208234,
            48.3802724
          ],
          [
            10.9206211,
            48.3801364
          ],
          [
            10.9224589,
            48.3787062
          ],
          [
            10.9255901,
            48.3766455
          ],
          [
            10.923772,
            48.3753054
          ],
          [
            10.9245523,
            48.3750176
          ]
        ]
      }
    },
    {
      "type": "Feature",
      "properties": {
        "segment_id": 2,
        "start_stop": "7",
        "end_stop": "6",
        "bus": "37",
        "timestamps": [
          2820.0,
          2835.0,
          2850.0,
          2865.0,
          2880.0,
          2895.0,
          2910.0,
          2925.0,
          2940.0
        ]
      },
      "geometry": {
        "type": "LineString",
        "coordinates": [
          [
            10.9245523,
            48.3750176
          ],
          [
            10.9253351,
            48.3747324
          ],
          [
            10.9255264,
            48.3747309
          ],
          [
            10.9271155,
            48.3758286
          ],
          [
            10.9225743,
            48.3787871
          ],
          [
            10.9234989,
            48.3791765
          ],
          [
            10.9245013,
            48.3793359
          ],
          [
            10.9249285,
            48.3792871
          ],
          [
            10.9263468,
            48.3788877
          ]
        ]
      }
    },
    {
      "type": "Feature",
      "properties": {
        "segment_id": 3,
        "start_stop": "6",
        "end_stop": "5",
        "bus": "37",
        "timestamps": [
          2940.0,
          2964.0,
          2988.0,
          3012.0,
          3036.0,
          3060.0
        ]
      },
      "geometry": {
        "type": "LineString",
        "coordinates": [
          [
            10.9263468,
            48.3788877
          ],
          [
            10.9273877,
            48.3784823
          ],
          [
            10.9283909,
            48.3777067
          ],
          [
            10.9288866,
            48.3774545
          ],
          [
            10.9306187,
            48.3772489
          ],
          [
            10.9313331,
            48.3773372
          ]
        ]
      }
    },
    {
      "type": "Feature",
      "properties": {
        "segment_id": 4,
        "start_stop": "5",
        "end_stop": "4",
        "bus": "37",
        "timestamps": [
          3060.0,
          3120.0,
          3180.0
        ]
      },
      "geometry": {
        "type": "LineString",
        "coordinates": [
          [
            10.9313331,
            48.3773372
          ],
          [
            10.9333406,
            48.3778245
          ],
          [
            10.9348932,
            48.3779834
          ]
        ]
      }
    },
    {
      "type": "Feature",
      "properties": {
        "segment_id": 5,
        "start_stop": "4",
        "end_stop": "3",
        "bus": "37",
        "timestamps": [
          3180.0,
          3240.0,
          3300.0
        ]
      },
      "geometry": {
        "type": "LineString",
        "coordinates": [
          [
            10.9348932,
            48.3779834
          ],
          [
            10.9372422,
            48.3782033
          ],
          [
            10.9425056,
            48.3790661
          ]
        ]
      }
    },
    {
      "type": "Feature",
      "properties": {
        "segment_id": 6,
        "start_stop": "3",
        "end_stop": "2",
        "bus": "37",
        "timestamps": [
          3300.0,
          3420.0
        ]
      },
      "geometry": {
        "type": "LineString",
        "coordinates": [
          [
            10.9425056,
            48.3790661
          ],
          [
            10.9485394,
            48.3799889
          ]
        ]
      }
    },
    {
      "type": "Feature",
      "properties": {
        "segment_id": 7,
        "start_stop": "2",
        "end_stop": "End",
        "bus": "37",
        "timestamps": [
          3420.0,
          3460.0,
          3500.0,
          3540.0
        ]
      },
      "geometry": {
        "type": "LineString",
        "coordinates": [
          [
            10.9485394,
            48.3799889
          ],
          [
            10.9515007,
            48.3804276
          ],
          [
            10.9515523,
            48.3802732
          ],
          [
            10.9520065,
            48.3803086
          ]
        ]
      }
    },
    {
      "type": "Feature",
      "properties": {
        "segment_id": 1,
        "start_stop": "Start",
        "end_stop": "4",
        "bus": "41",
        "timestamps": [
          2700.0,
          2760.0,
          2820.0
        ]
      },
      "geometry": {
        "type": "LineString",
        "coordinates": [
          [
            10.8761727,
            48.3467664
          ],
          [
            10.8763008,
            48.3469071
          ],
          [
            10.8762146,
            48.3467568
          ]
        ]
      }
    },
    {
      "type": "Feature",
      "properties": {
        "segment_id": 2,
        "start_stop": "4",
        "end_stop": "4",
        "bus": "41",
        "timestamps": [
          2820.0,
          2860.0,
          2900.0,
          2940.0
        ]
      },
      "geometry": {
        "type": "LineString",
        "coordinates": [
          [
            10.8762146,
            48.3467568
          ],
          [
            10.8760763,
            48.3465225
          ],
          [
            10.8760132,
            48.3465371
          ],
          [
            10.8761727,
            48.3467664
          ]
        ]
      }
    },
    {
      "type": "Feature",
      "properties": {
        "segment_id": 3,
        "start_stop": "4",
        "end_stop": "4",
        "bus": "41",
        "timestamps": [
          2940.0,
          3060.0
        ]
      },
      "geometry": {
        "type": "LineString",
        "coordinates": [
          [
            10.8762146,
            48.3467568
          ],
          [
            10.8761727,
            48.3467664
          ]
        ]
      }
    },
    {
      "type": "Feature",
      "properties": {
        "segment_id": 4,
        "start_stop": "4",
        "end_stop": "12",
        "bus": "41",
        "timestamps": [
          3060.0,
          3180.0
        ]
      },
      "geometry": {
        "type": "LineString",
        "coordinates": [
          [
            10.8945895,
            48.3657248
          ],
          [
            10.8973794,
            48.360685
          ]
        ]
      }
    },
    {
      "type": "Feature",
      "properties": {
        "segment_id": 5,
        "start_stop": "12",
        "end_stop": "10",
        "bus": "41",
        "timestamps": [
          3180.0,
          3240.0,
          3300.0
        ]
      },
      "geometry": {
        "type": "LineString",
        "coordinates": [
          [
            10.8973794,
            48.360685
          ],
          [
            10.8979621,
            48.3597975
          ],
          [
            10.8969963,
            48.3571993
          ]
        ]
      }
    },
    {
      "type": "Feature",
      "properties": {
        "segment_id": 6,
        "start_stop": "10",
        "end_stop": "9",
        "bus": "41",
        "timestamps": [
          3300.0,
          3340.0,
          3380.0,
          3420.0
        ]
      },
      "geometry": {
        "type": "LineString",
        "coordinates": [
          [
            10.8969963,
            48.3571993
          ],
          [
            10.8963797,
            48.35565
          ],
          [
            10.8985991,
            48.355517
          ],
          [
            10.8982286,
            48.3533833
          ]
        ]
      }
    },
    {
      "type": "Feature",
      "properties": {
        "segment_id": 7,
        "start_stop": "9",
        "end_stop": "18",
        "bus": "41",
        "timestamps": [
          3420.0,
          3540.0
        ]
      },
      "geometry": {
        "type": "LineString",
        "coordinates": [
          [
            10.8982286,
            48.3533833
          ],
          [
            10.8979916,
            48.3520864
          ]
        ]
      }
    },
    {
      "type": "Feature",
      "properties": {
        "segment_id": 8,
        "start_stop": "18",
        "end_stop": "2",
        "bus": "41",
        "timestamps": [
          3540.0,
          3580.0,
          3620.0,
          3660.0
        ]
      },
      "geometry": {
        "type": "LineString",
        "coordinates": [
          [
            10.8979916,
            48.3520864
          ],
          [
            10.8978074,
            48.3512064
          ],
          [
            10.8973128,
            48.350228
          ],
          [
            10.8971064,
            48.3492737
          ]
        ]
      }
    },
    {
      "type": "Feature",
      "properties": {
        "segment_id": 9,
        "start_stop": "2",
        "end_stop": "3",
        "bus": "41",
        "timestamps": [
          3660.0,
          3690.0,
          3720.0,
          3750.0,
          3780.0
        ]
      },
      "geometry": {
        "type": "LineString",
        "coordinates": [
          [
            10.8971064,
            48.3492737
          ],
          [
            10.8969653,
            48.34894
          ],
          [
            10.896102,
            48.3476831
          ],
          [
            10.8958459,
            48.34687
          ],
          [
            10.895771,
            48.3463523
          ]
        ]
      }
    },
    {
      "type": "Feature",
      "properties": {
        "segment_id": 10,
        "start_stop": "3",
        "end_stop": "1",
        "bus": "41",
        "timestamps": [
          3780.0,
          3840.0,
          3900.0
        ]
      },
      "geometry": {
        "type": "LineString",
        "coordinates": [
          [
            10.895771,
            48.3463523
          ],
          [
            10.8958055,
            48.3456112
          ],
          [
            10.8960812,
            48.3447057
          ]
        ]
      }
    },
    {
      "type": "Feature",
      "properties": {
        "segment_id": 11,
        "start_stop": "1",
        "end_stop": "15",
        "bus": "41",
        "timestamps": [
          3900.0,
          3913.3333,
          3926.6667,
          3940.0,
          3953.3333,
          3966.6667,
          3980.0,
          3993.3333,
          4006.6667,
          4020.0
        ]
      },
      "geometry": {
        "type": "LineString",
        "coordinates": [
          [
            10.8960812,
            48.3447057
          ],
          [
            10.8960551,
            48.3443165
          ],
          [
            10.8959084,
            48.343994
          ],
          [
            10.8957391,
            48.3437283
          ],
          [
            10.8954532,
            48.3435021
          ],
          [
            10.894834,
            48.3433258
          ],
          [
            10.894104,
            48.3435277
          ],
          [
            10.8939031,
            48.3428049
          ],
          [
            10.8936194,
            48.3426386
          ],
          [
            10.8939289,
            48.3423643
          ]
        ]
      }
    },
    {
      "type": "Feature",
      "properties": {
        "segment_id": 12,
        "start_stop": "15",
        "end_stop": "16",
        "bus": "41",
        "timestamps": [
          4020.0,
          4050.0,
          4080.0,
          4110.0,
          4140.0
        ]
      },
      "geometry": {
        "type": "LineString",
        "coordinates": [
          [
            10.8939289,
            48.3423643
          ],
          [
            10.8944866,
            48.3418677
          ],
          [
            10.8955886,
            48.3418183
          ],
          [
            10.895668,
            48.3416687
          ],
          [
            10.8955547,
            48.3414961
          ]
        ]
      }
    },
    {
      "type": "Feature",
      "properties": {
        "segment_id": 13,
        "start_stop": "16",
        "end_stop": "0",
        "bus": "41",
        "timestamps": [
          4140.0,
          4152.0,
          4164.0,
          4176.0,
          4188.0,
          4200.0,
          4212.0,
          4224.0,
          4236.0,
          4248.0,
          4260.0
        ]
      },
      "geometry": {
        "type": "LineString",
        "coordinates": [
          [
            10.8955547,
            48.3414961
          ],
          [
            10.8951566,
            48.3412586
          ],
          [
            10.8951369,
            48.3410302
          ],
          [
            10.8949894,
            48.3408721
          ],
          [
            10.8950792,
            48.3403239
          ],
          [
            10.8954647,
            48.3400296
          ],
          [
            10.8957859,
            48.3399376
          ],
          [
            10.8964318,
            48.3399046
          ],
          [
            10.8968575,
            48.3397477
          ],
          [
            10.8994467,
            48.339744
          ],
          [
            10.899094,
            48.3381123
          ]
        ]
      }
    },
    {
      "type": "Feature",
      "properties": {
        "segment_id": 14,
        "start_stop": "0",
        "end_stop": "17",
        "bus": "41",
        "timestamps": [
          4260.0,
          4320.0,
          4380.0
        ]
      },
      "geometry": {
        "type": "LineString",
        "coordinates": [
          [
            10.899094,
            48.3381123
          ],
          [
            10.899014,
            48.3375342
          ],
          [
            10.8950803,
            48.3377565
          ]
        ]
      }
    },
    {
      "type": "Feature",
      "properties": {
        "segment_id": 15,
        "start_stop": "17",
        "end_stop": "5",
        "bus": "41",
        "timestamps": [
          4380.0,
          4500.0
        ]
      },
      "geometry": {
        "type": "LineString",
        "coordinates": [
          [
            10.8950803,
            48.3377565
          ],
          [
            10.8860713,
            48.3378041
          ]
        ]
      }
    },
    {
      "type": "Feature",
      "properties": {
        "segment_id": 16,
        "start_stop": "5",
        "end_stop": "8",
        "bus": "41",
        "timestamps": [
          4500.0,
          4620.0
        ]
      },
      "geometry": {
        "type": "LineString",
        "coordinates": [
          [
            10.8860713,
            48.3378041
          ],
          [
            10.8811007,
            48.3377402
          ]
        ]
      }
    },
    {
      "type": "Feature",
      "properties": {
        "segment_id": 17,
        "start_stop": "8",
        "end_stop": "7",
        "bus": "41",
        "timestamps": [
          4620.0,
          4644.0,
          4668.0,
          4692.0,
          4716.0,
          4740.0
        ]
      },
      "geometry": {
        "type": "LineString",
        "coordinates": [
          [
            10.8811007,
            48.3377402
          ],
          [
            10.8794314,
            48.3377094
          ],
          [
            10.8790168,
            48.3357234
          ],
          [
            10.8787875,
            48.3356204
          ],
          [
            10.8779962,
            48.3355722
          ],
          [
            10.8776197,
            48.3350928
          ]
        ]
      }
    },
    {
      "type": "Feature",
      "properties": {
        "segment_id": 18,
        "start_stop": "7",
        "end_stop": "20",
        "bus": "41",
        "timestamps": [
          4740.0,
          4760.0,
          4780.0,
          4800.0,
          4820.0,
          4840.0,
          4860.0
        ]
      },
      "geometry": {
        "type": "LineString",
        "coordinates": [
          [
            10.8776197,
            48.3350928
          ],
          [
            10.87708,
            48.3342569
          ],
          [
            10.877138,
            48.334171
          ],
          [
            10.8769865,
            48.334121
          ],
          [
            10.8762157,
            48.332987
          ],
          [
            10.875513,
            48.3329262
          ],
          [
            10.8750858,
            48.3325702
          ]
        ]
      }
    },
    {
      "type": "Feature",
      "properties": {
        "segment_id": 19,
        "start_stop": "20",
        "end_stop": "14",
        "bus": "41",
        "timestamps": [
          4860.0,
          4875.0,
          4890.0,
          4905.0,
          4920.0,
          4935.0,
          4950.0,
          4965.0,
          4980.0
        ]
      },
      "geometry": {
        "type": "LineString",
        "coordinates": [
          [
            10.8750858,
            48.3325702
          ],
          [
            10.8743541,
            48.33183
          ],
          [
            10.8743852,
            48.3317331
          ],
          [
            10.8742451,
            48.3317095
          ],
          [
            10.8732276,
            48.3307402
          ],
          [
            10.8725136,
            48.3312063
          ],
          [
            10.8714772,
            48.3321956
          ],
          [
            10.8706867,
            48.332573
          ],
          [
            10.871666,
            48.333591
          ]
        ]
      }
    },
    {
      "type": "Feature",
      "properties": {
        "segment_id": 20,
        "start_stop": "14",
        "end_stop": "19",
        "bus": "41",
        "timestamps": [
          4980.0,
          5000.0,
          5020.0,
          5040.0,
          5060.0,
          5080.0,
          5100.0
        ]
      },
      "geometry": {
        "type": "LineString",
        "coordinates": [
          [
            10.871666,
            48.333591
          ],
          [
            10.872254,
            48.3343528
          ],
          [
            10.8729429,
            48.335564
          ],
          [
            10.8733364,
            48.3366348
          ],
          [
            10.8735418,
            48.3377643
          ],
          [
            10.8758946,
            48.3376866
          ],
          [
            10.8760134,
            48.3380592
          ]
        ]
      }
    },
    {
      "type": "Feature",
      "properties": {
        "segment_id": 21,
        "start_stop": "19",
        "end_stop": "13",
        "bus": "41",
        "timestamps": [
          5100.0,
          5220.0
        ]
      },
      "geometry": {
        "type": "LineString",
        "coordinates": [
          [
            10.8760134,
            48.3380592
          ],
          [
            10.8779655,
            48.3421643
          ]
        ]
      }
    },
    {
      "type": "Feature",
      "properties": {
        "segment_id": 22,
        "start_stop": "13",
        "end_stop": "4",
        "bus": "41",
        "timestamps": [
          5220.0,
          5240.0,
          5260.0,
          5280.0,
          5300.0,
          5320.0,
          5340.0
        ]
      },
      "geometry": {
        "type": "LineString",
        "coordinates": [
          [
            10.8779655,
            48.3421643
          ],
          [
            10.8784503,
            48.3432633
          ],
          [
            10.8745243,
            48.3432927
          ],
          [
            10.8747169,
            48.3439975
          ],
          [
            10.8750124,
            48.3444915
          ],
          [
            10.8752677,
            48.3452175
          ],
          [
            10.8761301,
            48.3465477
          ]
        ]
      }
    },
    {
      "type": "Feature",
      "properties": {
        "segment_id": 23,
        "start_stop": "4",
        "end_stop": "11",
        "bus": "41",
        "timestamps": [
          5340.0,
          5352.0,
          5364.0,
          5376.0,
          5388.0,
          5400.0,
          5412.0,
          5424.0,
          5436.0,
          5448.0,
          5460.0
        ]
      },
      "geometry": {
        "type": "LineString",
        "coordinates": [
          [
            10.8761301,
            48.3465477
          ],
          [
            10.8773572,
            48.3490111
          ],
          [
            10.8785912,
            48.3506473
          ],
          [
            10.8787323,
            48.3507023
          ],
          [
            10.8796756,
            48.3504806
          ],
          [
            10.8825249,
            48.3503447
          ],
          [
            10.8827095,
            48.3502939
          ],
          [
            10.8828942,
            48.3500915
          ],
          [
            10.8829395,
            48.3496397
          ],
          [
            10.8828633,
            48.3479933
          ],
          [
            10.879019,
            48.3481376
          ]
        ]
      }
    },
    {
      "type": "Feature",
      "properties": {
        "segment_id": 24,
        "start_stop": "11",
        "end_stop": "6",
        "bus": "41",
        "timestamps": [
          5460.0,
          5580.0
        ]
      },
      "geometry": {
        "type": "LineString",
        "coordinates": [
          [
            10.8949559,
            48.365184
          ],
          [
            10.8946198,
            48.3657934
          ]
        ]
      }
    },
    {
      "type": "Feature",
      "properties": {
        "segment_id": 25,
        "start_stop": "6",
        "end_stop": "5",
        "bus": "41",
        "timestamps": [
          5580.0,
          5620.0,
          5660.0,
          5700.0
        ]
      },
      "geometry": {
        "type": "LineString",
        "coordinates": [
          [
            10.8860828,
            48.3377551
          ],
          [
            10.8857128,
            48.3377525
          ],
          [
            10.8860818,
            48.3376985
          ],
          [
            10.8860828,
            48.3377551
          ]
        ]
      }
    },
    {
      "type": "Feature",
      "properties": {
        "segment_id": 26,
        "start_stop": "5",
        "end_stop": "End",
        "bus": "41",
        "timestamps": [
          5700.0,
          5760.0,
          5820.0
        ]
      },
      "geometry": {
        "type": "LineString",
        "coordinates": [
          [
            10.897351,
            48.3607963
          ],
          [
            10.8978793,
            48.3599837
          ],
          [
            10.897351,
            48.3607963
          ]
        ]
      }
    },
    {
      "type": "Feature",
      "properties": {
        "segment_id": 1,
        "start_stop": "Start",
        "end_stop": "6",
        "bus": "42",
        "timestamps": [
          2700.0,
          2730.0,
          2760.0,
          2790.0,
          2820.0
        ]
      },
      "geometry": {
        "type": "LineString",
        "coordinates": [
          [
            10.8763266,
            48.346882
          ],
          [
            10.8773572,
            48.3490111
          ],
          [
            10.8777902,
            48.3495503
          ],
          [
            10.8780421,
            48.3497324
          ],
          [
            10.8773335,
            48.3500011
          ]
        ]
      }
    },
    {
      "type": "Feature",
      "properties": {
        "segment_id": 2,
        "start_stop": "6",
        "end_stop": "2",
        "bus": "42",
        "timestamps": [
          2820.0,
          2880.0,
          2940.0
        ]
      },
      "geometry": {
        "type": "LineString",
        "coordinates": [
          [
            10.8773335,
            48.3500011
          ],
          [
            10.8764028,
            48.3503071
          ],
          [
            10.8740332,
            48.35042
          ]
        ]
      }
    },
    {
      "type": "Feature",
      "properties": {
        "segment_id": 3,
        "start_stop": "2",
        "end_stop": "3",
        "bus": "42",
        "timestamps": [
          2940.0,
          2945.7143,
          2951.4286,
          2957.1429,
          2962.8571,
          2968.5714,
          2974.2857,
          2980.0,
          2985.7143,
          2991.4286,
          2997.1429,
          3002.8571,
          3008.5714,
          3014.2857,
          3020.0,
          3025.7143,
          3031.4286,
          3037.1429,
          3042.8571,
          3048.5714,
          3054.2857,
          3060.0
        ]
      },
      "geometry": {
        "type": "LineString",
        "coordinates": [
          [
            10.8740332,
            48.35042
          ],
          [
            10.8734331,
            48.350451
          ],
          [
            10.8731566,
            48.3498306
          ],
          [
            10.8720229,
            48.3480779
          ],
          [
            10.8720216,
            48.3479551
          ],
          [
            10.8711335,
            48.3481617
          ],
          [
            10.8686203,
            48.3485398
          ],
          [
            10.8635921,
            48.3500035
          ],
          [
            10.8613541,
            48.3507728
          ],
          [
            10.8554488,
            48.3531799
          ],
          [
            10.8535232,
            48.3542575
          ],
          [
            10.8524793,
            48.3550325
          ],
          [
            10.851495,
            48.3561786
          ],
          [
            10.851189,
            48.3567264
          ],
          [
            10.8509972,
            48.357289
          ],
          [
            10.8509311,
            48.3577884
          ],
          [
            10.8509679,
            48.3583487
          ],
          [
            10.852206,
            48.360432
          ],
          [
            10.8524995,
            48.3604355
          ],
          [
            10.852794,
            48.3603227
          ],
          [
            10.8527763,
            48.3598594
          ],
          [
            10.8537635,
            48.3597933
          ]
        ]
      }
    },
    {
      "type": "Feature",
      "properties": {
        "segment_id": 4,
        "start_stop": "3",
        "end_stop": "7",
        "bus": "42",
        "timestamps": [
          3060.0,
          3100.0,
          3140.0,
          3180.0
        ]
      },
      "geometry": {
        "type": "LineString",
        "coordinates": [
          [
            10.8537635,
            48.3597933
          ],
          [
            10.8552001,
            48.3597003
          ],
          [
            10.8552014,
            48.3593436
          ],
          [
            10.8547964,
            48.3569975
          ]
        ]
      }
    },
    {
      "type": "Feature",
      "properties": {
        "segment_id": 5,
        "start_stop": "7",
        "end_stop": "1",
        "bus": "42",
        "timestamps": [
          3180.0,
          3190.9091,
          3201.8182,
          3212.7273,
          3223.6364,
          3234.5455,
          3245.4545,
          3256.3636,
          3267.2727,
          3278.1818,
          3289.0909,
          3300.0
        ]
      },
      "geometry": {
        "type": "LineString",
        "coordinates": [
          [
            10.8547964,
            48.3569975
          ],
          [
            10.8545304,
            48.3548569
          ],
          [
            10.8546085,
            48.3547032
          ],
          [
            10.8551155,
            48.3543939
          ],
          [
            10.8550556,
            48.35427
          ],
          [
            10.8551397,
            48.3541725
          ],
          [
            10.8554014,
            48.3541625
          ],
          [
            10.8555081,
            48.3543015
          ],
          [
            10.8558402,
            48.3542715
          ],
          [
            10.8564452,
            48.3539236
          ],
          [
            10.8568406,
            48.3538755
          ],
          [
            10.8592213,
            48.3546539
          ]
        ]
      }
    },
    {
      "type": "Feature",
      "properties": {
        "segment_id": 6,
        "start_stop": "1",
        "end_stop": "5",
        "bus": "42",
        "timestamps": [
          3300.0,
          3360.0,
          3420.0
        ]
      },
      "geometry": {
        "type": "LineString",
        "coordinates": [
          [
            10.8592213,
            48.3546539
          ],
          [
            10.8610839,
            48.3552802
          ],
          [
            10.8620922,
            48.3560873
          ]
        ]
      }
    },
    {
      "type": "Feature",
      "properties": {
        "segment_id": 7,
        "start_stop": "5",
        "end_stop": "4",
        "bus": "42",
        "timestamps": [
          3420.0,
          3540.0
        ]
      },
      "geometry": {
        "type": "LineString",
        "coordinates": [
          [
            10.8620922,
            48.3560873
          ],
          [
            10.864724,
            48.3580976
          ]
        ]
      }
    },
    {
      "type": "Feature",
      "properties": {
        "segment_id": 8,
        "start_stop": "4",
        "end_stop": "End",
        "bus": "42",
        "timestamps": [
          3540.0,
          3553.3333,
          3566.6667,
          3580.0,
          3593.3333,
          3606.6667,
          3620.0,
          3633.3333,
          3646.6667,
          3660.0
        ]
      },
      "geometry": {
        "type": "LineString",
        "coordinates": [
          [
            10.864724,
            48.3580976
          ],
          [
            10.8664848,
            48.3593128
          ],
          [
            10.8680308,
            48.3601354
          ],
          [
            10.8682092,
            48.3605794
          ],
          [
            10.8683157,
            48.3615716
          ],
          [
            10.8671318,
            48.3613968
          ],
          [
            10.8670506,
            48.3614708
          ],
          [
            10.8670185,
            48.3617758
          ],
          [
            10.8672604,
            48.3624166
          ],
          [
            10.8680289,
            48.3623692
          ]
        ]
      }
    },
    {
      "type": "Feature",
      "properties": {
        "segment_id": 1,
        "start_stop": "Start",
        "end_stop": "2",
        "bus": "43",
        "timestamps": [
          2700.0,
          2724.0,
          2748.0,
          2772.0,
          2796.0,
          2820.0
        ]
      },
      "geometry": {
        "type": "LineString",
        "coordinates": [
          [
            10.8901929,
            48.3514296
          ],
          [
            10.8902582,
            48.3518499
          ],
          [
            10.8925021,
            48.3516652
          ],
          [
            10.8927171,
            48.3532494
          ],
          [
            10.8981102,
            48.3527015
          ],
          [
            10.8982286,
            48.3533833
          ]
        ]
      }
    },
    {
      "type": "Feature",
      "properties": {
        "segment_id": 2,
        "start_stop": "2",
        "end_stop": "3",
        "bus": "43",
        "timestamps": [
          2820.0,
          2860.0,
          2900.0,
          2940.0
        ]
      },
      "geometry": {
        "type": "LineString",
        "coordinates": [
          [
            10.8982286,
            48.3533833
          ],
          [
            10.8985991,
            48.355517
          ],
          [
            10.8963797,
            48.35565
          ],
          [
            10.8969963,
            48.3571993
          ]
        ]
      }
    },
    {
      "type": "Feature",
      "properties": {
        "segment_id": 3,
        "start_stop": "3",
        "end_stop": "4",
        "bus": "43",
        "timestamps": [
          2940.0,
          3000.0,
          3060.0
        ]
      },
      "geometry": {
        "type": "LineString",
        "coordinates": [
          [
            10.8969963,
            48.3571993
          ],
          [
            10.8979621,
            48.3597975
          ],
          [
            10.8973794,
            48.360685
          ]
        ]
      }
    },
    {
      "type": "Feature",
      "properties": {
        "segment_id": 4,
        "start_stop": "4",
        "end_stop": "6",
        "bus": "43",
        "timestamps": [
          3060.0,
          3100.0,
          3140.0,
          3180.0
        ]
      },
      "geometry": {
        "type": "LineString",
        "coordinates": [
          [
            10.8973794,
            48.360685
          ],
          [
            10.8949858,
            48.3649979
          ],
          [
            10.8947155,
            48.3651306
          ],
          [
            10.8941272,
            48.365152
          ]
        ]
      }
    },
    {
      "type": "Feature",
      "properties": {
        "segment_id": 5,
        "start_stop": "6",
        "end_stop": "1",
        "bus": "43",
        "timestamps": [
          3180.0,
          3220.0,
          3260.0,
          3300.0
        ]
      },
      "geometry": {
        "type": "LineString",
        "coordinates": [
          [
            10.8941272,
            48.365152
          ],
          [
            10.8935083,
            48.3650358
          ],
          [
            10.8929626,
            48.3650299
          ],
          [
            10.8881204,
            48.36548
          ]
        ]
      }
    },
    {
      "type": "Feature",
      "properties": {
        "segment_id": 6,
        "start_stop": "1",
        "end_stop": "End",
        "bus": "43",
        "timestamps": [
          3300.0,
          3324.0,
          3348.0,
          3372.0,
          3396.0,
          3420.0
        ]
      },
      "geometry": {
        "type": "LineString",
        "coordinates": [
          [
            10.8881204,
            48.36548
          ],
          [
            10.8879492,
            48.3655131
          ],
          [
            10.8877702,
            48.3656787
          ],
          [
            10.8858772,
            48.3677034
          ],
          [
            10.886556,
            48.368316
          ],
          [
            10.8880256,
            48.3691016
          ]
        ]
      }
    }
  ]
}